<Context docBase="${catalina.home}/wars/smartbear-ccollab-server.war" path="" privileged="true" reloadable="false">
	<Valve className="com.smartbear.ccollab.auth.AuthTicketValve" collabDbJndiName="/jdbc/collabserver"/>
	
	<Valve characterEncoding="UTF-8" className="org.apache.catalina.authenticator.FormAuthenticator"/>

	<Resource driverClassName="com.mysql.jdbc.Driver" factory="org.apache.tomcat.jdbc.pool.DataSourceFactory" maxIdle="20" maxTotal="100" maxWaitMillis="10000" name="/jdbc/collabserver" password="" scope="Sharable" type="javax.sql.DataSource" url="jdbc:mysql://localhost:3306/collab?useServerPrepStmts=false&amp;useUnicode=true&amp;characterEncoding=UTF-8&amp;autoReconnect=true" username="root" validationQuery="SELECT 1"/>
	<Realm allRolesMode="strictAuthOnly" className="org.apache.catalina.realm.DataSourceRealm" dataSourceName="/jdbc/collabserver" localDataSource="true" roleNameCol="user_admin" userCredCol="user_password" userNameCol="user_login" userRoleTable="user" userTable="user">
<CredentialHandler algorithm="md5" className="org.apache.catalina.realm.MessageDigestCredentialHandler"/>
</Realm>

	<Parameter description="Is the Code Collaborator database used for authentication?" name="collaborator-authentication" override="false" value="true"/>
	<Parameter description="Should older, less secure, clients be allowed to connect to the Code Collaborator server." name="client-compatibility" override="false" value="false"/>
	<Parameter description="The name of the Code Collaborator system administrator who is always allowed to log in." name="system-administrator" override="false" value="admin"/>
	<Parameter description="Directory (relative to tomcat) where Code Collaborator caches file contents." name="content-cache" override="false" value="collaborator-content-cache"/>
	<Parameter description="Full path to migration/backup database to restore" name="database-migration-data-path" override="false" value="/home/collab/ccollab-dump.zip"/>
<JarScanner scanClassPath="false"/>
<Loader delegate="true"/>
<Resources className="org.apache.catalina.webresources.StandardRoot">
<JarResources base="${catalina.base}/shared_lib" className="org.apache.catalina.webresources.DirResourceSet" webAppMount="/WEB-INF/lib"/>
<JarResources base="${catalina.home}/shared_lib" className="org.apache.catalina.webresources.DirResourceSet" webAppMount="/WEB-INF/lib"/>
</Resources>
</Context>
