<?xml version="1.1"?>
<table name="com.smartbear.ccollab.datamodel.RemoteSystemReviewTemplateRelationData" nrows="37" ncols="5">
	<columns>
		<column name="reviewTemplateId" type="int" />
		<column name="autoCreateDefect" type="char" />
		<column name="id" type="int" />
		<column name="defaultProject" type="string" />
		<column name="remoteSystemId" type="int" />
	</columns>
	<rows>
		<row reviewTemplateId="88" autoCreateDefect="N" id="1" defaultProject="WEB" remoteSystemId="35" />
		<row reviewTemplateId="89" autoCreateDefect="N" id="3" defaultProject="COLLAB" remoteSystemId="35" />
		<row reviewTemplateId="90" autoCreateDefect="N" id="5" defaultProject="COLLAB" remoteSystemId="35" />
		<row reviewTemplateId="91" autoCreateDefect="N" id="7" defaultProject="WEB" remoteSystemId="35" />
		<row reviewTemplateId="92" autoCreateDefect="N" id="9" defaultProject="WEB" remoteSystemId="35" />
		<row reviewTemplateId="93" autoCreateDefect="N" id="11" defaultProject="WEB" remoteSystemId="35" />
		<row reviewTemplateId="94" autoCreateDefect="N" id="13" defaultProject="WEB" remoteSystemId="35" />
		<row reviewTemplateId="95" autoCreateDefect="N" id="15" defaultProject="WEB" remoteSystemId="35" />
		<row reviewTemplateId="96" autoCreateDefect="N" id="17" defaultProject="WEB" remoteSystemId="35" />
		<row reviewTemplateId="97" autoCreateDefect="Y" id="19" defaultProject="COLLAB" remoteSystemId="35" />
		<row reviewTemplateId="98" autoCreateDefect="Y" id="21" defaultProject="COLLAB" remoteSystemId="35" />
		<row reviewTemplateId="99" autoCreateDefect="Y" id="23" defaultProject="COLLAB" remoteSystemId="35" />
		<row reviewTemplateId="100" autoCreateDefect="Y" id="25" defaultProject="COLLAB" remoteSystemId="35" />
		<row reviewTemplateId="101" autoCreateDefect="Y" id="27" defaultProject="COLLAB" remoteSystemId="35" />
		<row reviewTemplateId="102" autoCreateDefect="N" id="29" defaultProject="COLLAB" remoteSystemId="35" />
		<row reviewTemplateId="103" autoCreateDefect="Y" id="31" defaultProject="COLLAB" remoteSystemId="35" />
		<row reviewTemplateId="104" autoCreateDefect="N" id="33" defaultProject="WEB" remoteSystemId="35" />
		<row reviewTemplateId="105" autoCreateDefect="N" id="35" defaultProject="WEB" remoteSystemId="35" />
		<row reviewTemplateId="64" autoCreateDefect="N" id="37" defaultProject="WEB" remoteSystemId="35" />
		<row reviewTemplateId="106" autoCreateDefect="N" id="39" defaultProject="WEB" remoteSystemId="35" />
		<row reviewTemplateId="107" autoCreateDefect="N" id="41" defaultProject="WEB" remoteSystemId="35" />
		<row reviewTemplateId="108" autoCreateDefect="N" id="43" defaultProject="WEB" remoteSystemId="35" />
		<row reviewTemplateId="109" autoCreateDefect="N" id="45" defaultProject="WEB" remoteSystemId="35" />
		<row reviewTemplateId="110" autoCreateDefect="N" id="47" defaultProject="WEB" remoteSystemId="35" />
		<row reviewTemplateId="111" autoCreateDefect="N" id="49" defaultProject="WEB" remoteSystemId="35" />
		<row reviewTemplateId="112" autoCreateDefect="N" id="51" defaultProject="WEB" remoteSystemId="35" />
		<row reviewTemplateId="113" autoCreateDefect="N" id="53" defaultProject="WEB" remoteSystemId="35" />
		<row reviewTemplateId="114" autoCreateDefect="N" id="55" defaultProject="WEB" remoteSystemId="35" />
		<row reviewTemplateId="115" autoCreateDefect="N" id="57" defaultProject="WEB" remoteSystemId="35" />
		<row reviewTemplateId="116" autoCreateDefect="N" id="59" defaultProject="WEB" remoteSystemId="35" />
		<row reviewTemplateId="117" autoCreateDefect="N" id="61" defaultProject="COLLAB" remoteSystemId="35" />
		<row reviewTemplateId="118" autoCreateDefect="N" id="63" defaultProject="COLLAB" remoteSystemId="35" />
		<row reviewTemplateId="119" autoCreateDefect="N" id="65" defaultProject="WEB" remoteSystemId="35" />
		<row reviewTemplateId="120" autoCreateDefect="N" id="67" defaultProject="WEB" remoteSystemId="35" />
		<row reviewTemplateId="121" autoCreateDefect="N" id="69" defaultProject="WEB" remoteSystemId="35" />
		<row reviewTemplateId="122" autoCreateDefect="N" id="71" defaultProject="COLLAB" remoteSystemId="35" />
		<row reviewTemplateId="123" autoCreateDefect="N" id="73" defaultProject="COLLAB" remoteSystemId="35" />
	</rows>
</table>