<?xml version="1.1"?>
<table name="com.smartbear.ccollab.datamodel.ActivityData" nrows="11" ncols="7">
	<columns>
		<column name="startSecs" type="int" />
		<column name="code" type="char" />
		<column name="durationSecs" type="int" />
		<column name="id" type="int" />
		<column name="reviewId" type="int" />
		<column name="userId" type="int" />
		<column name="startDate" type="date" />
	</columns>
	<rows>
		<row startSecs="1545150951" code="P" durationSecs="5" id="100299" reviewId="14098" userId="152" startDate="2018-12-18T16:35:51UTC" />
		<row startSecs="1545152008" code="R" durationSecs="172" id="100301" reviewId="14098" userId="138" startDate="2018-12-18T16:53:28UTC" />
		<row startSecs="1545153034" code="R" durationSecs="5" id="100302" reviewId="14098" userId="138" startDate="2018-12-18T17:10:34UTC" />
		<row startSecs="1545154065" code="P" durationSecs="5" id="100305" reviewId="14098" userId="347" startDate="2018-12-18T17:27:45UTC" />
		<row startSecs="1545156971" code="A" durationSecs="5" id="100313" reviewId="14098" userId="152" startDate="2018-12-18T18:16:11UTC" />
		<row startSecs="1545198374" code="R" durationSecs="1125" id="100318" reviewId="14098" userId="138" startDate="2018-12-19T05:46:14UTC" />
		<row startSecs="1545204715" code="P" durationSecs="147" id="100321" reviewId="14098" userId="137" startDate="2018-12-19T07:31:55UTC" />
		<row startSecs="1545206373" code="P" durationSecs="83" id="100328" reviewId="14098" userId="137" startDate="2018-12-19T07:59:33UTC" />
		<row startSecs="1545211980" code="A" durationSecs="105" id="100336" reviewId="14098" userId="152" startDate="2018-12-19T09:33:00UTC" />
		<row startSecs="1545212117" code="P" durationSecs="5" id="100338" reviewId="14098" userId="137" startDate="2018-12-19T09:35:17UTC" />
		<row startSecs="1545216585" code="R" durationSecs="5" id="100346" reviewId="14098" userId="138" startDate="2018-12-19T10:49:45UTC" />
	</rows>
</table>