<?xml version="1.1"?>
<table name="com.smartbear.ccollab.datamodel.MetaDataValueStringBigData" nrows="31" ncols="5">
	<columns>
		<column name="targetId" type="int" />
		<column name="id" type="int" />
		<column name="userId" type="int" />
		<column name="value" type="string" />
		<column name="fieldId" type="int" />
	</columns>
	<rows>
		<row targetId="0" id="519" userId="0" value="" fieldId="94" />
		<row targetId="0" id="520" userId="0" value="" fieldId="101" />
		<row targetId="0" id="696" userId="0" value="" fieldId="128" />
		<row targetId="0" id="706" userId="0" value="AEB4-E101-4D55-03A8-2B6A-F68E-2B3F-6D85" fieldId="124" />
		<row targetId="0" id="1357" userId="0" value="" fieldId="143" />
		<row targetId="0" id="1380" userId="0" value="/usr/local/bin/ccollab&#10;--url&#10;http://collab.aus.smartbear.com&#10;--user&#10;admin&#10;--password&#10;&quot;98hsad213890hs&quot;&#10;--non-interactive&#10;admin&#10;review&#10;annotate&#10;${review.id}" fieldId="71" />
		<row targetId="0" id="1832" userId="0" value="" fieldId="147" />
		<row targetId="0" id="2752" userId="0" value="*.gif,*.jpg,*.jpeg,*.png,*.bmp,*.svg" fieldId="181" />
		<row targetId="0" id="5025" userId="0" value="" fieldId="227" />
		<row targetId="0" id="5204" userId="0" value="Change No Longer Relevant&#10;Change Package Denied&#10;No Reason" fieldId="232" />
		<row targetId="0" id="5705" userId="0" value="" fieldId="239" />
		<row targetId="0" id="5714" userId="0" value="" fieldId="243" />
		<row targetId="0" id="5890" userId="0" value="fdhdfghfghfgh" fieldId="250" />
		<row targetId="0" id="5944" userId="0" value="" fieldId="53" />
		<row targetId="0" id="6060" userId="0" value="dsfsdfds" fieldId="254" />
		<row targetId="0" id="7081" userId="0" value="" fieldId="72" />
		<row targetId="0" id="7093" userId="0" value="" fieldId="73" />
		<row targetId="0" id="7095" userId="0" value="" fieldId="259" />
		<row targetId="0" id="7096" userId="0" value="" fieldId="75" />
		<row targetId="0" id="7269" userId="0" value="&lt;?xml version=&quot;1.0&quot; encoding=&quot;utf-8&quot; ?&gt;&#10;&lt;rss version=&quot;2.0&quot; xmlns:atom=&quot;http://www.w3.org/2005/Atom&quot;&gt;&#10;&lt;channel&gt;&#10;&lt;title&gt;SmartBear Collaborator News&lt;/title&gt;&#10;&lt;link&gt;http://codecollaborator.smartbear.com/news/&lt;/link&gt;&#10;&lt;description&gt;&lt;![CDATA[Updates from the Collaborator team at SmartBear Software]]&gt;&lt;/description&gt;&#10;&lt;language&gt;en-US&lt;/language&gt;&#10;&lt;lastBuildDate&gt;Fri, 25 Jan 2019 12:19:01 +0000&lt;/lastBuildDate&gt;&#10;&lt;atom:link href=&quot;http://codecollaborator.smartbear.com/news/rss.php&quot; rel=&quot;self&quot; type=&quot;application/rss+xml&quot;&gt;&lt;/atom:link&gt;&#10;&lt;pubDate&gt;Fri, 28 Sep 2018 16:55:40 +0000&lt;/pubDate&gt;&#10;&lt;item&gt;&#10;&lt;title&gt;&amp;lt;p&amp;gt;&amp;lt;b&amp;gt;Collaborator 11.4 Is Now Available&amp;lt;/b&amp;gt;&amp;lt;/p&amp;gt;&lt;/title&gt;&#10;&lt;link&gt;http://codecollaborator.smartbear.com/news/index.php?id=4&lt;/link&gt;&#10;&lt;description&gt;&lt;![CDATA[What&apos;s New: Git workflow improvements, Bitbucket Server webhook support and Checklist custom fields.  Check out the &lt;a href=&quot;https://smartbear.com/product/collaborator/whats-new/&quot;&gt;What&apos;s New Page&lt;/a&gt;]]&gt;&lt;/description&gt;&#10;&lt;pubDate&gt;Fri, 28 Sep 2018 16:55:40 +0000&lt;/pubDate&gt;&#10;&lt;/item&gt;&#10;&lt;item&gt;&#10;&lt;title&gt;&amp;lt;p&amp;gt;&amp;lt;b&amp;gt;Collaborator Resources&amp;lt;/b&amp;gt;&amp;lt;/p&amp;gt;&lt;/title&gt;&#10;&lt;link&gt;http://codecollaborator.smartbear.com/news/index.php?id=9&lt;/link&gt;&#10;&lt;description&gt;&lt;![CDATA[&lt;a href=&quot;https://smartbear-cc.force.com/portal/KbHome&quot;&gt;Knowledge Base,&lt;/a&gt;&#13;&#10;&lt;a href=&quot;https://community.smartbear.com/t5/Collaborator/ct-p/Collaborator&quot;&gt;Community Forums,&lt;/a&gt;&#13;&#10;&lt;a href=&quot;https://support.smartbear.com/viewarticle/91173/&quot;&gt;Product Manual&lt;/a&gt;]]&gt;&lt;/description&gt;&#10;&lt;pubDate&gt;Mon, 03 Apr 2017 16:41:30 +0000&lt;/pubDate&gt;&#10;&lt;/item&gt;&#10;&lt;item&gt;&#10;&lt;title&gt;&amp;lt;p&amp;gt;&amp;lt;b&amp;gt;Opt-in for Collaborator Notifications&amp;lt;/b&amp;gt;&amp;lt;/p&amp;gt;&lt;/title&gt;&#10;&lt;link&gt;http://codecollaborator.smartbear.com/news/index.php?id=10&lt;/link&gt;&#10;&lt;description&gt;&lt;![CDATA[If you are interested in receiving notifications regarding Collaborator releases, webinars, and training, please take a moment to opt-in via this &lt;a href=&quot;http://www2.smartbear.com/Collaborator-Customer-Opt-In.html&quot;&gt;Registration Link.&lt;/a&gt;]]&gt;&lt;/description&gt;&#10;&lt;pubDate&gt;Tue, 18 Oct 2016 16:43:24 +0000&lt;/pubDate&gt;&#10;&lt;/item&gt;&#10;&lt;/channel&gt;&#10;&lt;/rss&gt;" fieldId="430" />
		<row targetId="0" id="7353" userId="0" value="*.exe" fieldId="443" />
		<row targetId="0" id="8788" userId="0" value="-----BEGIN CERTIFICATE-----&#13;&#10;MIIC8DCCAdigAwIBAgIQXydK9CAN6qZGqNjpZs+TxjANBgkqhkiG9w0BAQsFADA0MTIwMAYDVQQD&#13;&#10;EylNaWNyb3NvZnQgQXp1cmUgRmVkZXJhdGVkIFNTTyBDZXJ0aWZpY2F0ZTAeFw0xNzA5MjExNDUx&#13;&#10;MDZaFw0yMDA5MjExNDUxMDdaMDQxMjAwBgNVBAMTKU1pY3Jvc29mdCBBenVyZSBGZWRlcmF0ZWQg&#13;&#10;U1NPIENlcnRpZmljYXRlMIIBIjANBgkqhkiG9w0BAQEFAAOCAQ8AMIIBCgKCAQEAtN1+nhtiPc4N&#13;&#10;5XYbXd/wIx6kqszt2pJYcYO9Js+1F4Jm9x3GIrdrITUVBuDu1TDpSzqehf1m/h3hNt6L3yCXqI+I&#13;&#10;NiISkkfD+uwsESI6qcHuEus71gvHkUE9oreuCzCNDOj5j4n3GdpCNH6xyLd8l83VHwTsw9sLirgQ&#13;&#10;qSMnLR2p4KP/em7WsZGr5UOwuzZ/xALdqh1N4O+stRNKDUgBjCfSn0yWGIJPrbEXAoLsQyM9x2eM&#13;&#10;Q8vLWnhIrsT6NOpAYcusHPlJkfZw8/u6CgQAbOHxtzAoOgjnwp0p0JTpLTyjbCa9oJrQ+/L2njFV&#13;&#10;siuVdfwW88Dbz2p8M/qJhdvEawIDAQABMA0GCSqGSIb3DQEBCwUAA4IBAQCL/IF2jZhb2eKsUhUy&#13;&#10;X2lfxr8gvT/qZNpTCgj3WXsx1qL+OXzARwZzdFP0U5tE8lJcRYPWb03Azqky0kETC6VJH4xRR92h&#13;&#10;tnCUWatCg52l32qwSxNO0c1ZSzEXht0PNWO7FEx9Wr8pb+Di5j+knqfSSPQX2haFF7a8sX03trNn&#13;&#10;3hiFw87YQ322mTc1Id5XW0K/j/nTPphR2cI6NyR/RvooyoMeM6+WAX3aeU69G6Rkax7sYjuU81j5&#13;&#10;eOSJ68EAeG3NdCw0frlbWhusx0oRX377TPCcwfUkHOoPvqb2PjifW9c7ts/G5mexb0UXG3TIuNdc&#13;&#10;DenHCC6VNkODJyc2GJON&#13;&#10;-----END CERTIFICATE-----" fieldId="1250" />
		<row targetId="0" id="9362" userId="0" value="" fieldId="1368" />
		<row targetId="0" id="9944" userId="0" value="" fieldId="1380" />
		<row targetId="0" id="10517" userId="0" value="" fieldId="1400" />
		<row targetId="0" id="10667" userId="0" value="" fieldId="1403" />
		<row targetId="14098" id="10757" userId="0" value="Github pull request #1318. COLLAB-5022 pick right previous version for merge commit in &apos;last commit&apos; mode:  LogicalChangelist.getChangelists() can contain changelists that do not have needed file change - filter out them" fieldId="53" />
		<row targetId="152" id="106" userId="0" value="test one two three" fieldId="53" />
		<row targetId="152" id="9075" userId="0" value="14146,14143,14138,14142,14137,14129,14135,14086,13474,14130,14126" fieldId="1355" />
		<row targetId="137" id="9041" userId="0" value="14146,14148,14129,14145,14149,14137,14142,14144,14141,14140,14138" fieldId="1355" />
		<row targetId="138" id="9045" userId="0" value="14148,14146,14143,14137,14145,14144,14142,14141,14140,14138,14129" fieldId="1355" />
	</rows>
</table>