<?xml version="1.1"?>
<table name="com.smartbear.ccollab.datamodel.GroupDescriptionData" nrows="28" ncols="11">
	<columns>
		<column name="active" type="char" />
		<column name="description" type="string" />
		<column name="ldapDN" type="string" />
		<column name="defaultTemplateId" type="int" />
		<column name="title" type="string" />
		<column name="type" type="char" />
		<column name="reviewPool" type="char" />
		<column name="allTemplates" type="char" />
		<column name="reportingOnly" type="char" />
		<column name="guid" type="string" />
		<column name="id" type="int" />
	</columns>
	<rows>
		<row active="N" description="" ldapDN="" defaultTemplateId="0" title="test" type="A" reviewPool="N" allTemplates="Y" reportingOnly="Y" guid="b74e95938b3636ce1d7947ea79150129" id="1" />
		<row active="Y" description="Built-in Group containing all Users" ldapDN="" defaultTemplateId="0" title="All Users" type="E" reviewPool="N" allTemplates="Y" reportingOnly="Y" guid="f0845fa8f636eeedba29e0186ea30914" id="2" />
		<row active="N" description="" ldapDN="" defaultTemplateId="0" title="just will" type="A" reviewPool="N" allTemplates="Y" reportingOnly="Y" guid="7fcf9ed2379421cc7286db2ff6983a65" id="4" />
		<row active="N" description="" ldapDN="" defaultTemplateId="0" title="Untitled Group" type="A" reviewPool="N" allTemplates="Y" reportingOnly="Y" guid="myTestGroup" id="5" />
		<row active="N" description="" ldapDN="" defaultTemplateId="0" title="newtest" type="A" reviewPool="N" allTemplates="Y" reportingOnly="Y" guid="632eeafdb190d5c7a3383a71db6585e9" id="6" />
		<row active="N" description="" ldapDN="" defaultTemplateId="0" title="stuff" type="A" reviewPool="N" allTemplates="Y" reportingOnly="Y" guid="stuff" id="7" />
		<row active="N" description="A parent group to keep our Review Pools organized (not itself a Review Pool)" ldapDN="" defaultTemplateId="0" title="Review Pools" type="A" reviewPool="N" allTemplates="Y" reportingOnly="Y" guid="9e31ee714f401d81e6ca33d3f57626e1" id="10" />
		<row active="Y" description="" ldapDN="" defaultTemplateId="123" title="Collab Team" type="A" reviewPool="Y" allTemplates="N" reportingOnly="N" guid="16880774f597623bce07241d10c1f4fc" id="11" />
		<row active="N" description="" ldapDN="" defaultTemplateId="70" title="QA / Tech Support" type="A" reviewPool="Y" allTemplates="Y" reportingOnly="Y" guid="a983a0ddfc8d50dab3f59bc92ae03ddf" id="12" />
		<row active="N" description="" ldapDN="" defaultTemplateId="0" title="review pool test" type="A" reviewPool="Y" allTemplates="Y" reportingOnly="Y" guid="79b46dac0296d9be0470efa73eb46ac1" id="13" />
		<row active="N" description="" ldapDN="" defaultTemplateId="70" title="Team 1" type="A" reviewPool="Y" allTemplates="Y" reportingOnly="N" guid="team1" id="14" />
		<row active="N" description="" ldapDN="" defaultTemplateId="70" title="Team 2" type="A" reviewPool="Y" allTemplates="Y" reportingOnly="Y" guid="team2" id="15" />
		<row active="N" description="" ldapDN="" defaultTemplateId="70" title="Team 3" type="A" reviewPool="Y" allTemplates="Y" reportingOnly="Y" guid="team3" id="16" />
		<row active="N" description="" ldapDN="" defaultTemplateId="103" title="Alphagrouptest" type="A" reviewPool="N" allTemplates="Y" reportingOnly="Y" guid="05832cf97a0828a37a8914b73af21c56" id="18" />
		<row active="N" description="fewfwfefewfewf" ldapDN="" defaultTemplateId="0" title="Mark Test Child" type="A" reviewPool="Y" allTemplates="Y" reportingOnly="Y" guid="f983d15d79c132b37bbd779e37ee8306" id="19" />
		<row active="N" description="Beverly Support Group for testing Purposes." ldapDN="" defaultTemplateId="0" title="Beverly Support" type="A" reviewPool="Y" allTemplates="Y" reportingOnly="Y" guid="93fe4e852451769a41440bcfb8022377" id="29" />
		<row active="N" description="" ldapDN="" defaultTemplateId="103" title="asdkjlaskjdklasjd" type="A" reviewPool="N" allTemplates="Y" reportingOnly="N" guid="babada2ca11adf583e235ebb346e9d64" id="36" />
		<row active="N" description="" ldapDN="" defaultTemplateId="0" title="qa_test" type="A" reviewPool="Y" allTemplates="Y" reportingOnly="Y" guid="fbc2ed5e14827481f7002700129ebd24" id="37" />
		<row active="N" description="" ldapDN="" defaultTemplateId="0" title="Test Dev Group" type="A" reviewPool="N" allTemplates="N" reportingOnly="Y" guid="6ebb3564a8e559e34a27359ca5a9f8b2" id="60" />
		<row active="N" description="" ldapDN="" defaultTemplateId="0" title="unique group" type="A" reviewPool="N" allTemplates="N" reportingOnly="Y" guid="8051b63c6493f8980fa3a279f90e9928" id="62" />
		<row active="N" description="" ldapDN="" defaultTemplateId="0" title="test" type="A" reviewPool="N" allTemplates="Y" reportingOnly="N" guid="42d3fe4d8914ef4d1e86733263c93357" id="63" />
		<row active="N" description="" ldapDN="" defaultTemplateId="77" title="SmartBear RFP Group" type="A" reviewPool="Y" allTemplates="N" reportingOnly="N" guid="4aba77fe49e9717d50cd8ea9ae555eca" id="64" />
		<row active="N" description="" ldapDN="" defaultTemplateId="0" title="sdsdsd" type="A" reviewPool="N" allTemplates="Y" reportingOnly="N" guid="d7f40a690db95dc3a8d0a1d806ad31f6" id="65" />
		<row active="N" description="" ldapDN="" defaultTemplateId="0" title="Engine Group" type="A" reviewPool="N" allTemplates="Y" reportingOnly="N" guid="47b5b7d54a2e82dc632e9fae298348f2" id="66" />
		<row active="N" description="" ldapDN="" defaultTemplateId="0" title="JoeBlue" type="A" reviewPool="N" allTemplates="Y" reportingOnly="N" guid="b871120772828b084b9c7218ad56b6a1" id="67" />
		<row active="Y" description="" ldapDN="" defaultTemplateId="0" title="Mentors" type="A" reviewPool="Y" allTemplates="Y" reportingOnly="Y" guid="6f98f258799092b7f976005ef1357964" id="69" />
		<row active="Y" description="" ldapDN="" defaultTemplateId="0" title="Review Process Leads" type="A" reviewPool="Y" allTemplates="Y" reportingOnly="Y" guid="540391d6035087437b93d2d0a7516fac" id="70" />
		<row active="Y" description="" ldapDN="" defaultTemplateId="0" title="QA" type="A" reviewPool="Y" allTemplates="Y" reportingOnly="Y" guid="4fc8e101cb86c3b00ebe8438c7d2dbd2" id="71" />
	</rows>
</table>