<?xml version="1.1"?>
<table name="com.smartbear.ccollab.datamodel.VersionData" nrows="4" ncols="11">
	<columns>
		<column name="contentMd5" type="string" />
		<column name="hide" type="int" />
		<column name="prevVersionId" type="int" />
		<column name="filePath" type="string" />
		<column name="changeType" type="char" />
		<column name="changelistId" type="int" />
		<column name="changelistCommitId" type="int" />
		<column name="id" type="int" />
		<column name="scmVersionName" type="string" />
		<column name="localFilePath" type="string" />
		<column name="localType" type="char" />
	</columns>
	<rows>
		<row contentMd5="50546360694113e4d5f1cbe06e67408a" hide="0" prevVersionId="253616" filePath="collab-datamodel/src/test/java/com/smartbear/ccollab/datamodel/displaymodel/FileHistoryChangesHelperTest.java" changeType="M" changelistId="95728" changelistCommitId="0" id="253615" scmVersionName="d79dc140567c304330da8ff2e6598cb1a0d44e74" localFilePath="" localType="C" />
		<row contentMd5="340c675fd17388668f0d4b92134e4185" hide="0" prevVersionId="0" filePath="collab-datamodel/src/main/java/com/smartbear/ccollab/datamodel/displaymodel/FileHistoryChangesHelper.java" changeType="M" changelistId="95729" changelistCommitId="0" id="253614" scmVersionName="91416c6fdc067c1410e1606d979c06a565aa4930" localFilePath="" localType="C" />
		<row contentMd5="b46a5d0539619fa03ae0164af9f07ad3" hide="0" prevVersionId="253614" filePath="collab-datamodel/src/main/java/com/smartbear/ccollab/datamodel/displaymodel/FileHistoryChangesHelper.java" changeType="M" changelistId="95728" changelistCommitId="0" id="253613" scmVersionName="d79dc140567c304330da8ff2e6598cb1a0d44e74" localFilePath="" localType="C" />
		<row contentMd5="1d451180e67b6a83bfd78c4ff72f3683" hide="0" prevVersionId="0" filePath="collab-datamodel/src/test/java/com/smartbear/ccollab/datamodel/displaymodel/FileHistoryChangesHelperTest.java" changeType="M" changelistId="95729" changelistCommitId="0" id="253616" scmVersionName="91416c6fdc067c1410e1606d979c06a565aa4930" localFilePath="" localType="C" />
	</rows>
</table>