<?xml version="1.1"?>
<table name="com.smartbear.ccollab.datamodel.MetaDataValueStringData" nrows="111" ncols="5">
	<columns>
		<column name="targetId" type="int" />
		<column name="id" type="int" />
		<column name="userId" type="int" />
		<column name="value" type="string" />
		<column name="fieldId" type="int" />
	</columns>
	<rows>
		<row targetId="0" id="1" userId="0" value="9pt Courier New" fieldId="30" />
		<row targetId="0" id="2" userId="0" value="http://collab.aus.smartbear.com" fieldId="2" />
		<row targetId="0" id="3" userId="0" value="SmartBear Software" fieldId="11" />
		<row targetId="0" id="5" userId="0" value="" fieldId="21" />
		<row targetId="0" id="6" userId="0" value="yogi.smartbearsoftware.com" fieldId="22" />
		<row targetId="0" id="7" userId="0" value="Linux 2.6.20-1.2933.fc6 i386" fieldId="23" />
		<row targetId="0" id="8" userId="0" value="" fieldId="24" />
		<row targetId="0" id="9" userId="0" value="trial" fieldId="25" />
		<row targetId="0" id="10" userId="0" value="1577750400" fieldId="26" />
		<row targetId="0" id="27" userId="0" value="trial-notifications@smartbeartrial.com" fieldId="10" />
		<row targetId="0" id="28" userId="0" value="http://bugs.smartbearsoftware.com/default.php?BUGID" fieldId="13" />
		<row targetId="0" id="29" userId="0" value="" fieldId="14" />
		<row targetId="0" id="30" userId="0" value="\bcase\s*(\d+)\b" fieldId="12" />
		<row targetId="0" id="184" userId="0" value="[Collaborator]" fieldId="56" />
		<row targetId="0" id="185" userId="0" value="rick.almeida@smartbear.com" fieldId="55" />
		<row targetId="0" id="492" userId="0" value="Find all defects" fieldId="52" />
		<row targetId="0" id="784" userId="0" value="" fieldId="57" />
		<row targetId="0" id="983" userId="0" value="aec2b7a84db47d86e70aeb0d305d10b2" fieldId="69" />
		<row targetId="0" id="1102" userId="0" value="email-smtp.us-east-1.amazonaws.com" fieldId="15" />
		<row targetId="0" id="1135" userId="0" value="v4" fieldId="78" />
		<row targetId="0" id="1228" userId="0" value="*.doc,*.xls,*.pdf, *.hmx, *.jpg, *.png, *.gif, *.jar" fieldId="80" />
		<row targetId="0" id="1376" userId="0" value="" fieldId="87" />
		<row targetId="0" id="1377" userId="0" value="" fieldId="93" />
		<row targetId="0" id="1378" userId="0" value="" fieldId="95" />
		<row targetId="0" id="1379" userId="0" value="" fieldId="102" />
		<row targetId="0" id="1482" userId="0" value="Linux 2.6.20-1.2933.fc6 i386" fieldId="0" />
		<row targetId="0" id="1532" userId="0" value="https://support.smartbear.com/downloads/collaborator/" fieldId="111" />
		<row targetId="0" id="2092" userId="0" value="enterprise" fieldId="125" />
		<row targetId="0" id="2412" userId="0" value="ADMINISTRATOR" fieldId="129" />
		<row targetId="0" id="2413" userId="0" value="REQUESTED" fieldId="130" />
		<row targetId="0" id="2990" userId="0" value="Enter your password" fieldId="116" />
		<row targetId="0" id="3165" userId="0" value="RESPECT_PERMS" fieldId="140" />
		<row targetId="0" id="4011" userId="0" value="Etc/UTC" fieldId="146" />
		<row targetId="0" id="4825" userId="0" value="Select a Group to associate with this Review.  The Group is used to filter the users in the participant drop-down lists, and to organize Reviews later for reporting." fieldId="148" />
		<row targetId="0" id="4826" userId="0" value="Group" fieldId="149" />
		<row targetId="0" id="4827" userId="0" value="Groups" fieldId="150" />
		<row targetId="0" id="5476" userId="0" value="" fieldId="182" />
		<row targetId="0" id="5685" userId="0" value="Defect" fieldId="185" />
		<row targetId="0" id="5686" userId="0" value="Defects" fieldId="186" />
		<row targetId="0" id="6269" userId="0" value="1e96743578c51472f6c9348ed807a064" fieldId="194" />
		<row targetId="0" id="6270" userId="0" value="Started at: Fri Jan 25 02:11:49 UTC 2019&#10;Accessed via: null&#10;Running version: 11.5.11500&#10;IP Address(es):&#10;10.0.0.5&#10;fe80:0:0:0:20d:3aff:fe72:c4ef%eth0&#10;0:0:0:0:0:0:0:1%lo&#10;127.0.0.1&#10;" fieldId="195" />
		<row targetId="0" id="6271" userId="0" value="asdf" fieldId="196" />
		<row targetId="0" id="6652" userId="0" value="" fieldId="202" />
		<row targetId="0" id="7596" userId="0" value="" fieldId="216" />
		<row targetId="0" id="7670" userId="0" value="" fieldId="217" />
		<row targetId="0" id="7872" userId="0" value="M" fieldId="223" />
		<row targetId="0" id="7873" userId="0" value="Approve this Review" fieldId="224" />
		<row targetId="0" id="7874" userId="0" value="Decline this Review (DON&apos;T DO THIS!)" fieldId="225" />
		<row targetId="0" id="8107" userId="0" value="None" fieldId="226" />
		<row targetId="0" id="8181" userId="0" value="" fieldId="228" />
		<row targetId="0" id="8281" userId="0" value="List of reasons to choose from when rejecting a review. Leave this list empty if providing a reason is not required." fieldId="231" />
		<row targetId="0" id="8335" userId="0" value="D" fieldId="234" />
		<row targetId="0" id="8558" userId="0" value="AKIAIQVBXXSZCSEP3NPQ" fieldId="229" />
		<row targetId="0" id="8559" userId="0" value="ArMnoF0YXXIQQUJ1s3dixOBzMpfskD7BjVJvY4RioGTF" fieldId="230" />
		<row targetId="0" id="8717" userId="0" value="" fieldId="238" />
		<row targetId="0" id="8735" userId="0" value="" fieldId="242" />
		<row targetId="0" id="8739" userId="0" value="" fieldId="245" />
		<row targetId="0" id="8776" userId="0" value="dsfsadf" fieldId="249" />
		<row targetId="0" id="8987" userId="0" value="" fieldId="255" />
		<row targetId="0" id="8991" userId="0" value=".*" fieldId="257" />
		<row targetId="0" id="8993" userId="0" value="" fieldId="258" />
		<row targetId="0" id="9012" userId="0" value="" fieldId="262" />
		<row targetId="0" id="9054" userId="0" value="" fieldId="271" />
		<row targetId="0" id="9055" userId="0" value="http://codecollaborator.smartbear.com/news/rss.php" fieldId="378" />
		<row targetId="0" id="9056" userId="0" value="http://codecollaborator.smartbear.com/news/rss.php" fieldId="379" />
		<row targetId="0" id="9058" userId="0" value="1548418834711" fieldId="431" />
		<row targetId="0" id="9077" userId="0" value="1.0" fieldId="706" />
		<row targetId="0" id="9078" userId="0" value="50.0" fieldId="707" />
		<row targetId="0" id="9079" userId="0" value="25.0" fieldId="708" />
		<row targetId="0" id="9080" userId="0" value="1000.0" fieldId="709" />
		<row targetId="0" id="9081" userId="0" value="200.0" fieldId="710" />
		<row targetId="0" id="9095" userId="0" value="AUTHORS" fieldId="827" />
		<row targetId="0" id="9096" userId="0" value="PLANNING" fieldId="828" />
		<row targetId="0" id="9116" userId="0" value="" fieldId="1030" />
		<row targetId="0" id="9138" userId="0" value="yyyy-MM-dd" fieldId="1129" />
		<row targetId="0" id="9139" userId="0" value="HH:mm" fieldId="1130" />
		<row targetId="0" id="9140" userId="0" value="" fieldId="1131" />
		<row targetId="0" id="9191" userId="0" value="" fieldId="1247" />
		<row targetId="0" id="9192" userId="0" value="" fieldId="1248" />
		<row targetId="0" id="9193" userId="0" value="" fieldId="1249" />
		<row targetId="0" id="9247" userId="0" value="8168CA30D84D40C5B1A84298E0A30A72" fieldId="1356" />
		<row targetId="0" id="9369" userId="0" value="" fieldId="1364" />
		<row targetId="0" id="9387" userId="0" value="" fieldId="1367" />
		<row targetId="0" id="9513" userId="0" value="" fieldId="1374" />
		<row targetId="0" id="9546" userId="0" value="" fieldId="1379" />
		<row targetId="0" id="9557" userId="0" value="" fieldId="1393" />
		<row targetId="0" id="9563" userId="0" value="" fieldId="1376" />
		<row targetId="0" id="9571" userId="0" value="" fieldId="1394" />
		<row targetId="0" id="9764" userId="0" value="(waiting for initial result)" fieldId="1401" />
		<row targetId="0" id="9767" userId="0" value="(waiting for initial result)" fieldId="1402" />
		<row targetId="14098" id="10053" userId="0" value="(waiting for initial result)" fieldId="1402" />
		<row targetId="14098" id="10054" userId="0" value="(waiting for initial result)" fieldId="1401" />
		<row targetId="152" id="300" userId="0" value="Find all defects" fieldId="52" />
		<row targetId="152" id="9062" userId="0" value="Etc/UTC" fieldId="146" />
		<row targetId="152" id="9065" userId="0" value="COMPRESSED_TREE" fieldId="145" />
		<row targetId="152" id="9066" userId="0" value="D" fieldId="234" />
		<row targetId="152" id="9162" userId="0" value="yyyy-MM-dd" fieldId="1129" />
		<row targetId="152" id="9163" userId="0" value="HH:mm" fieldId="1130" />
		<row targetId="152" id="9415" userId="0" value="8168CA30D84D40C5B1A84298E0A30A72" fieldId="1367" />
		<row targetId="137" id="9021" userId="0" value="Europe/Kiev" fieldId="146" />
		<row targetId="137" id="9124" userId="0" value="COMPRESSED_TREE" fieldId="145" />
		<row targetId="137" id="9125" userId="0" value="D" fieldId="234" />
		<row targetId="137" id="9466" userId="0" value="yyyy-MM-dd" fieldId="1129" />
		<row targetId="137" id="9467" userId="0" value="HH:mm" fieldId="1130" />
		<row targetId="137" id="9468" userId="0" value="8168CA30D84D40C5B1A84298E0A30A72" fieldId="1367" />
		<row targetId="138" id="9022" userId="0" value="EST5EDT" fieldId="146" />
		<row targetId="138" id="9026" userId="0" value="COMPRESSED_TREE" fieldId="145" />
		<row targetId="138" id="9027" userId="0" value="N" fieldId="234" />
		<row targetId="138" id="9416" userId="0" value="yyyy-MM-dd" fieldId="1129" />
		<row targetId="138" id="9417" userId="0" value="HH:mm" fieldId="1130" />
		<row targetId="138" id="9418" userId="0" value="8168CA30D84D40C5B1A84298E0A30A72" fieldId="1367" />
	</rows>
</table>