<?xml version="1.1"?>
<table name="com.smartbear.ccollab.datamodel.ReviewData" nrows="1" ncols="11">
	<columns>
		<column name="ruleTemplate" type="string" />
		<column name="groupId" type="int" />
		<column name="phaseId" type="int" />
		<column name="creatorId" type="int" />
		<column name="title" type="string" />
		<column name="creationDate" type="date" />
		<column name="privateView" type="char" />
		<column name="checklistName" type="string" />
		<column name="id" type="int" />
		<column name="deadline" type="date" />
		<column name="customFieldTemplateId" type="int" />
	</columns>
	<rows>
		<row ruleTemplate="Standard" groupId="11" phaseId="5" creatorId="152" title="Github pull request #1318. COLLAB-5022 pick right previous version for merge commit in &apos;last commit&apos; mode:  LogicalChangelist.getChangelists() can contain changelists that do not have needed file change - filter out them" creationDate="2018-12-18T16:35:51UTC" privateView="N" checklistName="Quick Fix &amp; Maintenance Checklist" id="14098" deadline="2018-12-20T16:35:51UTC" customFieldTemplateId="123" />
	</rows>
</table>