<?xml version="1.1"?>
<table name="com.smartbear.ccollab.datamodel.ReviewChecklistEventData" nrows="7" ncols="6">
	<columns>
		<column name="itemName" type="string" />
		<column name="actorUserId" type="int" />
		<column name="dateModified" type="date" />
		<column name="id" type="int" />
		<column name="reviewId" type="int" />
		<column name="wasChecked" type="char" />
	</columns>
	<rows>
		<row itemName="Unit Tests Approved by Dev - https://tinyurl.com/ydhd58zh" actorUserId="138" dateModified="2018-12-19T06:00:27UTC" id="1132" reviewId="14098" wasChecked="Y" />
		<row itemName="Commits are squashed if necessary: https://tinyurl.com/y8wlloju" actorUserId="138" dateModified="2018-12-19T06:00:53UTC" id="1133" reviewId="14098" wasChecked="Y" />
		<row itemName="Branch name and commit message conform to standard: https://tinyurl.com/yc79tkmo" actorUserId="138" dateModified="2018-12-19T06:00:55UTC" id="1134" reviewId="14098" wasChecked="Y" />
		<row itemName="General code style follows internal guide: https://tinyurl.com/ybbmjb5c" actorUserId="138" dateModified="2018-12-19T06:00:55UTC" id="1135" reviewId="14098" wasChecked="Y" />
		<row itemName="Change package meets DoD and is ready to merge: https://tinyurl.com/yas457gl" actorUserId="138" dateModified="2018-12-19T06:00:56UTC" id="1136" reviewId="14098" wasChecked="Y" />
		<row itemName="Documentation Team Sign-Off (for version history.)" actorUserId="138" dateModified="2018-12-19T06:01:14UTC" id="1137" reviewId="14098" wasChecked="Y" />
		<row itemName="Justin or Rick knows that you are making this change, and why." actorUserId="138" dateModified="2018-12-19T06:03:53UTC" id="1138" reviewId="14098" wasChecked="Y" />
	</rows>
</table>