<?xml version="1.1"?>
<table name="com.smartbear.ccollab.datamodel.GroupTemplatesData" nrows="35" ncols="3">
	<columns>
		<column name="reviewTemplateId" type="int" />
		<column name="id" type="int" />
		<column name="groupId" type="int" />
	</columns>
	<rows>
		<row reviewTemplateId="57" id="1" groupId="54" />
		<row reviewTemplateId="56" id="2" groupId="54" />
		<row reviewTemplateId="55" id="3" groupId="54" />
		<row reviewTemplateId="77" id="11" groupId="64" />
		<row reviewTemplateId="67" id="16" groupId="68" />
		<row reviewTemplateId="69" id="17" groupId="68" />
		<row reviewTemplateId="72" id="18" groupId="68" />
		<row reviewTemplateId="75" id="19" groupId="68" />
		<row reviewTemplateId="76" id="20" groupId="68" />
		<row reviewTemplateId="77" id="21" groupId="68" />
		<row reviewTemplateId="79" id="22" groupId="68" />
		<row reviewTemplateId="85" id="23" groupId="68" />
		<row reviewTemplateId="90" id="24" groupId="68" />
		<row reviewTemplateId="91" id="25" groupId="68" />
		<row reviewTemplateId="95" id="26" groupId="68" />
		<row reviewTemplateId="97" id="27" groupId="68" />
		<row reviewTemplateId="100" id="28" groupId="68" />
		<row reviewTemplateId="103" id="29" groupId="68" />
		<row reviewTemplateId="104" id="30" groupId="68" />
		<row reviewTemplateId="107" id="31" groupId="68" />
		<row reviewTemplateId="109" id="32" groupId="68" />
		<row reviewTemplateId="110" id="33" groupId="68" />
		<row reviewTemplateId="111" id="34" groupId="68" />
		<row reviewTemplateId="112" id="35" groupId="68" />
		<row reviewTemplateId="113" id="36" groupId="68" />
		<row reviewTemplateId="116" id="37" groupId="68" />
		<row reviewTemplateId="117" id="38" groupId="68" />
		<row reviewTemplateId="59" id="39" groupId="68" />
		<row reviewTemplateId="60" id="40" groupId="68" />
		<row reviewTemplateId="62" id="41" groupId="68" />
		<row reviewTemplateId="63" id="42" groupId="68" />
		<row reviewTemplateId="118" id="47" groupId="11" />
		<row reviewTemplateId="121" id="49" groupId="11" />
		<row reviewTemplateId="122" id="50" groupId="11" />
		<row reviewTemplateId="123" id="51" groupId="11" />
	</rows>
</table>