<?xml version="1.1"?>
<table name="com.smartbear.ccollab.datamodel.SpreadsheetCellData" nrows="28" ncols="5">
	<columns>
		<column name="versionId" type="int" />
		<column name="column" type="int" />
		<column name="sheet" type="string" />
		<column name="row" type="int" />
		<column name="id" type="int" />
	</columns>
	<rows>
		<row versionId="122919" column="2" sheet="3sheet" row="9" id="1" />
		<row versionId="122974" column="0" sheet="Blah" row="0" id="2" />
		<row versionId="126727" column="0" sheet="General" row="2" id="3" />
		<row versionId="126727" column="0" sheet="General" row="5" id="4" />
		<row versionId="130246" column="5" sheet="2 Semis 2 Finales" row="16" id="5" />
		<row versionId="133581" column="2" sheet="Sheet1" row="16" id="6" />
		<row versionId="133581" column="7" sheet="Sheet1" row="16" id="7" />
		<row versionId="133581" column="2" sheet="Sheet1" row="23" id="8" />
		<row versionId="151630" column="11" sheet="Expense Report" row="13" id="9" />
		<row versionId="154039" column="0" sheet="Sheet1" row="16" id="10" />
		<row versionId="160789" column="12" sheet="Findings - Pending Remediation" row="2" id="11" />
		<row versionId="160789" column="12" sheet="Findings - Pending Remediation" row="3" id="12" />
		<row versionId="160789" column="12" sheet="Findings - Pending Remediation" row="4" id="13" />
		<row versionId="160789" column="12" sheet="Findings - Pending Remediation" row="5" id="14" />
		<row versionId="160789" column="12" sheet="Findings - Pending Remediation" row="6" id="15" />
		<row versionId="160789" column="12" sheet="Findings - Pending Remediation" row="7" id="16" />
		<row versionId="160789" column="12" sheet="Findings - Pending Remediation" row="8" id="17" />
		<row versionId="161367" column="7" sheet="Sheet1" row="8" id="18" />
		<row versionId="161367" column="7" sheet="Sheet1" row="5" id="19" />
		<row versionId="161367" column="7" sheet="Sheet1" row="6" id="20" />
		<row versionId="234985" column="1" sheet="ROI Calculation Worksheet" row="74" id="21" />
		<row versionId="247726" column="3" sheet="Blad1" row="1" id="22" />
		<row versionId="247727" column="1" sheet="Blad1" row="1" id="23" />
		<row versionId="247727" column="6" sheet="Blad1" row="7" id="24" />
		<row versionId="247727" column="7" sheet="Blad1" row="7" id="25" />
		<row versionId="247726" column="2" sheet="Blad1" row="4" id="26" />
		<row versionId="247726" column="3" sheet="Blad1" row="4" id="27" />
		<row versionId="247727" column="3" sheet="Blad1" row="0" id="28" />
	</rows>
</table>