<?xml version="1.1"?>
<table name="com.smartbear.ccollab.datamodel.NotificationTemplateData" nrows="57" ncols="5">
	<columns>
		<column name="templateCode" type="int" />
		<column name="suppressed" type="char" />
		<column name="id" type="int" />
		<column name="messageTemplate" type="string" />
		<column name="titleTemplate" type="string" />
	</columns>
	<rows>
		<row templateCode="1" suppressed="N" id="1" messageTemplate="Review #${review.id}: &quot;${review.title}&quot; is complete.&#13;&#10;Created: ${review.datecreated} by ${review.creator.name}&#13;&#10;Deadline: ${review.deadline}&#13;&#10;Workflow: ${review.workflow}&#13;&#10;Ladybug Log: ${review.defectlog}" titleTemplate="Review #${review.id} complete" />
		<row templateCode="2" suppressed="N" id="2" messageTemplate="Review #${review.id}: &quot;${review.title}&quot; is complete and contains unread messages.&#10;Thank you for participating.&#10;Created: ${review.datecreated} by ${review.creator.name}&#10;Deadline: ${review.deadline}&#10;Workflow: ${review.workflow}&#10;Defect Log: ${review.defectlog}&#10;" titleTemplate="Review #${review.id} complete and contains unread messages" />
		<row templateCode="3" suppressed="N" id="3" messageTemplate="Review #${review.id}: &quot;${review.title}&quot; is back in the ${review.phase} phase.&#10;Created: ${review.datecreated} by ${review.creator.name}&#10;Deadline: ${review.deadline}&#10;Workflow: ${review.workflow}&#10;Defect Log: ${review.defectlog}&#10;" titleTemplate="Resume inspection on Review #${review.id}" />
		<row templateCode="4" suppressed="N" id="4" messageTemplate="Review #${review.id}: &quot;${review.title}&quot; has been cancelled by ${actor.name}.  No further activity can take place.&#13;&#10;Created: ${review.datecreated} by ${review.creator.name}&#13;&#10;Deadline: ${review.deadline}&#13;&#10;Workflow: ${review.workflow}&#13;&#10;Defect Log: ${review.defectlog}" titleTemplate="Review #${review.id} cancelled" />
		<row templateCode="5" suppressed="N" id="5" messageTemplate="New files have been uploaded to Review #${review.id}: &quot;${review.title}&quot;.&#10;Created: ${review.datecreated} by ${review.creator.name}&#10;Deadline: ${review.deadline}&#10;Workflow: ${review.workflow}&#10;Defect Log: ${review.defectlog}&#10;" titleTemplate="New files in Review #${review.id}" />
		<row templateCode="6" suppressed="N" id="6" messageTemplate="New files have been uploaded to Review #${review.id}: &quot;${review.title}&quot;.&#13;&#10;Created: ${review.datecreated} by ${review.creator.name}&#13;&#10;Deadline: ${review.deadline}&#13;&#10;Workflow: ${review.workflow}&#13;&#10;Defect Log: ${review.defectlog}" titleTemplate="New files in Review #${review.id}" />
		<row templateCode="7" suppressed="N" id="7" messageTemplate="Review #${review.id}: &quot;${review.title}&quot; is complete and contains unread messages.&#10;Created: ${review.datecreated} by ${review.creator.name}&#10;Deadline: ${review.deadline}&#10;Workflow: ${review.workflow}&#10;Defect Log: ${review.defectlog}&#10;" titleTemplate="Review #${review.id} complete and contains unread messages" />
		<row templateCode="8" suppressed="N" id="8" messageTemplate="${actor.name} has commented in Review #${review.id}: &quot;${review.title}&quot;.  ${user.name} is invited back to review and respond.&#10;Created: ${review.datecreated} by ${review.creator.name}&#10;Deadline: ${review.deadline}&#10;Workflow: ${review.workflow}&#10;Defect Log: ${review.defectlog}&#10;" titleTemplate="Conversation initiated in Review #${review.id}" />
		<row templateCode="9" suppressed="N" id="9" messageTemplate="Review #${review.id}: &quot;${review.title}&quot;, completed the inspection phase with defects.  ${review.creator.name} will need to rework the defects.&#10;Created: ${review.datecreated} by ${review.creator.name}&#10;Deadline: ${review.deadline}&#10;Workflow: ${review.workflow}&#10;Defect Log: ${review.defectlog}&#10;" titleTemplate="Review #${review.id} is ready for rework." />
		<row templateCode="10" suppressed="N" id="10" messageTemplate="Review #${review.id} is stalled because everyone is waiting for each other or has said they are done, so you are being reactivated to help resolve this issue.&#10;Created: ${review.datecreated} by ${review.creator.name}&#10;Deadline: ${review.deadline}&#10;Workflow: ${review.workflow}&#10;Defect Log: ${review.defectlog}&#10;" titleTemplate="Review #${review.id}: &quot;${review.title}&quot; needs your attention." />
		<row templateCode="11" suppressed="N" id="11" messageTemplate="Review #${review.id}: &quot;${review.title}&quot; is complete and contains unread messages.&#10;${review.creator.name} needs to commit the changes to version control and take a look at the unread messages." titleTemplate="Review #${review.id} complete and contains unread messages; Awaiting checkin." />
		<row templateCode="12" suppressed="N" id="12" messageTemplate="Review #${review.id} is awaiting approval from ${user.name} before it can be completed.&#13;&#10;Created: ${review.datecreated} by ${review.creator.name}&#13;&#10;Deadline: ${review.deadline}&#13;&#10;Workflow: ${review.workflow}&#13;&#10;Defect Log: ${review.defectlog}" titleTemplate="Review #${review.id}: &quot;${review.title}&quot; is currently stalled waiting for ${user.name}" />
		<row templateCode="13" suppressed="N" id="13" messageTemplate="Review #${review.id}: &quot;${review.title}&quot; is complete and there are messages that have not been read.&#10;Created: ${review.datecreated} by ${review.creator.name}&#10;Deadline: ${review.deadline}&#10;Workflow: ${review.workflow}&#10;Defect Log: ${review.defectlog}&#10;" titleTemplate="Review #${review.id} complete and contains unread messages" />
		<row templateCode="14" suppressed="N" id="14" messageTemplate="You are a ${role.title} for new Review #${review.id}: &quot;${review.title}&quot;.&#13;&#10;Created: ${review.datecreated} by ${review.creator.name}&#13;&#10;Deadline: ${review.deadline}&#13;&#10;Workflow: ${review.workflow}&#13;&#10;Defect Log: ${review.defectlog}" titleTemplate="Start inspection on new Review #${review.id}" />
		<row templateCode="15" suppressed="N" id="15" messageTemplate="Review #${review.id}: &quot;${review.title}&quot; is complete.&#13;&#10;${review.creator.name} needs to commit the changes to version control.&#13;&#10;Created: ${review.datecreated} by ${review.creator.name}&#13;&#10;Deadline: ${review.deadline}&#13;&#10;Workflow: ${review.workflow}&#13;&#10;Defect Log: ${review.defectlog}" titleTemplate="Review #${review.id} complete; Awaiting checkin." />
		<row templateCode="16" suppressed="N" id="16" messageTemplate="${actor.name} has added you as ${role.title} in Review #${review.id}: &quot;${review.title}&quot;.&#10;Created: ${review.datecreated} by ${review.creator.name}&#10;Deadline: ${review.deadline}&#10;Workflow: ${review.workflow}&#10;Defect Log: ${review.defectlog}&#10;" titleTemplate="Start inspection on Review #${review.id}" />
		<row templateCode="17" suppressed="N" id="17" messageTemplate="${actor.name} has commented in Review #${review.id}: &quot;${review.title}&quot;.  You will need to read the comments and respond if appropriate.&#10;Created: ${review.datecreated} by ${review.creator.name}&#10;Deadline: ${review.deadline}&#10;Workflow: ${review.workflow}&#10;Defect Log: ${review.defectlog}&#10;" titleTemplate="Respond to new chat in Review #${review.id}" />
		<row templateCode="18" suppressed="N" id="18" messageTemplate="The author is reworking defects found in Review #${review.id}: &quot;${review.title}&quot;.  You will be notified when you need to review the rework.&#10;Created: ${review.datecreated} by ${review.creator.name}&#10;Deadline: ${review.deadline}&#10;Workflow: ${review.workflow}&#10;Defect Log: ${review.defectlog}&#10;" titleTemplate="Review #${review.id} is in rework." />
		<row templateCode="19" suppressed="N" id="19" messageTemplate="Review #${review.id}: &quot;${review.title}&quot; is complete.&#10;Thank you for participating.&#10;Created: ${review.datecreated} by ${review.creator.name}&#10;Deadline: ${review.deadline}&#10;Workflow: ${review.workflow}&#10;Defect Log: ${review.defectlog}&#10;" titleTemplate="Review #${review.id} complete" />
		<row templateCode="20" suppressed="N" id="20" messageTemplate="Review #${review.id}: &quot;${review.title}&quot; is back in the ${review.phase} phase.  Users should begin reviewing the author&apos;s proposed fixes.&#10;Created: ${review.datecreated} by ${review.creator.name}&#10;Deadline: ${review.deadline}&#10;Workflow: ${review.workflow}&#10;Defect Log: ${review.defectlog}&#10;" titleTemplate="Resume inspection on Review #${review.id}" />
		<row templateCode="21" suppressed="N" id="21" messageTemplate="Review #${review.id}: &quot;${review.title}&quot; is beginning the inspection phase.&#10;Created: ${review.datecreated} by ${review.creator.name}&#10;Deadline: ${review.deadline}&#10;Workflow: ${review.workflow}&#10;Defect Log: ${review.defectlog}&#10;" titleTemplate="New Review #${review.id} inspection underway" />
		<row templateCode="22" suppressed="N" id="22" messageTemplate="${actor.name} has removed you from Review #${review.id}: &quot;${review.title}&quot;.&#10;&#10;You are no longer part of this review.&#10;Created: ${review.datecreated} by ${review.creator.name}&#10;Deadline: ${review.deadline}&#10;Workflow: ${review.workflow}&#10;Defect Log: ${review.defectlog}&#10;" titleTemplate="No longer a participant in Review #${review.id}" />
		<row templateCode="23" suppressed="N" id="23" messageTemplate="Review #${review.id}: &quot;${review.title}&quot; has been moved back to the ${review.phase} phase by ${actor.name}.&#10;${review.creator.name} will need to finish planning the review so the inspection can continue.&#10;Created: ${review.datecreated} by ${review.creator.name}&#10;Deadline: ${review.deadline}&#10;Workflow: ${review.workflow}&#10;Defect Log: ${review.defectlog}&#10;" titleTemplate="Review #${review.id} moved to ${review.phase}" />
		<row templateCode="24" suppressed="N" id="24" messageTemplate="You are a ${role.title} for new Review #${review.id}: &quot;${review.title}&quot;.&#10;Created: ${review.datecreated} by ${review.creator.name}&#10;Deadline: ${review.deadline}&#10;Workflow: ${review.workflow}&#10;Defect Log: ${review.defectlog}&#10;" titleTemplate="Start inspection on new Review #${review.id}" />
		<row templateCode="25" suppressed="N" id="25" messageTemplate="Review #${review.id}: &quot;${review.title}&quot; is complete and contains unread messages.&#10;You can now commit these changes to version control.&#10;You need to take a look at the unread messages before committing.&#10;Created: ${review.datecreated} by ${review.creator.name}&#10;Deadline: ${review.deadline}&#10;Workflow: ${review.workflow}&#10;Defect Log: ${review.defectlog}&#10;" titleTemplate="Review Complete and Contains Unread Messages; Submit changes from Review #${review.id}" />
		<row templateCode="26" suppressed="N" id="26" messageTemplate="Review #${review.id}: &quot;${review.title}&quot; is complete.&#13;&#10;You can now commit these changes to version control.&#13;&#10;Created: ${review.datecreated} by ${review.creator.name}&#13;&#10;Deadline: ${review.deadline}&#13;&#10;Workflow: ${review.workflow}&#13;&#10;Defect Log: ${review.defectlog}" titleTemplate="Review Complete; Submit changes from Review #${review.id}" />
		<row templateCode="27" suppressed="N" id="27" messageTemplate="Review #${review.id}: &quot;${review.title}&quot; is complete.&#10;Created: ${review.datecreated} by ${review.creator.name}&#10;Deadline: ${review.deadline}&#10;Workflow: ${review.workflow}&#10;Defect Log: ${review.defectlog}&#10;" titleTemplate="Review #${review.id} complete" />
		<row templateCode="28" suppressed="N" id="28" messageTemplate="All reviewers have marked Review #${review.id} complete.  The review will be complete when the author(s) mark the review complete.&#10;Created: ${review.datecreated} by ${review.creator.name}&#10;Deadline: ${review.deadline}&#10;Workflow: ${review.workflow}&#10;Defect Log: ${review.defectlog}&#10;" titleTemplate="All reviewers finished with Review #${review.id}: &quot;${review.title}&quot;" />
		<row templateCode="29" suppressed="N" id="29" messageTemplate="Review #${review.id} has defects that need to be fixed by ${user.name} and verified before the review can complete.&#10;Created: ${review.datecreated} by ${review.creator.name}&#10;Deadline: ${review.deadline}&#10;Workflow: ${review.workflow}&#10;Defect Log: ${review.defectlog}&#10;" titleTemplate="Review #${review.id}: &quot;${review.title}&quot; is currently stalled waiting for ${user.name}" />
		<row templateCode="30" suppressed="N" id="30" messageTemplate="Review #${review.id} has defects that you need to fix before the review can complete.  Please fix the issues, upload the fixes back to Review #${review.id}, and move the review to verification phase so it can complete.&#10;Created: ${review.datecreated} by ${review.creator.name}&#10;Deadline: ${review.deadline}&#10;Workflow: ${review.workflow}&#10;Defect Log: ${review.defectlog}&#10;" titleTemplate="Review #${review.id}: &quot;${review.title}&quot; needs your attention." />
		<row templateCode="31" suppressed="N" id="31" messageTemplate="Review #${review.id} has not been completed and needs your attention.  Your role of ${role.title} means your approval is required before the review is complete.&#13;&#10;&#13;&#10;Please visit Review #${review.id} as soon as you can.&#13;&#10;Created: ${review.datecreated} by ${review.creator.name}&#13;&#10;Deadline: ${review.deadline}&#13;&#10;Workflow: ${review.workflow}&#13;&#10;Defect Log: ${review.defectlog}" titleTemplate="Review #${review.id}: &quot;${review.title}&quot; needs your attention" />
		<row templateCode="32" suppressed="N" id="32" messageTemplate="Review #${review.id}: &quot;${review.title}&quot; has been cancelled by ${actor.name}.  No further activity can take place.&#10;Created: ${review.datecreated} by ${review.creator.name}&#10;Deadline: ${review.deadline}&#10;Workflow: ${review.workflow}&#10;Defect Log: ${review.defectlog}&#10;" titleTemplate="Review #${review.id} cancelled " />
		<row templateCode="33" suppressed="N" id="33" messageTemplate="${actor.name} has changed your role to ${role.title} in Review #${review.id}: &quot;${review.title}&quot;.&#10;Created: ${review.datecreated} by ${review.creator.name}&#10;Deadline: ${review.deadline}&#10;Workflow: ${review.workflow}&#10;Defect Log: ${review.defectlog}&#10;" titleTemplate="Role in Review #${review.id} has changed to ${role.title}" />
		<row templateCode="34" suppressed="N" id="34" messageTemplate="All reviewers have marked Review #${review.id} complete.  You must also mark the review complete for it to be finished.&#10;Created: ${review.datecreated} by ${review.creator.name}&#10;Deadline: ${review.deadline}&#10;Workflow: ${review.workflow}&#10;Defect Log: ${review.defectlog}&#10;" titleTemplate="All reviewers finished with Review #${review.id}: &quot;${review.title}&quot;" />
		<row templateCode="35" suppressed="N" id="35" messageTemplate="Review #${review.id}: &quot;${review.title}&quot; has been moved back to the ${review.phase} phase by ${actor.name}.&#10;You need to finish planning the review so the inspection can continue.&#10;Created: ${review.datecreated} by ${review.creator.name}&#10;Deadline: ${review.deadline}&#10;Workflow: ${review.workflow}&#10;Defect Log: ${review.defectlog}&#10;" titleTemplate="Continue Planning Review #${review.id}" />
		<row templateCode="36" suppressed="N" id="36" messageTemplate="You need to rework defects found in Review #${review.id}: &quot;${review.title}&quot;.&#10;Created: ${review.datecreated} by ${review.creator.name}&#10;Deadline: ${review.deadline}&#10;Workflow: ${review.workflow}&#10;Defect Log: ${review.defectlog}&#10;" titleTemplate="Rework defects in Review #${review.id}" />
		<row templateCode="37" suppressed="N" id="37" messageTemplate="Dear sir or madam,&#13;&#10;&#13;&#10;Your attention would be much appreciated in the following review.  &#13;&#10;&#13;&#10;Yours, &#13;&#10;${actor.name}&#13;&#10;&#13;&#10;------------&#13;&#10;&#13;&#10;Review #${review.id}: &quot;${review.title}&quot; requires your attention - ${actor.name} sent you a poke.&#13;&#10;&#13;&#10;Review #${review.id} purpose: ${review.custom.Purpose}" titleTemplate="Poke sent by ${actor.name} about Review #${review.id}: &quot;${review.title}&quot;" />
		<row templateCode="38" suppressed="N" id="38" messageTemplate="Review #${review.id}: &quot;${review.title}&quot; has been rejected by ${actor.name}.  No further activity can take place.&#10;Created: ${review.datecreated} by ${review.creator.name}&#10;Deadline: ${review.deadline}&#10;Workflow: ${review.workflow}&#10;Defect Log: ${review.defectlog}&#10;" titleTemplate="Review #${review.id} rejected " />
		<row templateCode="39" suppressed="N" id="39" messageTemplate="Review #${review.id}: &quot;${review.title}&quot; has been rejected by ${actor.name}.  No further activity can take place.&#10;Created: ${review.datecreated} by ${review.creator.name}&#10;Deadline: ${review.deadline}&#10;Workflow: ${review.workflow}&#10;Defect Log: ${review.defectlog}&#10;" titleTemplate="Review #${review.id} rejected" />
		<row templateCode="40" suppressed="N" id="40" messageTemplate="You are a ${role.title} for Review #${review.id}: &quot;${review.title}&quot; which is now in the ${review.phase} phase.  You are invited to add comments and materials before the inspection begins.&#10;Created: ${review.datecreated} by ${review.creator.name}&#10;Deadline: ${review.deadline}&#10;Workflow: ${review.workflow}&#10;Defect Log: ${review.defectlog}&#10;" titleTemplate="Review #${review.id} is open for annotation." />
		<row templateCode="41" suppressed="N" id="41" messageTemplate="Review #${review.id}: &quot;${review.title}&quot; is now in the ${review.phase} phase.&#10;Created: ${review.datecreated} by ${review.creator.name}&#10;Deadline: ${review.deadline}&#10;Workflow: ${review.workflow}&#10;Defect Log: ${review.defectlog}&#10;" titleTemplate="Review #${review.id} is open for annotation." />
		<row templateCode="42" suppressed="N" id="42" messageTemplate="Review #${review.id} is currently stalled in the ${review.phase} phase and is waiting for you to begin the inspection." titleTemplate="Review #${review.id}: &quot;${review.title}&quot; needs your attention." />
		<row templateCode="43" suppressed="N" id="43" messageTemplate="Review #${review.id}: &quot;${review.title}&quot; is complete.&#10;You are required to sign off on this Review.&#10;Created: ${review.datecreated} by ${review.creator.name}&#10;Deadline: ${review.deadline}&#10;Workflow: ${review.workflow}&#10;Defect Log: ${review.defectlog}&#10;" titleTemplate="Review #${review.id} complete and needs to be signed" />
		<row templateCode="44" suppressed="N" id="44" messageTemplate="Review #${review.id}: &quot;${review.title}&quot; is complete.&#10;The Review now needs to be signed for approval.&#10;Created: ${review.datecreated} by ${review.creator.name}&#10;Deadline: ${review.deadline}&#10;Workflow: ${review.workflow}&#10;Defect Log: ${review.defectlog}&#10;" titleTemplate="Review #${review.id} complete; Awaiting signatures." />
		<row templateCode="45" suppressed="N" id="45" messageTemplate="A signer has declined to sign Review #${review.id}.&#10;Created: ${review.datecreated} by ${review.creator.name}&#10;Deadline: ${review.deadline}&#10;Workflow: ${review.workflow}&#10;Defect Log: ${review.defectlog}&#10;" titleTemplate="Review #${review.id}: Signature has been rejected." />
		<row templateCode="46" suppressed="N" id="46" messageTemplate="Review #${review.id}: &quot;${review.title}&quot; is now signed.&#10;Created: ${review.datecreated} by ${review.creator.name}&#10;Deadline: ${review.deadline}&#10;Workflow: ${review.workflow}&#10;Defect Log: ${review.defectlog}&#10;" titleTemplate="Review #${review.id} signed" />
		<row templateCode="47" suppressed="N" id="47" messageTemplate="Review #${review.id}: &quot;${review.title}&quot; is now signed.&#10;You can now commit these changes to version control.&#10;Created: ${review.datecreated} by ${review.creator.name}&#10;Deadline: ${review.deadline}&#10;Workflow: ${review.workflow}&#10;Defect Log: ${review.defectlog}&#10;" titleTemplate="Review #${review.id} signed; Awaiting checkin." />
		<row templateCode="48" suppressed="N" id="48" messageTemplate="Review #${review.id}: &quot;${review.title}&quot; requires Review Pool participant selection.&#10;Created: ${review.datecreated} by ${review.creator.name}&#10;Deadline: ${review.deadline}&#10;Workflow: ${review.workflow}&#10;Defect Log: ${review.defectlog}&#10;" titleTemplate="You are a Review Pool candidate for Review #${review.id}." />
		<row templateCode="49" suppressed="N" id="49" messageTemplate="${actor.name} has added you as ${role.title} in Review #${review.id}: &quot;${review.title}&quot;.&#10;Created: ${review.datecreated} by ${review.creator.name}&#10;Deadline: ${review.deadline}&#10;Workflow: ${review.workflow}&#10;Defect Log: ${review.defectlog}&#10; " titleTemplate="Review #${review.id} has been created and requires your action." />
		<row templateCode="50" suppressed="N" id="50" messageTemplate="User ${actor.name}&#10; was denied access because there are no more licenses available.&#10; To increase your Collaborator license count, contact your SmartBear Account Manager - sales@smartbear.com." titleTemplate="Collaborator: User denied access - License count reached" />
		<row templateCode="51" suppressed="N" id="51" messageTemplate="Review #${review.id} is currently approaching the Deadline: ${review.deadline} in the ${review.phase} phase and is waiting for you to begin the inspection." titleTemplate="Review #${review.id}: &quot;${review.title}&quot; is approaching the Deadline: ${review.deadline} and needs your attention." />
		<row templateCode="52" suppressed="N" id="52" messageTemplate="Review #${review.id} has defects that you need to fix before the review can complete.  Please fix the issues, upload the fixes back to Review #${review.id}, and move the review to verification phase so it can complete.&#10;Created: ${review.datecreated} by ${review.creator.name}&#10;Deadline: ${review.deadline}&#10;Workflow: ${review.workflow}&#10;Defect Log: ${review.defectlog}&#10;" titleTemplate="Review #${review.id}: &quot;${review.title}&quot; is approaching the Deadline: ${review.deadline} and needs your attention." />
		<row templateCode="53" suppressed="N" id="53" messageTemplate="Review #${review.id} has defects that need to be fixed by ${user.name} and verified before the review can complete.&#10;Created: ${review.datecreated} by ${review.creator.name}&#10;Deadline: ${review.deadline}&#10;Workflow: ${review.workflow}&#10;Defect Log: ${review.defectlog}&#10;" titleTemplate="Review #${review.id}: &quot;${review.title}&quot; is currently approaching the Deadline: ${review.deadline} for ${user.name}" />
		<row templateCode="54" suppressed="N" id="54" messageTemplate="Review #${review.id} has not been completed and is approaching the Deadline: ${review.deadline}.  Your role of ${role.title} means your approval is required before the review is complete.&#10;&#10;Please visit Review #${review.id} as soon as you can.&#10;Created: ${review.datecreated} by ${review.creator.name}&#10;Deadline: ${review.deadline}&#10;Workflow: ${review.workflow}&#10;Defect Log: ${review.defectlog}&#10;" titleTemplate="Review #${review.id}: &quot;${review.title}&quot; is approaching the Deadline: ${review.deadline} and needs your attention" />
		<row templateCode="55" suppressed="N" id="55" messageTemplate="Review #${review.id} is awaiting approval from ${user.name} before it can be completed.&#10;Created: ${review.datecreated} by ${review.creator.name}&#10;Deadline: ${review.deadline}&#10;Workflow: ${review.workflow}&#10;Defect Log: ${review.defectlog}&#10;" titleTemplate="Review #${review.id}: &quot;${review.title}&quot; is currently approaching the Deadline: ${review.deadline} for ${user.name}" />
		<row templateCode="56" suppressed="N" id="56" messageTemplate="Review #${review.id}: &quot;${review.title}&quot;&#10;Author: ${review.author.name}&#10;Created: ${review.datecreated}&#10;Deadline: ${review.deadline}&#10;Review Type: ${review.workflow}&#10;" titleTemplate="Review #${review.id}: &quot;${review.title}&quot;" />
		<row templateCode="57" suppressed="N" id="57" messageTemplate="The deadline for this review has changed.&#10;Review #${review.id}: &quot;${review.title}&quot;&#10;New deadline: ${review.deadline}&#10;Phase: ${review.phase}&#10; Created: ${review.datecreated} by ${review.creator.name}&#10;Workflow: ${review.workflow}&#10;Ladybug Log: ${review.defectlog}" titleTemplate="Review #${review.id}&apos;s deadline has changed" />
	</rows>
</table>