<?xml version="1.1"?>
<table name="com.smartbear.ccollab.datamodel.MetaDataSelectItemData" nrows="260" ncols="6">
	<columns>
		<column name="description" type="string" />
		<column name="id" type="int" />
		<column name="title" type="string" />
		<column name="enabled" type="char" />
		<column name="seq" type="int" />
		<column name="fieldId" type="int" />
	</columns>
	<rows>
		<row description="Significant problem, possibly with no work-around" id="1" title="Major" enabled="Y" seq="1" fieldId="50" />
		<row description="Small problem, work-around available" id="2" title="Minor" enabled="Y" seq="2" fieldId="50" />
		<row description="" id="3" title="Algorithm" enabled="Y" seq="1" fieldId="51" />
		<row description="" id="4" title="Build" enabled="Y" seq="2" fieldId="51" />
		<row description="" id="5" title="Data Access" enabled="Y" seq="3" fieldId="51" />
		<row description="" id="6" title="Documentation" enabled="Y" seq="4" fieldId="51" />
		<row description="" id="7" title="Error-Handling" enabled="Y" seq="5" fieldId="51" />
		<row description="" id="8" title="Interface" enabled="Y" seq="6" fieldId="51" />
		<row description="" id="9" title="Maintainability" enabled="Y" seq="7" fieldId="51" />
		<row description="" id="10" title="Performance" enabled="Y" seq="8" fieldId="51" />
		<row description="" id="11" title="Robustness" enabled="Y" seq="9" fieldId="51" />
		<row description="" id="12" title="Style" enabled="Y" seq="10" fieldId="51" />
		<row description="" id="13" title="Testing" enabled="Y" seq="11" fieldId="51" />
		<row description="" id="14" title="Text" enabled="Y" seq="12" fieldId="51" />
		<row description="" id="15" title="1 - one" enabled="Y" seq="1" fieldId="86" />
		<row description="" id="16" title="2 - two" enabled="Y" seq="2" fieldId="86" />
		<row description="" id="17" title="3 - three" enabled="Y" seq="3" fieldId="86" />
		<row description="" id="18" title="a - alpha" enabled="Y" seq="1" fieldId="92" />
		<row description="" id="19" title="b - beta" enabled="Y" seq="2" fieldId="92" />
		<row description="" id="20" title="c - gamma" enabled="Y" seq="3" fieldId="92" />
		<row description="" id="21" title="x - ex" enabled="Y" seq="1" fieldId="100" />
		<row description="" id="22" title="y - why" enabled="Y" seq="2" fieldId="100" />
		<row description="" id="23" title="z - zed" enabled="Y" seq="3" fieldId="100" />
		<row description="" id="24" title="1 - won" enabled="N" seq="99999" fieldId="108" />
		<row description="" id="25" title="2 - too" enabled="N" seq="99999" fieldId="108" />
		<row description="" id="26" title="3 - free" enabled="N" seq="99999" fieldId="108" />
		<row description="" id="27" title="4 - for" enabled="N" seq="99999" fieldId="108" />
		<row description="" id="28" title="10 = Four inspectors with knowledge" enabled="Y" seq="1" fieldId="108" />
		<row description="" id="29" title="5 = Three inspectors with knowledge" enabled="Y" seq="2" fieldId="108" />
		<row description="" id="30" title="a" enabled="Y" seq="1" fieldId="187" />
		<row description="" id="31" title="b" enabled="Y" seq="2" fieldId="187" />
		<row description="" id="32" title="c" enabled="Y" seq="3" fieldId="187" />
		<row description="" id="33" title="Yes" enabled="Y" seq="1" fieldId="191" />
		<row description="" id="34" title="No" enabled="Y" seq="2" fieldId="191" />
		<row description="" id="35" title="I don&apos;t believe in magic" enabled="Y" seq="3" fieldId="191" />
		<row description="" id="36" title="Security" enabled="Y" seq="1" fieldId="197" />
		<row description="" id="37" title="Performance" enabled="Y" seq="2" fieldId="197" />
		<row description="" id="38" title="Correctness" enabled="Y" seq="3" fieldId="197" />
		<row description="" id="39" title="Error Handling" enabled="Y" seq="4" fieldId="197" />
		<row description="" id="40" title="Item a" enabled="Y" seq="1" fieldId="203" />
		<row description="" id="41" title="Another item" enabled="Y" seq="2" fieldId="203" />
		<row description="" id="42" title="This is a third" enabled="Y" seq="3" fieldId="203" />
		<row description="" id="43" title="Ignore me" enabled="Y" seq="4" fieldId="203" />
		<row description="" id="44" title="Matt Did this" enabled="Y" seq="5" fieldId="203" />
		<row description="" id="45" title="CodeCollaborator|5.0|Misc" enabled="N" seq="99999" fieldId="205" />
		<row description="" id="46" title="CodeCollaborator|5.0|SCM" enabled="N" seq="99999" fieldId="205" />
		<row description="" id="47" title="CodeCollaborator|5.0|Web" enabled="N" seq="99999" fieldId="205" />
		<row description="" id="48" title="CodeCollaborator|5.0|CLI" enabled="N" seq="99999" fieldId="205" />
		<row description="" id="49" title="CodeCollaborator|5.0|GUI" enabled="N" seq="99999" fieldId="205" />
		<row description="" id="50" title="CodeCollaborator|5.0|Eclipse" enabled="N" seq="99999" fieldId="205" />
		<row description="" id="51" title="CodeCollaborator|6.0|Misc" enabled="N" seq="99999" fieldId="205" />
		<row description="" id="52" title="CodeCollaborator|6.0|SCM" enabled="N" seq="99999" fieldId="205" />
		<row description="" id="53" title="CodeCollaborator|6.0|Web" enabled="N" seq="99999" fieldId="205" />
		<row description="" id="54" title="CodeCollaborator|6.0|CLI" enabled="N" seq="99999" fieldId="205" />
		<row description="" id="55" title="CodeCollaborator|6.0|GUI" enabled="N" seq="99999" fieldId="205" />
		<row description="" id="56" title="CodeCollaborator|6.0|Eclipse" enabled="N" seq="99999" fieldId="205" />
		<row description="" id="57" title="CodeCollaborator|7.0|Misc" enabled="N" seq="99999" fieldId="205" />
		<row description="" id="58" title="CodeCollaborator|7.0|SCM" enabled="N" seq="99999" fieldId="205" />
		<row description="" id="59" title="CodeCollaborator|7.0|Web" enabled="N" seq="99999" fieldId="205" />
		<row description="" id="60" title="CodeCollaborator|7.0|CLI" enabled="N" seq="99999" fieldId="205" />
		<row description="" id="61" title="CodeCollaborator|7.0|GUI" enabled="N" seq="99999" fieldId="205" />
		<row description="" id="62" title="CodeCollaborator|7.0|Eclipse" enabled="N" seq="99999" fieldId="205" />
		<row description="" id="63" title="CodeCollaborator|6.0|VS" enabled="N" seq="99999" fieldId="205" />
		<row description="" id="64" title="Wrong Files" enabled="Y" seq="1" fieldId="204" />
		<row description="" id="65" title="Not Annotated" enabled="Y" seq="2" fieldId="204" />
		<row description="" id="66" title="Incorrectly Assigned" enabled="Y" seq="3" fieldId="204" />
		<row description="" id="67" title="1" enabled="Y" seq="1" fieldId="207" />
		<row description="" id="68" title="2" enabled="Y" seq="2" fieldId="207" />
		<row description="" id="69" title="3" enabled="Y" seq="3" fieldId="207" />
		<row description="" id="70" title="4" enabled="Y" seq="4" fieldId="207" />
		<row description="" id="71" title="5" enabled="Y" seq="5" fieldId="207" />
		<row description="" id="72" title="Three|Four" enabled="Y" seq="1" fieldId="208" />
		<row description="" id="73" title="CodeCollaborator|5.0|Misc" enabled="Y" seq="1" fieldId="209" />
		<row description="" id="74" title="CodeCollaborator|5.0|SCM" enabled="Y" seq="2" fieldId="209" />
		<row description="" id="75" title="CodeCollaborator|5.0|Web" enabled="Y" seq="3" fieldId="209" />
		<row description="" id="76" title="CodeCollaborator|5.0|CLI" enabled="Y" seq="4" fieldId="209" />
		<row description="" id="77" title="CodeCollaborator|5.0|GUI" enabled="Y" seq="5" fieldId="209" />
		<row description="" id="78" title="CodeCollaborator|5.0|Eclipse" enabled="Y" seq="6" fieldId="209" />
		<row description="" id="79" title="CodeCollaborator|6.0|Misc" enabled="Y" seq="7" fieldId="209" />
		<row description="" id="80" title="CodeCollaborator|6.0|SCM" enabled="Y" seq="8" fieldId="209" />
		<row description="" id="81" title="CodeCollaborator|6.0|Web" enabled="Y" seq="9" fieldId="209" />
		<row description="" id="82" title="CodeCollaborator|6.0|CLI" enabled="Y" seq="10" fieldId="209" />
		<row description="" id="83" title="CodeCollaborator|6.0|GUI" enabled="Y" seq="11" fieldId="209" />
		<row description="" id="84" title="CodeCollaborator|6.0|Eclipse" enabled="Y" seq="12" fieldId="209" />
		<row description="" id="85" title="CodeCollaborator|6.0|VS" enabled="Y" seq="13" fieldId="209" />
		<row description="" id="86" title="CodeCollaborator|7.0|Misc" enabled="Y" seq="14" fieldId="209" />
		<row description="" id="87" title="CodeCollaborator|7.0|SCM" enabled="Y" seq="15" fieldId="209" />
		<row description="" id="88" title="CodeCollaborator|7.0|Web" enabled="Y" seq="16" fieldId="209" />
		<row description="" id="89" title="CodeCollaborator|7.0|CLI" enabled="Y" seq="17" fieldId="209" />
		<row description="" id="90" title="CodeCollaborator|7.0|GUI" enabled="Y" seq="18" fieldId="209" />
		<row description="" id="91" title="CodeCollaborator|7.0|Eclipse" enabled="Y" seq="19" fieldId="209" />
		<row description="" id="92" title="A|B|C" enabled="N" seq="99999" fieldId="205" />
		<row description="" id="93" title="Blah|3.0|asdkf" enabled="N" seq="99999" fieldId="205" />
		<row description="" id="94" title="I&apos;d rather scratch my eyes out" enabled="Y" seq="4" fieldId="204" />
		<row description="" id="95" title="Reason #5" enabled="Y" seq="5" fieldId="204" />
		<row description="" id="96" title="No good reason" enabled="Y" seq="6" fieldId="204" />
		<row description="" id="97" title="You need to learn from rejection" enabled="Y" seq="7" fieldId="204" />
		<row description="" id="98" title="Too much work" enabled="Y" seq="8" fieldId="204" />
		<row description="" id="99" title="I&apos;m a pointless contrarian" enabled="Y" seq="9" fieldId="204" />
		<row description="" id="100" title="Not telling" enabled="Y" seq="10" fieldId="204" />
		<row description="" id="101" title="one" enabled="N" seq="99999" fieldId="210" />
		<row description="" id="102" title="two" enabled="N" seq="99999" fieldId="210" />
		<row description="" id="103" title="three" enabled="N" seq="99999" fieldId="210" />
		<row description="" id="104" title="reason four" enabled="N" seq="99999" fieldId="210" />
		<row description="" id="105" title="Wrong Files" enabled="Y" seq="1" fieldId="210" />
		<row description="" id="106" title="Not Annotated" enabled="Y" seq="2" fieldId="210" />
		<row description="" id="107" title="Incorrectly Assigned" enabled="Y" seq="3" fieldId="210" />
		<row description="" id="108" title="!@#$%^&amp;*()_+" enabled="N" seq="99999" fieldId="204" />
		<row description="" id="109" title="fsdaf" enabled="Y" seq="1" fieldId="211" />
		<row description="" id="110" title="Unspecified" enabled="Y" seq="3" fieldId="50" />
		<row description="" id="111" title="one" enabled="Y" seq="1" fieldId="212" />
		<row description="" id="112" title="two" enabled="Y" seq="2" fieldId="212" />
		<row description="" id="113" title="three" enabled="Y" seq="3" fieldId="212" />
		<row description="" id="114" title="one" enabled="Y" seq="1" fieldId="213" />
		<row description="" id="115" title="two" enabled="Y" seq="2" fieldId="213" />
		<row description="" id="116" title="three" enabled="Y" seq="3" fieldId="213" />
		<row description="" id="117" title="CodeCollaborator|6.0|Core" enabled="N" seq="99999" fieldId="205" />
		<row description="" id="118" title="version-6.0" enabled="Y" seq="1" fieldId="214" />
		<row description="" id="119" title="version-7.0" enabled="Y" seq="2" fieldId="214" />
		<row description="" id="120" title="version-7.1" enabled="Y" seq="3" fieldId="214" />
		<row description="" id="121" title="version-6.0" enabled="Y" seq="1" fieldId="215" />
		<row description="" id="122" title="version-7.0" enabled="Y" seq="2" fieldId="215" />
		<row description="" id="123" title="version-7.1" enabled="Y" seq="3" fieldId="215" />
		<row description="" id="124" title="collab|7.1|web" enabled="Y" seq="1" fieldId="205" />
		<row description="" id="125" title="collab|7.0|rtc" enabled="N" seq="99999" fieldId="205" />
		<row description="" id="126" title="prc|7.1|web" enabled="Y" seq="3" fieldId="205" />
		<row description="" id="127" title="prc|7.0|rtc" enabled="Y" seq="4" fieldId="205" />
		<row description="" id="128" title="one" enabled="Y" seq="1" fieldId="219" />
		<row description="" id="129" title="two" enabled="Y" seq="2" fieldId="219" />
		<row description="" id="130" title="three" enabled="Y" seq="3" fieldId="219" />
		<row description="" id="131" title="one" enabled="Y" seq="1" fieldId="220" />
		<row description="" id="132" title="two" enabled="Y" seq="2" fieldId="220" />
		<row description="" id="133" title="three" enabled="Y" seq="3" fieldId="220" />
		<row description="" id="134" title="one|two|three" enabled="Y" seq="1" fieldId="221" />
		<row description="" id="135" title="Bad|Worse|OMG" enabled="Y" seq="2" fieldId="221" />
		<row description="" id="136" title="now|later|never" enabled="Y" seq="3" fieldId="221" />
		<row description="" id="137" title="collaba|7.0a|rtca" enabled="Y" seq="2" fieldId="205" />
		<row description="" id="138" title="x%|n/a|n/a" enabled="Y" seq="5" fieldId="205" />
		<row description="" id="139" title="collab|7.0|bld|aa" enabled="Y" seq="1" fieldId="236" />
		<row description="" id="140" title="collaba|7.1a|blaha|nn" enabled="Y" seq="2" fieldId="236" />
		<row description="" id="141" title="prc|7.0|dakla|cc" enabled="Y" seq="3" fieldId="236" />
		<row description="" id="142" title="prc|7.1|fjaks|dd" enabled="Y" seq="4" fieldId="236" />
		<row description="" id="143" title="prc|7.9|Web UI|Gener" enabled="Y" seq="1" fieldId="237" />
		<row description="" id="144" title="prc|7.8|Client|Clearcase" enabled="Y" seq="2" fieldId="237" />
		<row description="" id="145" title="CC|8.0|Command|TFS" enabled="Y" seq="3" fieldId="237" />
		<row description="" id="146" title="CC|8.1|Plugin|wa" enabled="Y" seq="4" fieldId="237" />
		<row description="" id="147" title="aaaaaaa" enabled="Y" seq="1" fieldId="240" />
		<row description="" id="148" title="bbbbbb" enabled="Y" seq="2" fieldId="240" />
		<row description="" id="149" title="cccccccccc" enabled="Y" seq="3" fieldId="240" />
		<row description="" id="150" title="collab|7.0|bld|aa" enabled="Y" seq="1" fieldId="241" />
		<row description="" id="151" title="collaba|7.1a|blaha|nn" enabled="Y" seq="2" fieldId="241" />
		<row description="" id="152" title="prc|7.0|dakla|cc" enabled="Y" seq="3" fieldId="241" />
		<row description="" id="153" title="prc|7.1|fjaks|dd" enabled="Y" seq="4" fieldId="241" />
		<row description="" id="154" title="aaaaaaaaaa" enabled="Y" seq="1" fieldId="244" />
		<row description="" id="155" title="bbbbbbbb" enabled="Y" seq="2" fieldId="244" />
		<row description="" id="156" title="ccccccccc" enabled="Y" seq="3" fieldId="244" />
		<row description="" id="157" title="1" enabled="Y" seq="1" fieldId="246" />
		<row description="" id="158" title="2" enabled="Y" seq="2" fieldId="246" />
		<row description="" id="159" title="3" enabled="Y" seq="3" fieldId="246" />
		<row description="" id="160" title="4" enabled="Y" seq="4" fieldId="246" />
		<row description="" id="161" title="5" enabled="Y" seq="5" fieldId="246" />
		<row description="" id="162" title="XXX" enabled="Y" seq="1" fieldId="247" />
		<row description="" id="163" title="YYY" enabled="Y" seq="2" fieldId="247" />
		<row description="" id="164" title="ZZZ" enabled="Y" seq="3" fieldId="247" />
		<row description="" id="165" title="Alice" enabled="Y" seq="1" fieldId="248" />
		<row description="" id="166" title="Bob" enabled="Y" seq="2" fieldId="248" />
		<row description="" id="167" title="Charlie" enabled="Y" seq="3" fieldId="248" />
		<row description="" id="168" title="dfgdfsgdsggsdfg" enabled="Y" seq="1" fieldId="251" />
		<row description="" id="169" title="fg" enabled="Y" seq="2" fieldId="251" />
		<row description="" id="170" title="fg" enabled="Y" seq="3" fieldId="251" />
		<row description="" id="171" title="sdfg" enabled="Y" seq="4" fieldId="251" />
		<row description="" id="172" title="dsg" enabled="Y" seq="5" fieldId="251" />
		<row description="" id="173" title="dgsd" enabled="Y" seq="6" fieldId="251" />
		<row description="" id="174" title="fgsd" enabled="Y" seq="7" fieldId="251" />
		<row description="" id="175" title="fg" enabled="Y" seq="8" fieldId="251" />
		<row description="" id="176" title="Rick|isGood" enabled="N" seq="99999" fieldId="253" />
		<row description="" id="177" title="Rick|isBad" enabled="N" seq="99999" fieldId="253" />
		<row description="" id="178" title="foo|foor" enabled="N" seq="99999" fieldId="253" />
		<row description="" id="179" title="foo|bar" enabled="N" seq="99999" fieldId="253" />
		<row description="" id="180" title="bar|foo" enabled="N" seq="99999" fieldId="253" />
		<row description="" id="181" title="Test|Test" enabled="N" seq="99999" fieldId="253" />
		<row description="" id="182" title="Test2|Test" enabled="N" seq="99999" fieldId="253" />
		<row description="" id="183" title="Test3|Test" enabled="N" seq="99999" fieldId="253" />
		<row description="" id="184" title="Parent1|Child1" enabled="Y" seq="1" fieldId="253" />
		<row description="" id="185" title="Parent1|Child2" enabled="Y" seq="2" fieldId="253" />
		<row description="" id="186" title="Parent2|Child1" enabled="Y" seq="3" fieldId="253" />
		<row description="" id="187" title="product|1|dev" enabled="Y" seq="1" fieldId="264" />
		<row description="" id="188" title="product|2|dev" enabled="Y" seq="2" fieldId="264" />
		<row description="" id="189" title="product|2|qa" enabled="Y" seq="3" fieldId="264" />
		<row description="" id="190" title="product2|1|dev" enabled="Y" seq="4" fieldId="264" />
		<row description="" id="191" title="27C" enabled="Y" seq="1" fieldId="267" />
		<row description="" id="192" title="29C" enabled="Y" seq="2" fieldId="267" />
		<row description="" id="193" title="No" enabled="Y" seq="3" fieldId="267" />
		<row description="" id="194" title="11111111111" enabled="Y" seq="1" fieldId="446" />
		<row description="" id="195" title="22222222222" enabled="Y" seq="2" fieldId="446" />
		<row description="" id="196" title="33333333333" enabled="Y" seq="3" fieldId="446" />
		<row description="" id="197" title="44444444444" enabled="Y" seq="4" fieldId="446" />
		<row description="" id="198" title="a" enabled="N" seq="99999" fieldId="442" />
		<row description="" id="199" title="b" enabled="N" seq="99999" fieldId="442" />
		<row description="" id="200" title="c" enabled="N" seq="99999" fieldId="442" />
		<row description="" id="201" title="project 1" enabled="N" seq="99999" fieldId="442" />
		<row description="" id="202" title="Team Edition" enabled="Y" seq="1" fieldId="654" />
		<row description="" id="203" title="RTC 6.x Support" enabled="Y" seq="2" fieldId="654" />
		<row description="" id="204" title="Visual Studio Plug-in" enabled="Y" seq="3" fieldId="654" />
		<row description="" id="205" title="Microsoft Word Support" enabled="Y" seq="4" fieldId="654" />
		<row description="" id="206" title="Adobe PDF Support" enabled="Y" seq="5" fieldId="654" />
		<row description="" id="207" title="PRC|8.0|Web|A" enabled="Y" seq="1" fieldId="1073" />
		<row description="" id="208" title="PRC|8.0|Web|B" enabled="Y" seq="2" fieldId="1073" />
		<row description="" id="209" title="PRC|8.0|Client|C" enabled="Y" seq="3" fieldId="1073" />
		<row description="" id="210" title="PRC|8.0|Command|C" enabled="Y" seq="4" fieldId="1073" />
		<row description="" id="211" title="PRC|8.0|Command|D" enabled="Y" seq="5" fieldId="1073" />
		<row description="" id="212" title="PRC|7.0|Web|A" enabled="Y" seq="6" fieldId="1073" />
		<row description="" id="213" title="PRC|7.0|pWeb|B" enabled="Y" seq="7" fieldId="1073" />
		<row description="" id="214" title="PRC|7.0|Client|C" enabled="Y" seq="8" fieldId="1073" />
		<row description="" id="215" title="PRC|7.0|Client|Command" enabled="Y" seq="9" fieldId="1073" />
		<row description="" id="216" title="PRC|7.0|B|C" enabled="Y" seq="10" fieldId="1073" />
		<row description="" id="217" title="PRC|7.0|Command|C" enabled="Y" seq="11" fieldId="1073" />
		<row description="" id="218" title="Code|6.0|Web|A" enabled="Y" seq="12" fieldId="1073" />
		<row description="" id="219" title="Code|6.0|Web|B" enabled="Y" seq="13" fieldId="1073" />
		<row description="" id="220" title="Code|6.0|Client|C" enabled="Y" seq="14" fieldId="1073" />
		<row description="" id="221" title="Code|6.0|Command|C" enabled="Y" seq="15" fieldId="1073" />
		<row description="" id="222" title="Code|6.0|Command|D" enabled="Y" seq="16" fieldId="1073" />
		<row description="" id="223" title="Code|7.0|Web|A" enabled="Y" seq="17" fieldId="1073" />
		<row description="" id="224" title="Code|7.0|pWeb|B" enabled="Y" seq="18" fieldId="1073" />
		<row description="" id="225" title="Code|7.0|Client|C" enabled="Y" seq="19" fieldId="1073" />
		<row description="" id="226" title="Code|7.0|Client|Command" enabled="Y" seq="20" fieldId="1073" />
		<row description="" id="227" title="Code|7.0|B|C" enabled="Y" seq="21" fieldId="1073" />
		<row description="" id="228" title="Code|7.0|Command|C" enabled="Y" seq="22" fieldId="1073" />
		<row description="" id="229" title="aaaaaa" enabled="Y" seq="1" fieldId="876" />
		<row description="" id="230" title="bbbbbbb" enabled="Y" seq="2" fieldId="876" />
		<row description="" id="231" title="cccccccc" enabled="Y" seq="3" fieldId="876" />
		<row description="" id="232" title="item1" enabled="N" seq="99999" fieldId="1365" />
		<row description="" id="233" title="item2" enabled="N" seq="99999" fieldId="1365" />
		<row description="" id="234" title="PRC|7.0|Web|A" enabled="N" seq="99999" fieldId="1369" />
		<row description="" id="235" title="PRC|7.0|pWeb|B" enabled="N" seq="99999" fieldId="1369" />
		<row description="" id="236" title="PRC|7.0|Client|C" enabled="N" seq="99999" fieldId="1369" />
		<row description="" id="237" title="PRC|7.0|Client|Command" enabled="N" seq="99999" fieldId="1369" />
		<row description="" id="238" title="PRC|7.0|B|C" enabled="N" seq="99999" fieldId="1369" />
		<row description="" id="239" title="PRC|7.0|Command|C" enabled="N" seq="99999" fieldId="1369" />
		<row description="" id="240" title="Code|6.0|Web|A" enabled="N" seq="99999" fieldId="1369" />
		<row description="" id="241" title="Code|6.0|Web|B" enabled="N" seq="99999" fieldId="1369" />
		<row description="" id="242" title="Code|6.0|Client|C" enabled="N" seq="99999" fieldId="1369" />
		<row description="" id="243" title="Code|6.0|Command|C" enabled="N" seq="99999" fieldId="1369" />
		<row description="" id="244" title="Code|6.0|Command|D" enabled="N" seq="99999" fieldId="1369" />
		<row description="" id="245" title="aaaaaaaaaaaa" enabled="Y" seq="1" fieldId="1370" />
		<row description="" id="246" title="bbbbbbbbbb" enabled="Y" seq="2" fieldId="1370" />
		<row description="" id="247" title="ccccccccccc" enabled="Y" seq="3" fieldId="1370" />
		<row description="" id="248" title="PRC|7.0|Web" enabled="Y" seq="1" fieldId="1369" />
		<row description="" id="249" title="PRC|7.0|pWeb" enabled="Y" seq="2" fieldId="1369" />
		<row description="" id="250" title="PRC|7.0|Client" enabled="Y" seq="3" fieldId="1369" />
		<row description="" id="251" title="PRC|7.0|Client" enabled="N" seq="99999" fieldId="1369" />
		<row description="" id="252" title="PRC|7.0|B" enabled="Y" seq="4" fieldId="1369" />
		<row description="" id="253" title="PRC|7.0|Command" enabled="Y" seq="5" fieldId="1369" />
		<row description="" id="254" title="Code|6.0|We" enabled="Y" seq="6" fieldId="1369" />
		<row description="" id="255" title="Code|6.0|Web" enabled="Y" seq="7" fieldId="1369" />
		<row description="" id="256" title="Code|6.0|Client" enabled="Y" seq="8" fieldId="1369" />
		<row description="" id="257" title="Code|6.0|Command" enabled="Y" seq="9" fieldId="1369" />
		<row description="" id="258" title="Subject Matter Expert" enabled="Y" seq="1" fieldId="1365" />
		<row description="" id="259" title="Security Expert" enabled="Y" seq="2" fieldId="1365" />
		<row description="" id="260" title="Review Lead" enabled="Y" seq="3" fieldId="1365" />
	</rows>
</table>