<?xml version="1.1"?>
<table name="com.smartbear.ccollab.datamodel.themes.dbo.WebUIThemePartData" nrows="1170" ncols="5">
	<columns>
		<column name="infoId" type="int" />
		<column name="themeId" type="int" />
		<column name="id" type="int" />
		<column name="value" type="string" />
		<column name="linkedInfoId" type="int" />
	</columns>
	<rows>
		<row infoId="2726" themeId="55" id="9102" value="#fafafa" linkedInfoId="-1" />
		<row infoId="2627" themeId="55" id="9104" value="#000000" linkedInfoId="-1" />
		<row infoId="2620" themeId="55" id="9108" value="#fafafa" linkedInfoId="-1" />
		<row infoId="2692" themeId="55" id="9110" value="#cccccc" linkedInfoId="-1" />
		<row infoId="2667" themeId="55" id="9111" value="#000000" linkedInfoId="-1" />
		<row infoId="2624" themeId="55" id="9112" value="#2e323b" linkedInfoId="-1" />
		<row infoId="2737" themeId="55" id="9113" value="#181a1f" linkedInfoId="-1" />
		<row infoId="2619" themeId="55" id="9114" value="4px" linkedInfoId="-1" />
		<row infoId="2684" themeId="55" id="9115" value="#2e323b" linkedInfoId="-1" />
		<row infoId="2647" themeId="55" id="9116" value="#fafafa" linkedInfoId="-1" />
		<row infoId="2659" themeId="55" id="9117" value="#ffffff" linkedInfoId="-1" />
		<row infoId="2736" themeId="55" id="9118" value="#ffffff" linkedInfoId="-1" />
		<row infoId="2679" themeId="55" id="9119" value="#2e323b" linkedInfoId="-1" />
		<row infoId="2665" themeId="55" id="9120" value="#00b2ff" linkedInfoId="-1" />
		<row infoId="2703" themeId="55" id="9121" value="#24272d" linkedInfoId="-1" />
		<row infoId="2633" themeId="55" id="9122" value="#ffffff" linkedInfoId="-1" />
		<row infoId="2688" themeId="55" id="9123" value="#00b2ff" linkedInfoId="-1" />
		<row infoId="2746" themeId="55" id="9124" value="#30343f" linkedInfoId="-1" />
		<row infoId="2669" themeId="55" id="9125" value="#00b2ff" linkedInfoId="-1" />
		<row infoId="2707" themeId="55" id="9126" value="#ffffff" linkedInfoId="-1" />
		<row infoId="2727" themeId="55" id="9127" value="#30343f" linkedInfoId="-1" />
		<row infoId="2749" themeId="55" id="9128" value="#6b6b6b" linkedInfoId="-1" />
		<row infoId="2690" themeId="55" id="9129" value="#fffffff" linkedInfoId="-1" />
		<row infoId="2638" themeId="55" id="9130" value="#6b6b6b" linkedInfoId="-1" />
		<row infoId="2658" themeId="55" id="9131" value="#cccccc" linkedInfoId="-1" />
		<row infoId="2674" themeId="55" id="9132" value="#81b890" linkedInfoId="-1" />
		<row infoId="2714" themeId="55" id="9133" value="#aaaaaa" linkedInfoId="-1" />
		<row infoId="2715" themeId="55" id="9134" value="#ff7f7f" linkedInfoId="-1" />
		<row infoId="2678" themeId="55" id="9135" value="#fafafa" linkedInfoId="-1" />
		<row infoId="2608" themeId="55" id="9136" value="#cccccc" linkedInfoId="-1" />
		<row infoId="2717" themeId="55" id="9137" value="#ff7f7f" linkedInfoId="-1" />
		<row infoId="2682" themeId="55" id="9138" value="#ce1126" linkedInfoId="-1" />
		<row infoId="2722" themeId="55" id="9139" value="#fafafa" linkedInfoId="-1" />
		<row infoId="2686" themeId="55" id="9140" value="#ce1126" linkedInfoId="-1" />
		<row infoId="2612" themeId="55" id="9141" value="#24272d" linkedInfoId="-1" />
		<row infoId="2723" themeId="55" id="9142" value="#ff7f7f" linkedInfoId="-1" />
		<row infoId="2614" themeId="55" id="9143" value="#fafafa" linkedInfoId="-1" />
		<row infoId="2650" themeId="55" id="9144" value="#81b890" linkedInfoId="-1" />
		<row infoId="2618" themeId="55" id="9145" value="1" linkedInfoId="-1" />
		<row infoId="2689" themeId="55" id="9146" value="#4b9960" linkedInfoId="-1" />
		<row infoId="2691" themeId="55" id="9147" value="#ffff90" linkedInfoId="-1" />
		<row infoId="2621" themeId="55" id="9148" value="#ffff90" linkedInfoId="-1" />
		<row infoId="2693" themeId="55" id="9149" value="#81b890" linkedInfoId="-1" />
		<row infoId="2694" themeId="55" id="9150" value="#ff7f7f" linkedInfoId="-1" />
		<row infoId="2695" themeId="55" id="9151" value="#6b6b6b" linkedInfoId="-1" />
		<row infoId="2654" themeId="55" id="9152" value="#81b890" linkedInfoId="-1" />
		<row infoId="2660" themeId="55" id="9153" value="#ff7f7f" linkedInfoId="-1" />
		<row infoId="2663" themeId="55" id="9154" value="#2e323b" linkedInfoId="-1" />
		<row infoId="2699" themeId="55" id="9155" value="#6b6b6b" linkedInfoId="-1" />
		<row infoId="2740" themeId="55" id="9156" value="#ff7f7f" linkedInfoId="-1" />
		<row infoId="2742" themeId="55" id="9157" value="#ff7f7f" linkedInfoId="-1" />
		<row infoId="2666" themeId="55" id="9158" value="#fafafa" linkedInfoId="-1" />
		<row infoId="2668" themeId="55" id="9159" value="#aaaaaa" linkedInfoId="-1" />
		<row infoId="2747" themeId="55" id="9160" value="#fafafa" linkedInfoId="-1" />
		<row infoId="2710" themeId="55" id="9161" value="#81b890" linkedInfoId="-1" />
		<row infoId="2733" themeId="55" id="9162" value="underline" linkedInfoId="-1" />
		<row infoId="2642" themeId="55" id="9163" value="#00b2ff" linkedInfoId="-1" />
		<row infoId="2625" themeId="55" id="9164" value="#00b2ff" linkedInfoId="-1" />
		<row infoId="2643" themeId="55" id="9165" value="#00b2ff" linkedInfoId="-1" />
		<row infoId="2629" themeId="55" id="9166" value="#99e0ff" linkedInfoId="-1" />
		<row infoId="2700" themeId="55" id="9167" value="none" linkedInfoId="-1" />
		<row infoId="2701" themeId="55" id="9168" value="all 0.0s ease" linkedInfoId="-1" />
		<row infoId="2630" themeId="55" id="9169" value="#99e0ff" linkedInfoId="-1" />
		<row infoId="2609" themeId="55" id="9170" value="unset" linkedInfoId="-1" />
		<row infoId="2718" themeId="55" id="9171" value="all 0.0s ease" linkedInfoId="-1" />
		<row infoId="2664" themeId="55" id="9172" value="#54cafd" linkedInfoId="-1" />
		<row infoId="2702" themeId="55" id="9173" value="unset" linkedInfoId="-1" />
		<row infoId="2720" themeId="55" id="9174" value="#00b2ff" linkedInfoId="-1" />
		<row infoId="2685" themeId="55" id="9175" value="#00b2ff" linkedInfoId="-1" />
		<row infoId="2745" themeId="55" id="9176" value="#54cafd" linkedInfoId="-1" />
		<row infoId="2751" themeId="55" id="9177" value="underline" linkedInfoId="-1" />
		<row infoId="2753" themeId="55" id="9178" value="#54cafd" linkedInfoId="-1" />
		<row infoId="2696" themeId="55" id="9179" value="none" linkedInfoId="-1" />
		<row infoId="2697" themeId="55" id="9180" value="#00b2ff" linkedInfoId="-1" />
		<row infoId="2622" themeId="55" id="9181" value="#99e0ff" linkedInfoId="-1" />
		<row infoId="2698" themeId="55" id="9182" value="#00b2ff" linkedInfoId="-1" />
		<row infoId="2735" themeId="55" id="9183" value="#00b2ff" linkedInfoId="-1" />
		<row infoId="2677" themeId="55" id="9184" value="#cccccc" linkedInfoId="-1" />
		<row infoId="2704" themeId="55" id="9185" value="#6b6b6b" linkedInfoId="-1" />
		<row infoId="2705" themeId="55" id="9186" value="#ffffff" linkedInfoId="-1" />
		<row infoId="2634" themeId="55" id="9187" value="#ffffff" linkedInfoId="-1" />
		<row infoId="2648" themeId="55" id="9188" value="#ffffff" linkedInfoId="-1" />
		<row infoId="2636" themeId="55" id="9189" value="#ffffff" linkedInfoId="-1" />
		<row infoId="2637" themeId="55" id="9190" value="#6b6b6b" linkedInfoId="-1" />
		<row infoId="2670" themeId="55" id="9191" value="#6b6b6b" linkedInfoId="-1" />
		<row infoId="2671" themeId="55" id="9192" value="#00b2ff" linkedInfoId="-1" />
		<row infoId="2639" themeId="55" id="9193" value="5px" linkedInfoId="-1" />
		<row infoId="2661" themeId="55" id="9194" value="#0079c1" linkedInfoId="-1" />
		<row infoId="2635" themeId="55" id="9195" value="#6b6b6b" linkedInfoId="-1" />
		<row infoId="2662" themeId="55" id="9196" value="#fafafa" linkedInfoId="-1" />
		<row infoId="2623" themeId="55" id="9197" value="#fafafa" linkedInfoId="-1" />
		<row infoId="2676" themeId="55" id="9198" value="#181a1f" linkedInfoId="-1" />
		<row infoId="2728" themeId="55" id="9199" value="#2e323b" linkedInfoId="-1" />
		<row infoId="2651" themeId="55" id="9200" value="#2e323b" linkedInfoId="-1" />
		<row infoId="2655" themeId="55" id="9201" value="#24272d" linkedInfoId="-1" />
		<row infoId="2713" themeId="55" id="9202" value="#ce1126" linkedInfoId="-1" />
		<row infoId="2616" themeId="55" id="9203" value="#fafafa" linkedInfoId="-1" />
		<row infoId="2626" themeId="55" id="9204" value="#2e323b" linkedInfoId="-1" />
		<row infoId="2604" themeId="55" id="9205" value="#00aa00" linkedInfoId="-1" />
		<row infoId="2605" themeId="55" id="9206" value="#0079c1" linkedInfoId="-1" />
		<row infoId="2606" themeId="55" id="9207" value="#cccccc" linkedInfoId="-1" />
		<row infoId="2610" themeId="55" id="9209" value="#0079c1" linkedInfoId="-1" />
		<row infoId="2611" themeId="55" id="9210" value="#00aa00" linkedInfoId="-1" />
		<row infoId="2613" themeId="55" id="9211" value="#ffffff" linkedInfoId="-1" />
		<row infoId="2615" themeId="55" id="9212" value="#ffffff" linkedInfoId="-1" />
		<row infoId="2617" themeId="55" id="9213" value="#2e323b" linkedInfoId="-1" />
		<row infoId="2631" themeId="55" id="9214" value="#cccccc" linkedInfoId="-1" />
		<row infoId="2632" themeId="55" id="9215" value="#ffffff" linkedInfoId="-1" />
		<row infoId="2640" themeId="55" id="9216" value="#ffffff" linkedInfoId="-1" />
		<row infoId="2641" themeId="55" id="9217" value="#ffffff" linkedInfoId="-1" />
		<row infoId="2644" themeId="55" id="9218" value="#0079c1" linkedInfoId="-1" />
		<row infoId="2649" themeId="55" id="9220" value="#ff0000" linkedInfoId="-1" />
		<row infoId="2652" themeId="55" id="9221" value="#cccccc" linkedInfoId="-1" />
		<row infoId="2653" themeId="55" id="9222" value="#cccccc" linkedInfoId="-1" />
		<row infoId="2656" themeId="55" id="9223" value="#ffffff" linkedInfoId="-1" />
		<row infoId="2657" themeId="55" id="9224" value="#ce1126" linkedInfoId="-1" />
		<row infoId="2672" themeId="55" id="9225" value="#ffffff" linkedInfoId="-1" />
		<row infoId="2675" themeId="55" id="9226" value="#00aa00" linkedInfoId="-1" />
		<row infoId="2680" themeId="55" id="9227" value="#ffffff" linkedInfoId="-1" />
		<row infoId="2681" themeId="55" id="9228" value="#ffffff" linkedInfoId="-1" />
		<row infoId="2683" themeId="55" id="9229" value="#ffffff" linkedInfoId="-1" />
		<row infoId="2687" themeId="55" id="9230" value="#cccccc" linkedInfoId="-1" />
		<row infoId="2706" themeId="55" id="9231" value="#ffffff" linkedInfoId="-1" />
		<row infoId="2708" themeId="55" id="9232" value="#0079c1" linkedInfoId="-1" />
		<row infoId="2709" themeId="55" id="9233" value="#24272d" linkedInfoId="-1" />
		<row infoId="2711" themeId="55" id="9234" value="#ffffff" linkedInfoId="-1" />
		<row infoId="2712" themeId="55" id="9235" value="#FFFFFF" linkedInfoId="-1" />
		<row infoId="2716" themeId="55" id="9236" value="#00b2ff" linkedInfoId="-1" />
		<row infoId="2719" themeId="55" id="9237" value="#ffffff" linkedInfoId="-1" />
		<row infoId="2721" themeId="55" id="9238" value="#0079c1" linkedInfoId="-1" />
		<row infoId="2724" themeId="55" id="9239" value="#cccccc" linkedInfoId="-1" />
		<row infoId="2725" themeId="55" id="9240" value="#00aa00" linkedInfoId="-1" />
		<row infoId="2729" themeId="55" id="9241" value="#ffffff" linkedInfoId="-1" />
		<row infoId="2730" themeId="55" id="9242" value="#0079c1" linkedInfoId="-1" />
		<row infoId="2731" themeId="55" id="9243" value="#0079c1" linkedInfoId="-1" />
		<row infoId="2732" themeId="55" id="9244" value="#ffffff" linkedInfoId="-1" />
		<row infoId="2734" themeId="55" id="9245" value="#ffffff" linkedInfoId="-1" />
		<row infoId="2741" themeId="55" id="9246" value="#ffffff" linkedInfoId="-1" />
		<row infoId="2743" themeId="55" id="9247" value="#ffffff" linkedInfoId="-1" />
		<row infoId="2744" themeId="55" id="9248" value="#cccccc" linkedInfoId="-1" />
		<row infoId="2750" themeId="55" id="9249" value="#ffffff" linkedInfoId="-1" />
		<row infoId="2752" themeId="55" id="9250" value="#ffffff" linkedInfoId="-1" />
		<row infoId="2754" themeId="55" id="9251" value="#ffffff" linkedInfoId="-1" />
		<row infoId="2755" themeId="55" id="9252" value="#ffffff" linkedInfoId="-1" />
		<row infoId="2756" themeId="55" id="9557" value="#2e323b" linkedInfoId="-1" />
		<row infoId="2757" themeId="55" id="9558" value="#00b2ff" linkedInfoId="-1" />
		<row infoId="2758" themeId="55" id="9559" value="#00b2ff" linkedInfoId="-1" />
		<row infoId="2759" themeId="55" id="9560" value="#2e323b" linkedInfoId="-1" />
		<row infoId="2760" themeId="55" id="9561" value="#ffffff" linkedInfoId="-1" />
		<row infoId="2761" themeId="55" id="9562" value="#ffffff" linkedInfoId="-1" />
		<row infoId="2762" themeId="55" id="9563" value="#ffffff" linkedInfoId="-1" />
		<row infoId="2763" themeId="55" id="9564" value="#ffffff" linkedInfoId="-1" />
		<row infoId="2764" themeId="55" id="9565" value="#fafafa" linkedInfoId="-1" />
		<row infoId="2765" themeId="55" id="9566" value="#181a1f" linkedInfoId="-1" />
		<row infoId="2766" themeId="55" id="9567" value="#2e323b" linkedInfoId="-1" />
		<row infoId="2767" themeId="55" id="9568" value="#24272d" linkedInfoId="-1" />
		<row infoId="2768" themeId="55" id="9569" value="#1c1b21" linkedInfoId="-1" />
		<row infoId="2769" themeId="55" id="9570" value="#00b2ff" linkedInfoId="-1" />
		<row infoId="2627" themeId="58" id="9600" value="#72c2ec" linkedInfoId="-1" />
		<row infoId="2765" themeId="58" id="9603" value="#f5cd79" linkedInfoId="-1" />
		<row infoId="2759" themeId="58" id="9605" value="#e77f67" linkedInfoId="-1" />
		<row infoId="2667" themeId="58" id="9607" value="#f7d794" linkedInfoId="-1" />
		<row infoId="2769" themeId="58" id="9608" value="#303952" linkedInfoId="-1" />
		<row infoId="2760" themeId="58" id="9609" value="#574b90" linkedInfoId="-1" />
		<row infoId="2726" themeId="58" id="9610" value="#000000" linkedInfoId="-1" />
		<row infoId="2620" themeId="58" id="9612" value="#ffffff" linkedInfoId="-1" />
		<row infoId="2692" themeId="58" id="9613" value="#606060" linkedInfoId="-1" />
		<row infoId="2762" themeId="58" id="9614" value="#596275" linkedInfoId="-1" />
		<row infoId="2764" themeId="58" id="9615" value="#596275" linkedInfoId="-1" />
		<row infoId="2766" themeId="58" id="9616" value="#3dc1d3" linkedInfoId="-1" />
		<row infoId="2767" themeId="58" id="9617" value="#e15f41" linkedInfoId="-1" />
		<row infoId="2624" themeId="58" id="9618" value="#cccccc" linkedInfoId="-1" />
		<row infoId="2737" themeId="58" id="9619" value="#ffffff" linkedInfoId="-1" />
		<row infoId="2619" themeId="58" id="9620" value="5px" linkedInfoId="-1" />
		<row infoId="2684" themeId="58" id="9621" value="#98B0FF" linkedInfoId="-1" />
		<row infoId="2647" themeId="58" id="9622" value="#000000" linkedInfoId="-1" />
		<row infoId="2659" themeId="58" id="9623" value="#000000" linkedInfoId="-1" />
		<row infoId="2736" themeId="58" id="9624" value="#FFFFFF" linkedInfoId="-1" />
		<row infoId="2679" themeId="58" id="9625" value="#ffffff" linkedInfoId="-1" />
		<row infoId="2665" themeId="58" id="9626" value="#1976d2" linkedInfoId="-1" />
		<row infoId="2703" themeId="58" id="9627" value="#cccccc" linkedInfoId="-1" />
		<row infoId="2633" themeId="58" id="9628" value="#000000" linkedInfoId="-1" />
		<row infoId="2688" themeId="58" id="9629" value="#bbbbbb" linkedInfoId="-1" />
		<row infoId="2746" themeId="58" id="9630" value="#ffffff" linkedInfoId="-1" />
		<row infoId="2669" themeId="58" id="9631" value="#dddddd" linkedInfoId="-1" />
		<row infoId="2707" themeId="58" id="9632" value="#1A153F" linkedInfoId="-1" />
		<row infoId="2727" themeId="58" id="9633" value="#F2F7FF" linkedInfoId="-1" />
		<row infoId="2749" themeId="58" id="9634" value="#cccccc" linkedInfoId="-1" />
		<row infoId="2690" themeId="58" id="9635" value="#1800AA" linkedInfoId="-1" />
		<row infoId="2638" themeId="58" id="9636" value="#aaaaaa" linkedInfoId="-1" />
		<row infoId="2658" themeId="58" id="9637" value="#696969" linkedInfoId="-1" />
		<row infoId="2674" themeId="58" id="9638" value="#c9c8c8" linkedInfoId="-1" />
		<row infoId="2714" themeId="58" id="9639" value="#dfdfdf" linkedInfoId="-1" />
		<row infoId="2715" themeId="58" id="9640" value="#bd0000" linkedInfoId="-1" />
		<row infoId="2678" themeId="58" id="9641" value="#bd0000" linkedInfoId="-1" />
		<row infoId="2608" themeId="58" id="9642" value="#808184" linkedInfoId="-1" />
		<row infoId="2717" themeId="58" id="9643" value="#c9c8c8" linkedInfoId="-1" />
		<row infoId="2682" themeId="58" id="9644" value="#e8d3d2" linkedInfoId="-1" />
		<row infoId="2722" themeId="58" id="9645" value="#000000" linkedInfoId="-1" />
		<row infoId="2686" themeId="58" id="9646" value="#d4deea" linkedInfoId="-1" />
		<row infoId="2612" themeId="58" id="9647" value="#f1f1f3" linkedInfoId="-1" />
		<row infoId="2723" themeId="58" id="9648" value="#f9dcde" linkedInfoId="-1" />
		<row infoId="2614" themeId="58" id="9649" value="#000000" linkedInfoId="-1" />
		<row infoId="2650" themeId="58" id="9650" value="#c9c8c8" linkedInfoId="-1" />
		<row infoId="2618" themeId="58" id="9651" value="1" linkedInfoId="-1" />
		<row infoId="2689" themeId="58" id="9652" value="#c5ddc7" linkedInfoId="-1" />
		<row infoId="2691" themeId="58" id="9653" value="#c9c8c8" linkedInfoId="-1" />
		<row infoId="2621" themeId="58" id="9654" value="#231f20" linkedInfoId="-1" />
		<row infoId="2693" themeId="58" id="9655" value="#009700" linkedInfoId="-1" />
		<row infoId="2694" themeId="58" id="9656" value="#bd0000" linkedInfoId="-1" />
		<row infoId="2695" themeId="58" id="9657" value="#f1f1f3" linkedInfoId="-1" />
		<row infoId="2654" themeId="58" id="9658" value="#000000" linkedInfoId="-1" />
		<row infoId="2660" themeId="58" id="9659" value="#e1e9fc" linkedInfoId="-1" />
		<row infoId="2663" themeId="58" id="9660" value="#ffff90" linkedInfoId="-1" />
		<row infoId="2699" themeId="58" id="9661" value="#ffff90" linkedInfoId="-1" />
		<row infoId="2740" themeId="58" id="9662" value="#bd0000" linkedInfoId="-1" />
		<row infoId="2742" themeId="58" id="9663" value="#bd0000" linkedInfoId="-1" />
		<row infoId="2666" themeId="58" id="9664" value="#006ad7" linkedInfoId="-1" />
		<row infoId="2668" themeId="58" id="9665" value="#dfdfdf" linkedInfoId="-1" />
		<row infoId="2747" themeId="58" id="9666" value="#009700" linkedInfoId="-1" />
		<row infoId="2710" themeId="58" id="9667" value="#cdebcf" linkedInfoId="-1" />
		<row infoId="2733" themeId="58" id="9668" value="underline" linkedInfoId="-1" />
		<row infoId="2642" themeId="58" id="9669" value="#111166" linkedInfoId="-1" />
		<row infoId="2625" themeId="58" id="9670" value="#ff0e17" linkedInfoId="-1" />
		<row infoId="2643" themeId="58" id="9671" value="#0201ee" linkedInfoId="-1" />
		<row infoId="2629" themeId="58" id="9672" value="#551b8b" linkedInfoId="-1" />
		<row infoId="2700" themeId="58" id="9673" value="none" linkedInfoId="-1" />
		<row infoId="2701" themeId="58" id="9674" value="all 0.7s ease" linkedInfoId="-1" />
		<row infoId="2630" themeId="58" id="9675" value="#551b8b" linkedInfoId="-1" />
		<row infoId="2609" themeId="58" id="9676" value="unset" linkedInfoId="-1" />
		<row infoId="2718" themeId="58" id="9677" value="all 0.7s ease" linkedInfoId="-1" />
		<row infoId="2664" themeId="58" id="9678" value="#5868FF" linkedInfoId="-1" />
		<row infoId="2702" themeId="58" id="9679" value="unset" linkedInfoId="-1" />
		<row infoId="2720" themeId="58" id="9680" value="#ffffff" linkedInfoId="-1" />
		<row infoId="2685" themeId="58" id="9681" value="#A2A2D0" linkedInfoId="-1" />
		<row infoId="2745" themeId="58" id="9682" value="#4169E1" linkedInfoId="-1" />
		<row infoId="2751" themeId="58" id="9683" value="underline" linkedInfoId="-1" />
		<row infoId="2753" themeId="58" id="9684" value="#55AAFF" linkedInfoId="-1" />
		<row infoId="2696" themeId="58" id="9685" value="none" linkedInfoId="-1" />
		<row infoId="2697" themeId="58" id="9686" value="#ff0e17" linkedInfoId="-1" />
		<row infoId="2622" themeId="58" id="9687" value="#ffffff" linkedInfoId="-1" />
		<row infoId="2698" themeId="58" id="9688" value="#606060" linkedInfoId="-1" />
		<row infoId="2735" themeId="58" id="9689" value="#686868" linkedInfoId="-1" />
		<row infoId="2677" themeId="58" id="9690" value="#606060" linkedInfoId="-1" />
		<row infoId="2704" themeId="58" id="9691" value="#606060" linkedInfoId="-1" />
		<row infoId="2705" themeId="58" id="9692" value="#ffffff" linkedInfoId="-1" />
		<row infoId="2634" themeId="58" id="9693" value="#ffffff" linkedInfoId="-1" />
		<row infoId="2648" themeId="58" id="9694" value="#cccccc" linkedInfoId="-1" />
		<row infoId="2636" themeId="58" id="9695" value="#ffffff" linkedInfoId="-1" />
		<row infoId="2637" themeId="58" id="9696" value="#606060" linkedInfoId="-1" />
		<row infoId="2670" themeId="58" id="9697" value="#606060" linkedInfoId="-1" />
		<row infoId="2671" themeId="58" id="9698" value="#4c4c4c" linkedInfoId="-1" />
		<row infoId="2639" themeId="58" id="9699" value="5px" linkedInfoId="-1" />
		<row infoId="2661" themeId="58" id="9700" value="#606060" linkedInfoId="-1" />
		<row infoId="2635" themeId="58" id="9701" value="#ff0000" linkedInfoId="-1" />
		<row infoId="2662" themeId="58" id="9702" value="#000000" linkedInfoId="-1" />
		<row infoId="2623" themeId="58" id="9703" value="#000000" linkedInfoId="-1" />
		<row infoId="2676" themeId="58" id="9704" value="#ffffff" linkedInfoId="-1" />
		<row infoId="2728" themeId="58" id="9705" value="#f2f2f2" linkedInfoId="-1" />
		<row infoId="2651" themeId="58" id="9706" value="#d8e8ff" linkedInfoId="-1" />
		<row infoId="2655" themeId="58" id="9707" value="#ffffff" linkedInfoId="-1" />
		<row infoId="2757" themeId="58" id="9708" value="#303952" linkedInfoId="-1" />
		<row infoId="2713" themeId="58" id="9709" value="#ec1c24" linkedInfoId="-1" />
		<row infoId="2616" themeId="58" id="9710" value="#ffffff" linkedInfoId="-1" />
		<row infoId="2626" themeId="58" id="9711" value="#870102" linkedInfoId="-1" />
		<row infoId="2768" themeId="58" id="9712" value="#f19066" linkedInfoId="-1" />
		<row infoId="2761" themeId="58" id="9713" value="#ffffff" linkedInfoId="-1" />
		<row infoId="2763" themeId="58" id="9714" value="#596275" linkedInfoId="-1" />
		<row infoId="2756" themeId="58" id="9715" value="#870102" linkedInfoId="-1" />
		<row infoId="2758" themeId="58" id="9716" value="#ec1c24" linkedInfoId="-1" />
		<row infoId="2604" themeId="58" id="9717" value="#00aa00" linkedInfoId="-1" />
		<row infoId="2605" themeId="58" id="9718" value="#00b2ff" linkedInfoId="-1" />
		<row infoId="2606" themeId="58" id="9719" value="#ffffff" linkedInfoId="-1" />
		<row infoId="2610" themeId="58" id="9721" value="#00b2ff" linkedInfoId="-1" />
		<row infoId="2611" themeId="58" id="9722" value="#00aa00" linkedInfoId="-1" />
		<row infoId="2613" themeId="58" id="9723" value="#ffffff" linkedInfoId="-1" />
		<row infoId="2615" themeId="58" id="9724" value="#ffffff" linkedInfoId="-1" />
		<row infoId="2617" themeId="58" id="9725" value="#dee0ec" linkedInfoId="-1" />
		<row infoId="2631" themeId="58" id="9726" value="#ffffff" linkedInfoId="-1" />
		<row infoId="2632" themeId="58" id="9727" value="#ffffff" linkedInfoId="-1" />
		<row infoId="2640" themeId="58" id="9728" value="#ffffff" linkedInfoId="-1" />
		<row infoId="2641" themeId="58" id="9729" value="#696969" linkedInfoId="-1" />
		<row infoId="2644" themeId="58" id="9730" value="#00b2ff" linkedInfoId="-1" />
		<row infoId="2649" themeId="58" id="9732" value="#ff0000" linkedInfoId="-1" />
		<row infoId="2652" themeId="58" id="9733" value="#ffffff" linkedInfoId="-1" />
		<row infoId="2653" themeId="58" id="9734" value="#ffffff" linkedInfoId="-1" />
		<row infoId="2656" themeId="58" id="9735" value="#cccccc" linkedInfoId="-1" />
		<row infoId="2657" themeId="58" id="9736" value="#ff0000" linkedInfoId="-1" />
		<row infoId="2672" themeId="58" id="9737" value="#000000" linkedInfoId="-1" />
		<row infoId="2675" themeId="58" id="9738" value="#00aa00" linkedInfoId="-1" />
		<row infoId="2680" themeId="58" id="9739" value="#ffffff" linkedInfoId="-1" />
		<row infoId="2681" themeId="58" id="9740" value="#ffffff" linkedInfoId="-1" />
		<row infoId="2683" themeId="58" id="9741" value="#ffffff" linkedInfoId="-1" />
		<row infoId="2687" themeId="58" id="9742" value="#ffffff" linkedInfoId="-1" />
		<row infoId="2706" themeId="58" id="9743" value="#ffffff" linkedInfoId="-1" />
		<row infoId="2708" themeId="58" id="9744" value="#00b2ff" linkedInfoId="-1" />
		<row infoId="2709" themeId="58" id="9745" value="#f1f3ff" linkedInfoId="-1" />
		<row infoId="2711" themeId="58" id="9746" value="#cccccc" linkedInfoId="-1" />
		<row infoId="2712" themeId="58" id="9747" value="#ffffff" linkedInfoId="-1" />
		<row infoId="2716" themeId="58" id="9748" value="#00b2ff" linkedInfoId="-1" />
		<row infoId="2719" themeId="58" id="9749" value="#cccccc" linkedInfoId="-1" />
		<row infoId="2721" themeId="58" id="9750" value="#00b2ff" linkedInfoId="-1" />
		<row infoId="2724" themeId="58" id="9751" value="#ffffff" linkedInfoId="-1" />
		<row infoId="2725" themeId="58" id="9752" value="#00aa00" linkedInfoId="-1" />
		<row infoId="2729" themeId="58" id="9753" value="#ffffff" linkedInfoId="-1" />
		<row infoId="2730" themeId="58" id="9754" value="#00b2ff" linkedInfoId="-1" />
		<row infoId="2731" themeId="58" id="9755" value="#00b2ff" linkedInfoId="-1" />
		<row infoId="2732" themeId="58" id="9756" value="#ffffff" linkedInfoId="-1" />
		<row infoId="2734" themeId="58" id="9757" value="#ffffff" linkedInfoId="-1" />
		<row infoId="2741" themeId="58" id="9758" value="#ffffff" linkedInfoId="-1" />
		<row infoId="2743" themeId="58" id="9759" value="#cccccc" linkedInfoId="-1" />
		<row infoId="2744" themeId="58" id="9760" value="#ffffff" linkedInfoId="-1" />
		<row infoId="2750" themeId="58" id="9761" value="#ffffff" linkedInfoId="-1" />
		<row infoId="2752" themeId="58" id="9762" value="#cccccc" linkedInfoId="-1" />
		<row infoId="2754" themeId="58" id="9763" value="#cccccc" linkedInfoId="-1" />
		<row infoId="2755" themeId="58" id="9764" value="#cccccc" linkedInfoId="-1" />
		<row infoId="2770" themeId="58" id="10595" value="0.15" linkedInfoId="-1" />
		<row infoId="2771" themeId="58" id="10596" value="#28272f" linkedInfoId="-1" />
		<row infoId="2772" themeId="58" id="10597" value="#555555" linkedInfoId="-1" />
		<row infoId="2770" themeId="55" id="10601" value="1.0" linkedInfoId="-1" />
		<row infoId="2771" themeId="55" id="10602" value="#2e323b" linkedInfoId="-1" />
		<row infoId="2772" themeId="55" id="10603" value="#ffffff" linkedInfoId="-1" />
		<row infoId="2773" themeId="58" id="10620" value="6px" linkedInfoId="-1" />
		<row infoId="2774" themeId="58" id="10621" value="0px" linkedInfoId="-1" />
		<row infoId="2775" themeId="58" id="10622" value="30px" linkedInfoId="-1" />
		<row infoId="2776" themeId="58" id="10623" value="34px" linkedInfoId="-1" />
		<row infoId="2777" themeId="58" id="10624" value="7px" linkedInfoId="-1" />
		<row infoId="2778" themeId="58" id="10625" value="2px" linkedInfoId="-1" />
		<row infoId="2779" themeId="58" id="10626" value="26px" linkedInfoId="-1" />
		<row infoId="2780" themeId="58" id="10627" value="11.25px" linkedInfoId="-1" />
		<row infoId="2781" themeId="58" id="10628" value="80px" linkedInfoId="-1" />
		<row infoId="2782" themeId="58" id="10629" value="22px" linkedInfoId="-1" />
		<row infoId="2783" themeId="58" id="10630" value="16px" linkedInfoId="-1" />
		<row infoId="2784" themeId="58" id="10631" value="13px" linkedInfoId="-1" />
		<row infoId="2785" themeId="58" id="10632" value="12px" linkedInfoId="-1" />
		<row infoId="2773" themeId="55" id="10633" value="6px" linkedInfoId="-1" />
		<row infoId="2774" themeId="55" id="10634" value="0px" linkedInfoId="-1" />
		<row infoId="2775" themeId="55" id="10635" value="30px" linkedInfoId="-1" />
		<row infoId="2776" themeId="55" id="10636" value="34px" linkedInfoId="-1" />
		<row infoId="2777" themeId="55" id="10637" value="7px" linkedInfoId="-1" />
		<row infoId="2778" themeId="55" id="10638" value="3px" linkedInfoId="-1" />
		<row infoId="2779" themeId="55" id="10639" value="16px" linkedInfoId="-1" />
		<row infoId="2780" themeId="55" id="10640" value="11.25px" linkedInfoId="-1" />
		<row infoId="2781" themeId="55" id="10641" value="74px" linkedInfoId="-1" />
		<row infoId="2782" themeId="55" id="10642" value="22px" linkedInfoId="-1" />
		<row infoId="2783" themeId="55" id="10643" value="16px" linkedInfoId="-1" />
		<row infoId="2784" themeId="55" id="10644" value="8px" linkedInfoId="-1" />
		<row infoId="2785" themeId="55" id="10645" value="12px" linkedInfoId="-1" />
		<row infoId="2786" themeId="55" id="11023" value="#00b2ff" linkedInfoId="-1" />
		<row infoId="2787" themeId="55" id="11024" value="#00b2ff" linkedInfoId="-1" />
		<row infoId="2788" themeId="55" id="11025" value="#99e0ff" linkedInfoId="-1" />
		<row infoId="2789" themeId="55" id="11026" value="#00b2ff" linkedInfoId="-1" />
		<row infoId="2790" themeId="55" id="11027" value="#00b2ff" linkedInfoId="-1" />
		<row infoId="2791" themeId="55" id="11028" value="#00b2ff" linkedInfoId="-1" />
		<row infoId="2792" themeId="55" id="11029" value="#ffffff" linkedInfoId="-1" />
		<row infoId="2793" themeId="55" id="11030" value="#54cafd" linkedInfoId="-1" />
		<row infoId="2786" themeId="58" id="11047" value="#640bac" linkedInfoId="-1" />
		<row infoId="2787" themeId="58" id="11048" value="#551b8b" linkedInfoId="-1" />
		<row infoId="2788" themeId="58" id="11049" value="#ffffff" linkedInfoId="-1" />
		<row infoId="2789" themeId="58" id="11050" value="#ffffff" linkedInfoId="-1" />
		<row infoId="2790" themeId="58" id="11051" value="#ff0e17" linkedInfoId="-1" />
		<row infoId="2791" themeId="58" id="11052" value="#A2A2D0" linkedInfoId="-1" />
		<row infoId="2792" themeId="58" id="11053" value="#4169E1" linkedInfoId="-1" />
		<row infoId="2793" themeId="58" id="11054" value="#55AAFF" linkedInfoId="-1" />
		<row infoId="2794" themeId="55" id="12192" value="#0079c1" linkedInfoId="-1" />
		<row infoId="2794" themeId="58" id="12194" value="#0000ff" linkedInfoId="-1" />
		<row infoId="2795" themeId="58" id="13333" value="4px" linkedInfoId="-1" />
		<row infoId="2796" themeId="58" id="13334" value="8px" linkedInfoId="-1" />
		<row infoId="2795" themeId="55" id="13335" value="20px" linkedInfoId="-1" />
		<row infoId="2796" themeId="55" id="13336" value="20px" linkedInfoId="-1" />
		<row infoId="2797" themeId="58" id="15639" value="0.8" linkedInfoId="-1" />
		<row infoId="2798" themeId="58" id="15640" value="#1976d2" linkedInfoId="-1" />
		<row infoId="2799" themeId="58" id="15641" value="#ffffff" linkedInfoId="-1" />
		<row infoId="2800" themeId="58" id="15642" value="#00b2ff" linkedInfoId="-1" />
		<row infoId="2801" themeId="58" id="15643" value="#FFFFFF" linkedInfoId="-1" />
		<row infoId="2797" themeId="55" id="15644" value="1" linkedInfoId="-1" />
		<row infoId="2798" themeId="55" id="15645" value="#00b2ff" linkedInfoId="-1" />
		<row infoId="2799" themeId="55" id="15646" value="#ffffff" linkedInfoId="-1" />
		<row infoId="2800" themeId="55" id="15647" value="#2e323b" linkedInfoId="-1" />
		<row infoId="2801" themeId="55" id="15648" value="#FFFFFF" linkedInfoId="-1" />
		<row infoId="2794" themeId="92" id="16046" value="#0000ff" linkedInfoId="-1" />
		<row infoId="2606" themeId="92" id="16047" value="#fff9c4" linkedInfoId="-1" />
		<row infoId="2609" themeId="92" id="16048" value="unset" linkedInfoId="-1" />
		<row infoId="2756" themeId="92" id="16049" value="#870102" linkedInfoId="-1" />
		<row infoId="2611" themeId="92" id="16050" value="#ffb300" linkedInfoId="-1" />
		<row infoId="2612" themeId="92" id="16051" value="#556832" linkedInfoId="-1" />
		<row infoId="2613" themeId="92" id="16052" value="#fff9c4" linkedInfoId="-1" />
		<row infoId="2773" themeId="92" id="16053" value="6px" linkedInfoId="-1" />
		<row infoId="2774" themeId="92" id="16054" value="0px" linkedInfoId="-1" />
		<row infoId="2615" themeId="92" id="16055" value="#FFFFFF" linkedInfoId="-1" />
		<row infoId="2616" themeId="92" id="16056" value="#57a639" linkedInfoId="-1" />
		<row infoId="2617" themeId="92" id="16057" value="#a7e745" linkedInfoId="-1" />
		<row infoId="2618" themeId="92" id="16058" value="0.7" linkedInfoId="-1" />
		<row infoId="2776" themeId="92" id="16059" value="34px" linkedInfoId="-1" />
		<row infoId="2621" themeId="92" id="16060" value="#ff0000" linkedInfoId="-1" />
		<row infoId="2625" themeId="92" id="16061" value="#ff0e17" linkedInfoId="-1" />
		<row infoId="2626" themeId="92" id="16062" value="#bd0000" linkedInfoId="-1" />
		<row infoId="2759" themeId="92" id="16063" value="#FAE7B5" linkedInfoId="-1" />
		<row infoId="2630" themeId="92" id="16064" value="#551b8b" linkedInfoId="-1" />
		<row infoId="2771" themeId="92" id="16065" value="#28272f" linkedInfoId="-1" />
		<row infoId="2631" themeId="92" id="16066" value="#fff9c4" linkedInfoId="-1" />
		<row infoId="2760" themeId="92" id="16067" value="#6D6552" linkedInfoId="-1" />
		<row infoId="2633" themeId="92" id="16068" value="#000000" linkedInfoId="-1" />
		<row infoId="2797" themeId="92" id="16069" value="0.8" linkedInfoId="-1" />
		<row infoId="2634" themeId="92" id="16070" value="#3d761e" linkedInfoId="-1" />
		<row infoId="2635" themeId="92" id="16071" value="#007937" linkedInfoId="-1" />
		<row infoId="2761" themeId="92" id="16072" value="#ffffff" linkedInfoId="-1" />
		<row infoId="2639" themeId="92" id="16073" value="0px" linkedInfoId="-1" />
		<row infoId="2647" themeId="92" id="16075" value="#000000" linkedInfoId="-1" />
		<row infoId="2649" themeId="92" id="16076" value="#ff3d00" linkedInfoId="-1" />
		<row infoId="2651" themeId="92" id="16077" value="#00A550" linkedInfoId="-1" />
		<row infoId="2652" themeId="92" id="16078" value="#ffecb3" linkedInfoId="-1" />
		<row infoId="2763" themeId="92" id="16079" value="#ffffff" linkedInfoId="-1" />
		<row infoId="2654" themeId="92" id="16080" value="#57a639" linkedInfoId="-1" />
		<row infoId="2655" themeId="92" id="16081" value="#9ACD32" linkedInfoId="-1" />
		<row infoId="2656" themeId="92" id="16082" value="#cbba83" linkedInfoId="-1" />
		<row infoId="2661" themeId="92" id="16083" value="#343B29" linkedInfoId="-1" />
		<row infoId="2662" themeId="92" id="16084" value="#000000" linkedInfoId="-1" />
		<row infoId="2796" themeId="92" id="16085" value="16px" linkedInfoId="-1" />
		<row infoId="2798" themeId="92" id="16086" value="#1976d2" linkedInfoId="-1" />
		<row infoId="2663" themeId="92" id="16087" value="#ffff00" linkedInfoId="-1" />
		<row infoId="2667" themeId="92" id="16088" value="#31372b" linkedInfoId="-1" />
		<row infoId="2668" themeId="92" id="16089" value="#dfdfdf" linkedInfoId="-1" />
		<row infoId="2669" themeId="92" id="16090" value="#237916" linkedInfoId="-1" />
		<row infoId="2671" themeId="92" id="16091" value="#142300" linkedInfoId="-1" />
		<row infoId="2779" themeId="92" id="16092" value="26px" linkedInfoId="-1" />
		<row infoId="2675" themeId="92" id="16094" value="#ffb300" linkedInfoId="-1" />
		<row infoId="2678" themeId="92" id="16095" value="#ff0000" linkedInfoId="-1" />
		<row infoId="2679" themeId="92" id="16096" value="#BEEC63" linkedInfoId="-1" />
		<row infoId="2682" themeId="92" id="16097" value="#ff0000" linkedInfoId="-1" />
		<row infoId="2683" themeId="92" id="16098" value="#FFFFFF" linkedInfoId="-1" />
		<row infoId="2684" themeId="92" id="16099" value="#007937" linkedInfoId="-1" />
		<row infoId="2687" themeId="92" id="16100" value="#ffecb3" linkedInfoId="-1" />
		<row infoId="2780" themeId="92" id="16101" value="11.25px" linkedInfoId="-1" />
		<row infoId="2688" themeId="92" id="16102" value="#2A5C03" linkedInfoId="-1" />
		<row infoId="2692" themeId="92" id="16103" value="#656b66" linkedInfoId="-1" />
		<row infoId="2764" themeId="92" id="16104" value="#3D2B1F" linkedInfoId="-1" />
		<row infoId="2695" themeId="92" id="16105" value="#57a639" linkedInfoId="-1" />
		<row infoId="2696" themeId="92" id="16106" value="none" linkedInfoId="-1" />
		<row infoId="2782" themeId="92" id="16107" value="22px" linkedInfoId="-1" />
		<row infoId="2698" themeId="92" id="16108" value="#1E5945" linkedInfoId="-1" />
		<row infoId="2699" themeId="92" id="16109" value="#57a639" linkedInfoId="-1" />
		<row infoId="2789" themeId="92" id="16110" value="#ffffff" linkedInfoId="-1" />
		<row infoId="2701" themeId="92" id="16111" value="all 0.7s ease" linkedInfoId="-1" />
		<row infoId="2783" themeId="92" id="16112" value="16px" linkedInfoId="-1" />
		<row infoId="2702" themeId="92" id="16113" value="unset" linkedInfoId="-1" />
		<row infoId="2704" themeId="92" id="16114" value="#1E5945" linkedInfoId="-1" />
		<row infoId="2767" themeId="92" id="16115" value="#FDD9B5" linkedInfoId="-1" />
		<row infoId="2790" themeId="92" id="16116" value="#ff0e17" linkedInfoId="-1" />
		<row infoId="2708" themeId="92" id="16117" value="#ffb300" linkedInfoId="-1" />
		<row infoId="2709" themeId="92" id="16118" value="#7bcd20" linkedInfoId="-1" />
		<row infoId="2710" themeId="92" id="16119" value="#009700" linkedInfoId="-1" />
		<row infoId="2711" themeId="92" id="16120" value="#cbba83" linkedInfoId="-1" />
		<row infoId="2716" themeId="92" id="16121" value="#048021" linkedInfoId="-1" />
		<row infoId="2721" themeId="92" id="16122" value="#ff3d00" linkedInfoId="-1" />
		<row infoId="2723" themeId="92" id="16123" value="#bd0000" linkedInfoId="-1" />
		<row infoId="2724" themeId="92" id="16124" value="#ffecb3" linkedInfoId="-1" />
		<row infoId="2768" themeId="92" id="16125" value="#22232A" linkedInfoId="-1" />
		<row infoId="2727" themeId="92" id="16126" value="#BEEC63" linkedInfoId="-1" />
		<row infoId="2728" themeId="92" id="16127" value="#BEEC63" linkedInfoId="-1" />
		<row infoId="2784" themeId="92" id="16128" value="13px" linkedInfoId="-1" />
		<row infoId="2731" themeId="92" id="16129" value="#ffb300" linkedInfoId="-1" />
		<row infoId="2733" themeId="92" id="16130" value="underline" linkedInfoId="-1" />
		<row infoId="2734" themeId="92" id="16131" value="#FFFFFF" linkedInfoId="-1" />
		<row infoId="2735" themeId="92" id="16132" value="#414833" linkedInfoId="-1" />
		<row infoId="2736" themeId="92" id="16133" value="#000000" linkedInfoId="-1" />
		<row infoId="2791" themeId="92" id="16135" value="#A2A2D0" linkedInfoId="-1" />
		<row infoId="2744" themeId="92" id="16136" value="#ffecb3" linkedInfoId="-1" />
		<row infoId="2745" themeId="92" id="16137" value="#4169E1" linkedInfoId="-1" />
		<row infoId="2746" themeId="92" id="16138" value="#323914" linkedInfoId="-1" />
		<row infoId="2747" themeId="92" id="16139" value="#00ff00" linkedInfoId="-1" />
		<row infoId="2752" themeId="92" id="16141" value="#cbba83" linkedInfoId="-1" />
		<row infoId="2753" themeId="92" id="16142" value="#D0F0C0" linkedInfoId="-1" />
		<row infoId="2754" themeId="92" id="16143" value="#cbba83" linkedInfoId="-1" />
		<row infoId="2604" themeId="92" id="16144" value="#ffb300" linkedInfoId="-1" />
		<row infoId="2770" themeId="92" id="16145" value="0.15" linkedInfoId="-1" />
		<row infoId="2605" themeId="92" id="16146" value="#ffb300" linkedInfoId="-1" />
		<row infoId="2608" themeId="92" id="16147" value="#b8c18e" linkedInfoId="-1" />
		<row infoId="2610" themeId="92" id="16148" value="#304ffe" linkedInfoId="-1" />
		<row infoId="2799" themeId="92" id="16149" value="#ffffff" linkedInfoId="-1" />
		<row infoId="2757" themeId="92" id="16150" value="#C2F0FF" linkedInfoId="-1" />
		<row infoId="2614" themeId="92" id="16151" value="#57a639" linkedInfoId="-1" />
		<row infoId="2775" themeId="92" id="16152" value="30px" linkedInfoId="-1" />
		<row infoId="2619" themeId="92" id="16153" value="0px" linkedInfoId="-1" />
		<row infoId="2620" themeId="92" id="16154" value="#c8ed91" linkedInfoId="-1" />
		<row infoId="2758" themeId="92" id="16155" value="#ec1c24" linkedInfoId="-1" />
		<row infoId="2800" themeId="92" id="16156" value="#00b2ff" linkedInfoId="-1" />
		<row infoId="2622" themeId="92" id="16157" value="#c8ed91" linkedInfoId="-1" />
		<row infoId="2623" themeId="92" id="16158" value="#000000" linkedInfoId="-1" />
		<row infoId="2624" themeId="92" id="16159" value="#4F923A" linkedInfoId="-1" />
		<row infoId="2627" themeId="92" id="16160" value="#004524" linkedInfoId="-1" />
		<row infoId="2629" themeId="92" id="16162" value="#551b8b" linkedInfoId="-1" />
		<row infoId="2786" themeId="92" id="16163" value="#640bac" linkedInfoId="-1" />
		<row infoId="2632" themeId="92" id="16164" value="#fff9c4" linkedInfoId="-1" />
		<row infoId="2636" themeId="92" id="16165" value="#c8ed91" linkedInfoId="-1" />
		<row infoId="2637" themeId="92" id="16166" value="#1E5945" linkedInfoId="-1" />
		<row infoId="2638" themeId="92" id="16167" value="#1E5945" linkedInfoId="-1" />
		<row infoId="2762" themeId="92" id="16168" value="#2F353B" linkedInfoId="-1" />
		<row infoId="2795" themeId="92" id="16169" value="16px" linkedInfoId="-1" />
		<row infoId="2640" themeId="92" id="16170" value="#FFFFFF" linkedInfoId="-1" />
		<row infoId="2641" themeId="92" id="16171" value="#4e6637" linkedInfoId="-1" />
		<row infoId="2777" themeId="92" id="16172" value="7px" linkedInfoId="-1" />
		<row infoId="2787" themeId="92" id="16173" value="#551b8b" linkedInfoId="-1" />
		<row infoId="2642" themeId="92" id="16174" value="#111166" linkedInfoId="-1" />
		<row infoId="2643" themeId="92" id="16175" value="#0201ee" linkedInfoId="-1" />
		<row infoId="2644" themeId="92" id="16176" value="#ffb300" linkedInfoId="-1" />
		<row infoId="2648" themeId="92" id="16177" value="#575e4e" linkedInfoId="-1" />
		<row infoId="2650" themeId="92" id="16178" value="#57a639" linkedInfoId="-1" />
		<row infoId="2653" themeId="92" id="16179" value="#fff9c4" linkedInfoId="-1" />
		<row infoId="2657" themeId="92" id="16180" value="#ff3d00" linkedInfoId="-1" />
		<row infoId="2658" themeId="92" id="16181" value="#575e4e" linkedInfoId="-1" />
		<row infoId="2659" themeId="92" id="16182" value="#000000" linkedInfoId="-1" />
		<row infoId="2660" themeId="92" id="16183" value="#006ad7" linkedInfoId="-1" />
		<row infoId="2778" themeId="92" id="16184" value="2px" linkedInfoId="-1" />
		<row infoId="2788" themeId="92" id="16185" value="#ffffff" linkedInfoId="-1" />
		<row infoId="2664" themeId="92" id="16186" value="#5868FF" linkedInfoId="-1" />
		<row infoId="2772" themeId="92" id="16187" value="#555555" linkedInfoId="-1" />
		<row infoId="2665" themeId="92" id="16188" value="#b2fab4" linkedInfoId="-1" />
		<row infoId="2666" themeId="92" id="16189" value="#0000ff" linkedInfoId="-1" />
		<row infoId="2670" themeId="92" id="16190" value="#BDECB6" linkedInfoId="-1" />
		<row infoId="2801" themeId="92" id="16191" value="#FFFFFF" linkedInfoId="-1" />
		<row infoId="2672" themeId="92" id="16192" value="#000000" linkedInfoId="-1" />
		<row infoId="2674" themeId="92" id="16193" value="#57a639" linkedInfoId="-1" />
		<row infoId="2676" themeId="92" id="16194" value="#9ACD32" linkedInfoId="-1" />
		<row infoId="2677" themeId="92" id="16195" value="#2F4538" linkedInfoId="-1" />
		<row infoId="2680" themeId="92" id="16196" value="#000000" linkedInfoId="-1" />
		<row infoId="2681" themeId="92" id="16197" value="#000000" linkedInfoId="-1" />
		<row infoId="2685" themeId="92" id="16198" value="#8CCB5E" linkedInfoId="-1" />
		<row infoId="2686" themeId="92" id="16199" value="#0000ff" linkedInfoId="-1" />
		<row infoId="2689" themeId="92" id="16200" value="#00ff00" linkedInfoId="-1" />
		<row infoId="2690" themeId="92" id="16201" value="#000000" linkedInfoId="-1" />
		<row infoId="2691" themeId="92" id="16202" value="#57a639" linkedInfoId="-1" />
		<row infoId="2693" themeId="92" id="16203" value="#00ff00" linkedInfoId="-1" />
		<row infoId="2694" themeId="92" id="16204" value="#ff0000" linkedInfoId="-1" />
		<row infoId="2781" themeId="92" id="16205" value="80px" linkedInfoId="-1" />
		<row infoId="2697" themeId="92" id="16206" value="#ff0e17" linkedInfoId="-1" />
		<row infoId="2765" themeId="92" id="16207" value="#FAEEDD" linkedInfoId="-1" />
		<row infoId="2700" themeId="92" id="16208" value="none" linkedInfoId="-1" />
		<row infoId="2703" themeId="92" id="16209" value="#2F4538" linkedInfoId="-1" />
		<row infoId="2705" themeId="92" id="16210" value="#71e830" linkedInfoId="-1" />
		<row infoId="2706" themeId="92" id="16211" value="#000000" linkedInfoId="-1" />
		<row infoId="2707" themeId="92" id="16212" value="#3d761e" linkedInfoId="-1" />
		<row infoId="2766" themeId="92" id="16213" value="#FFDEAD" linkedInfoId="-1" />
		<row infoId="2712" themeId="92" id="16214" value="#54fb0c" linkedInfoId="-1" />
		<row infoId="2713" themeId="92" id="16215" value="#ff0000" linkedInfoId="-1" />
		<row infoId="2714" themeId="92" id="16216" value="#b8c18e" linkedInfoId="-1" />
		<row infoId="2715" themeId="92" id="16217" value="#ff0000" linkedInfoId="-1" />
		<row infoId="2717" themeId="92" id="16218" value="#57a639" linkedInfoId="-1" />
		<row infoId="2718" themeId="92" id="16219" value="all 0.7s ease" linkedInfoId="-1" />
		<row infoId="2719" themeId="92" id="16220" value="#cbba83" linkedInfoId="-1" />
		<row infoId="2720" themeId="92" id="16221" value="#c8ed91" linkedInfoId="-1" />
		<row infoId="2722" themeId="92" id="16222" value="#000000" linkedInfoId="-1" />
		<row infoId="2725" themeId="92" id="16223" value="#304ffe" linkedInfoId="-1" />
		<row infoId="2726" themeId="92" id="16224" value="#FFFFFF" linkedInfoId="-1" />
		<row infoId="2729" themeId="92" id="16225" value="#000000" linkedInfoId="-1" />
		<row infoId="2730" themeId="92" id="16226" value="#ffb300" linkedInfoId="-1" />
		<row infoId="2732" themeId="92" id="16227" value="#000000" linkedInfoId="-1" />
		<row infoId="2785" themeId="92" id="16228" value="12px" linkedInfoId="-1" />
		<row infoId="2737" themeId="92" id="16229" value="#9ACD32" linkedInfoId="-1" />
		<row infoId="2740" themeId="92" id="16231" value="#ff0000" linkedInfoId="-1" />
		<row infoId="2741" themeId="92" id="16232" value="#fff9c4" linkedInfoId="-1" />
		<row infoId="2742" themeId="92" id="16233" value="#ff0000" linkedInfoId="-1" />
		<row infoId="2792" themeId="92" id="16234" value="#4169E1" linkedInfoId="-1" />
		<row infoId="2769" themeId="92" id="16235" value="#474A51" linkedInfoId="-1" />
		<row infoId="2743" themeId="92" id="16236" value="#cbba83" linkedInfoId="-1" />
		<row infoId="2793" themeId="92" id="16237" value="#55AAFF" linkedInfoId="-1" />
		<row infoId="2749" themeId="92" id="16238" value="#27671E" linkedInfoId="-1" />
		<row infoId="2750" themeId="92" id="16239" value="#fff9c4" linkedInfoId="-1" />
		<row infoId="2751" themeId="92" id="16240" value="underline" linkedInfoId="-1" />
		<row infoId="2755" themeId="92" id="16241" value="#cbba83" linkedInfoId="-1" />
		<row infoId="2802" themeId="92" id="16258" value="#4688CE" linkedInfoId="-1" />
		<row infoId="2803" themeId="92" id="16259" value="#FFFFFF" linkedInfoId="-1" />
		<row infoId="2804" themeId="92" id="16260" value="#FFFFFF" linkedInfoId="-1" />
		<row infoId="2805" themeId="92" id="16261" value="#1974D2" linkedInfoId="-1" />
		<row infoId="2806" themeId="92" id="16262" value="#1974D2" linkedInfoId="-1" />
		<row infoId="2807" themeId="92" id="16263" value="#6484A6" linkedInfoId="-1" />
		<row infoId="2808" themeId="92" id="16264" value="#6484A6" linkedInfoId="-1" />
		<row infoId="2809" themeId="92" id="16265" value="#FFFFFF" linkedInfoId="-1" />
		<row infoId="2802" themeId="58" id="16266" value="#4688CE" linkedInfoId="-1" />
		<row infoId="2803" themeId="58" id="16267" value="#FFFFFF" linkedInfoId="-1" />
		<row infoId="2804" themeId="58" id="16268" value="#FFFFFF" linkedInfoId="-1" />
		<row infoId="2805" themeId="58" id="16269" value="#1974D2" linkedInfoId="-1" />
		<row infoId="2806" themeId="58" id="16270" value="#1974D2" linkedInfoId="-1" />
		<row infoId="2807" themeId="58" id="16271" value="#6484A6" linkedInfoId="-1" />
		<row infoId="2808" themeId="58" id="16272" value="#6484A6" linkedInfoId="-1" />
		<row infoId="2809" themeId="58" id="16273" value="#FFFFFF" linkedInfoId="-1" />
		<row infoId="2802" themeId="55" id="16274" value="#4688CE" linkedInfoId="-1" />
		<row infoId="2803" themeId="55" id="16275" value="#FFFFFF" linkedInfoId="-1" />
		<row infoId="2804" themeId="55" id="16276" value="#FFFFFF" linkedInfoId="-1" />
		<row infoId="2805" themeId="55" id="16277" value="#1974D2" linkedInfoId="-1" />
		<row infoId="2806" themeId="55" id="16278" value="#1974D2" linkedInfoId="-1" />
		<row infoId="2807" themeId="55" id="16279" value="#6484A6" linkedInfoId="-1" />
		<row infoId="2808" themeId="55" id="16280" value="#6484A6" linkedInfoId="-1" />
		<row infoId="2809" themeId="55" id="16281" value="#FFFFFF" linkedInfoId="-1" />
		<row infoId="2810" themeId="92" id="16698" value="#EE8888" linkedInfoId="-1" />
		<row infoId="2811" themeId="92" id="16699" value="#C0FFC0" linkedInfoId="-1" />
		<row infoId="2812" themeId="92" id="16700" value="#FFFF88" linkedInfoId="-1" />
		<row infoId="2814" themeId="92" id="16702" value="#000000" linkedInfoId="-1" />
		<row infoId="2815" themeId="92" id="16703" value="#FFFF88" linkedInfoId="-1" />
		<row infoId="2817" themeId="92" id="16705" value="#90F090" linkedInfoId="-1" />
		<row infoId="2818" themeId="92" id="16706" value="#ffffff" linkedInfoId="-1" />
		<row infoId="2819" themeId="92" id="16707" value="#F0B0B0" linkedInfoId="-1" />
		<row infoId="2820" themeId="92" id="16708" value="#FFFFCC" linkedInfoId="-1" />
		<row infoId="2821" themeId="92" id="16709" value="#90F090" linkedInfoId="-1" />
		<row infoId="2822" themeId="92" id="16710" value="#DDECFE" linkedInfoId="-1" />
		<row infoId="2823" themeId="92" id="16711" value="#EE8888" linkedInfoId="-1" />
		<row infoId="2824" themeId="92" id="16712" value="#FFFFFF" linkedInfoId="-1" />
		<row infoId="2825" themeId="92" id="16713" value="#DDECFE" linkedInfoId="-1" />
		<row infoId="2826" themeId="92" id="16714" value="#EEEE99" linkedInfoId="-1" />
		<row infoId="2827" themeId="92" id="16715" value="#333333" linkedInfoId="-1" />
		<row infoId="2828" themeId="92" id="16716" value="#FFCCCC" linkedInfoId="-1" />
		<row infoId="2829" themeId="92" id="16717" value="#B0F0B0" linkedInfoId="-1" />
		<row infoId="2810" themeId="58" id="16738" value="#EE8888" linkedInfoId="-1" />
		<row infoId="2811" themeId="58" id="16739" value="#C0FFC0" linkedInfoId="-1" />
		<row infoId="2812" themeId="58" id="16740" value="#FFFF88" linkedInfoId="-1" />
		<row infoId="2814" themeId="58" id="16742" value="#000000" linkedInfoId="-1" />
		<row infoId="2815" themeId="58" id="16743" value="#FFFF88" linkedInfoId="-1" />
		<row infoId="2817" themeId="58" id="16745" value="#90F090" linkedInfoId="-1" />
		<row infoId="2818" themeId="58" id="16746" value="#ffffff" linkedInfoId="-1" />
		<row infoId="2819" themeId="58" id="16747" value="#F0B0B0" linkedInfoId="-1" />
		<row infoId="2820" themeId="58" id="16748" value="#FFFFCC" linkedInfoId="-1" />
		<row infoId="2821" themeId="58" id="16749" value="#90F090" linkedInfoId="-1" />
		<row infoId="2822" themeId="58" id="16750" value="#DDECFE" linkedInfoId="-1" />
		<row infoId="2823" themeId="58" id="16751" value="#EE8888" linkedInfoId="-1" />
		<row infoId="2824" themeId="58" id="16752" value="#FFFFFF" linkedInfoId="-1" />
		<row infoId="2825" themeId="58" id="16753" value="#DDECFE" linkedInfoId="-1" />
		<row infoId="2826" themeId="58" id="16754" value="#EEEE99" linkedInfoId="-1" />
		<row infoId="2827" themeId="58" id="16755" value="#333333" linkedInfoId="-1" />
		<row infoId="2828" themeId="58" id="16756" value="#FFCCCC" linkedInfoId="-1" />
		<row infoId="2829" themeId="58" id="16757" value="#B0F0B0" linkedInfoId="-1" />
		<row infoId="2810" themeId="55" id="16758" value="#EE8888" linkedInfoId="-1" />
		<row infoId="2811" themeId="55" id="16759" value="#C0FFC0" linkedInfoId="-1" />
		<row infoId="2812" themeId="55" id="16760" value="#FFFF88" linkedInfoId="-1" />
		<row infoId="2814" themeId="55" id="16762" value="#000000" linkedInfoId="-1" />
		<row infoId="2815" themeId="55" id="16763" value="#FFFF88" linkedInfoId="-1" />
		<row infoId="2817" themeId="55" id="16765" value="#90F090" linkedInfoId="-1" />
		<row infoId="2818" themeId="55" id="16766" value="#ffffff" linkedInfoId="-1" />
		<row infoId="2819" themeId="55" id="16767" value="#F0B0B0" linkedInfoId="-1" />
		<row infoId="2820" themeId="55" id="16768" value="#FFFFCC" linkedInfoId="-1" />
		<row infoId="2821" themeId="55" id="16769" value="#90F090" linkedInfoId="-1" />
		<row infoId="2822" themeId="55" id="16770" value="#DDECFE" linkedInfoId="-1" />
		<row infoId="2823" themeId="55" id="16771" value="#EE8888" linkedInfoId="-1" />
		<row infoId="2824" themeId="55" id="16772" value="#FFFFFF" linkedInfoId="-1" />
		<row infoId="2825" themeId="55" id="16773" value="#DDECFE" linkedInfoId="-1" />
		<row infoId="2826" themeId="55" id="16774" value="#EEEE99" linkedInfoId="-1" />
		<row infoId="2827" themeId="55" id="16775" value="#333333" linkedInfoId="-1" />
		<row infoId="2828" themeId="55" id="16776" value="#FFCCCC" linkedInfoId="-1" />
		<row infoId="2829" themeId="55" id="16777" value="#B0F0B0" linkedInfoId="-1" />
		<row infoId="2830" themeId="92" id="17234" value="1px" linkedInfoId="-1" />
		<row infoId="2831" themeId="92" id="17235" value="bold" linkedInfoId="-1" />
		<row infoId="2832" themeId="92" id="17236" value="#FFFFFF" linkedInfoId="-1" />
		<row infoId="2833" themeId="92" id="17237" value="#777777" linkedInfoId="-1" />
		<row infoId="2834" themeId="92" id="17238" value="#884488" linkedInfoId="-1" />
		<row infoId="2835" themeId="92" id="17239" value="#225EF0" linkedInfoId="-1" />
		<row infoId="2836" themeId="92" id="17240" value="#000088" linkedInfoId="-1" />
		<row infoId="2837" themeId="92" id="17241" value="bold" linkedInfoId="-1" />
		<row infoId="2838" themeId="92" id="17242" value="0px" linkedInfoId="-1" />
		<row infoId="2839" themeId="92" id="17243" value="#884488" linkedInfoId="-1" />
		<row infoId="2830" themeId="58" id="17244" value="1px" linkedInfoId="-1" />
		<row infoId="2831" themeId="58" id="17245" value="bold" linkedInfoId="-1" />
		<row infoId="2832" themeId="58" id="17246" value="#FFFFFF" linkedInfoId="-1" />
		<row infoId="2833" themeId="58" id="17247" value="#777777" linkedInfoId="-1" />
		<row infoId="2834" themeId="58" id="17248" value="#884488" linkedInfoId="-1" />
		<row infoId="2835" themeId="58" id="17249" value="#225EF0" linkedInfoId="-1" />
		<row infoId="2836" themeId="58" id="17250" value="#000088" linkedInfoId="-1" />
		<row infoId="2837" themeId="58" id="17251" value="bold" linkedInfoId="-1" />
		<row infoId="2838" themeId="58" id="17252" value="0px" linkedInfoId="-1" />
		<row infoId="2839" themeId="58" id="17253" value="#884488" linkedInfoId="-1" />
		<row infoId="2830" themeId="55" id="17254" value="1px" linkedInfoId="-1" />
		<row infoId="2831" themeId="55" id="17255" value="bold" linkedInfoId="-1" />
		<row infoId="2832" themeId="55" id="17256" value="#FFFFFF" linkedInfoId="-1" />
		<row infoId="2833" themeId="55" id="17257" value="#777777" linkedInfoId="-1" />
		<row infoId="2834" themeId="55" id="17258" value="#884488" linkedInfoId="-1" />
		<row infoId="2835" themeId="55" id="17259" value="#225EF0" linkedInfoId="-1" />
		<row infoId="2836" themeId="55" id="17260" value="#000088" linkedInfoId="-1" />
		<row infoId="2837" themeId="55" id="17261" value="bold" linkedInfoId="-1" />
		<row infoId="2838" themeId="55" id="17262" value="0px" linkedInfoId="-1" />
		<row infoId="2839" themeId="55" id="17263" value="#884488" linkedInfoId="-1" />
		<row infoId="2840" themeId="92" id="19982" value="#71c3ec" linkedInfoId="-1" />
		<row infoId="2841" themeId="92" id="19983" value="#1a74d2" linkedInfoId="-1" />
		<row infoId="2842" themeId="92" id="19984" value="#d8e8fe" linkedInfoId="-1" />
		<row infoId="2840" themeId="58" id="19985" value="#71c3ec" linkedInfoId="-1" />
		<row infoId="2841" themeId="58" id="19986" value="#1a74d2" linkedInfoId="-1" />
		<row infoId="2842" themeId="58" id="19987" value="#d8e8fe" linkedInfoId="-1" />
		<row infoId="2840" themeId="55" id="19988" value="#71c3ec" linkedInfoId="-1" />
		<row infoId="2841" themeId="55" id="19989" value="#1a74d2" linkedInfoId="-1" />
		<row infoId="2842" themeId="55" id="19990" value="#d8e8fe" linkedInfoId="-1" />
		<row infoId="2843" themeId="92" id="20909" value="8pt" linkedInfoId="-1" />
		<row infoId="2843" themeId="58" id="20910" value="8pt" linkedInfoId="-1" />
		<row infoId="2843" themeId="55" id="20911" value="8pt" linkedInfoId="-1" />
		<row infoId="2844" themeId="55" id="21378" value="#BE7400" linkedInfoId="-1" />
		<row infoId="2845" themeId="55" id="21379" value="#FF8800" linkedInfoId="-1" />
		<row infoId="2846" themeId="55" id="21380" value="#FFFFFF" linkedInfoId="-1" />
		<row infoId="2844" themeId="92" id="21381" value="#BE7400" linkedInfoId="-1" />
		<row infoId="2845" themeId="92" id="21382" value="#FF8800" linkedInfoId="-1" />
		<row infoId="2846" themeId="92" id="21383" value="#FFFFFF" linkedInfoId="-1" />
		<row infoId="2844" themeId="58" id="21384" value="#BE7400" linkedInfoId="-1" />
		<row infoId="2845" themeId="58" id="21385" value="#FF8800" linkedInfoId="-1" />
		<row infoId="2846" themeId="58" id="21386" value="#FFFFFF" linkedInfoId="-1" />
		<row infoId="2794" themeId="117" id="21853" value="#0000ff" linkedInfoId="-1" />
		<row infoId="2606" themeId="117" id="21854" value="#ffffff" linkedInfoId="-1" />
		<row infoId="2609" themeId="117" id="21855" value="unset" linkedInfoId="-1" />
		<row infoId="2802" themeId="117" id="21856" value="#4688CE" linkedInfoId="-1" />
		<row infoId="2756" themeId="117" id="21857" value="#870102" linkedInfoId="-1" />
		<row infoId="2611" themeId="117" id="21858" value="#00aa00" linkedInfoId="-1" />
		<row infoId="2612" themeId="117" id="21859" value="#f1f1f3" linkedInfoId="-1" />
		<row infoId="2613" themeId="117" id="21860" value="#ffffff" linkedInfoId="-1" />
		<row infoId="2830" themeId="117" id="21861" value="1px" linkedInfoId="-1" />
		<row infoId="2773" themeId="117" id="21862" value="6px" linkedInfoId="-1" />
		<row infoId="2774" themeId="117" id="21863" value="0px" linkedInfoId="-1" />
		<row infoId="2615" themeId="117" id="21864" value="#ffffff" linkedInfoId="-1" />
		<row infoId="2616" themeId="117" id="21865" value="#ffffff" linkedInfoId="-1" />
		<row infoId="2617" themeId="117" id="21866" value="#dee0ec" linkedInfoId="-1" />
		<row infoId="2618" themeId="117" id="21867" value="0.4" linkedInfoId="-1" />
		<row infoId="2776" themeId="117" id="21868" value="34px" linkedInfoId="-1" />
		<row infoId="2810" themeId="117" id="21869" value="#EE8888" linkedInfoId="-1" />
		<row infoId="2621" themeId="117" id="21870" value="#231f20" linkedInfoId="-1" />
		<row infoId="2625" themeId="117" id="21871" value="#ff0e17" linkedInfoId="-1" />
		<row infoId="2626" themeId="117" id="21872" value="#870102" linkedInfoId="-1" />
		<row infoId="2759" themeId="117" id="21873" value="#FAE7B5" linkedInfoId="-1" />
		<row infoId="2630" themeId="117" id="21874" value="#240935" linkedInfoId="-1" />
		<row infoId="2771" themeId="117" id="21875" value="#28272f" linkedInfoId="-1" />
		<row infoId="2631" themeId="117" id="21876" value="#ffffff" linkedInfoId="-1" />
		<row infoId="2760" themeId="117" id="21877" value="#6D6552" linkedInfoId="-1" />
		<row infoId="2633" themeId="117" id="21878" value="#000000" linkedInfoId="-1" />
		<row infoId="2797" themeId="117" id="21879" value="0.8" linkedInfoId="-1" />
		<row infoId="2634" themeId="117" id="21880" value="#ffffff" linkedInfoId="-1" />
		<row infoId="2635" themeId="117" id="21881" value="#c9c8c8" linkedInfoId="-1" />
		<row infoId="2803" themeId="117" id="21882" value="#505050" linkedInfoId="-1" />
		<row infoId="2761" themeId="117" id="21883" value="#ffffff" linkedInfoId="-1" />
		<row infoId="2639" themeId="117" id="21884" value="5px" linkedInfoId="-1" />
		<row infoId="2647" themeId="117" id="21885" value="#000000" linkedInfoId="-1" />
		<row infoId="2649" themeId="117" id="21886" value="#ff0000" linkedInfoId="-1" />
		<row infoId="2651" themeId="117" id="21887" value="#d8e8ff" linkedInfoId="-1" />
		<row infoId="2811" themeId="117" id="21888" value="#C0FFC0" linkedInfoId="-1" />
		<row infoId="2652" themeId="117" id="21889" value="#ffffff" linkedInfoId="-1" />
		<row infoId="2763" themeId="117" id="21890" value="#ffffff" linkedInfoId="-1" />
		<row infoId="2654" themeId="117" id="21891" value="#009700" linkedInfoId="-1" />
		<row infoId="2655" themeId="117" id="21892" value="#ffffff" linkedInfoId="-1" />
		<row infoId="2656" themeId="117" id="21893" value="#cccccc" linkedInfoId="-1" />
		<row infoId="2661" themeId="117" id="21894" value="#606060" linkedInfoId="-1" />
		<row infoId="2662" themeId="117" id="21895" value="#000000" linkedInfoId="-1" />
		<row infoId="2796" themeId="117" id="21896" value="8px" linkedInfoId="-1" />
		<row infoId="2798" themeId="117" id="21897" value="#1976d2" linkedInfoId="-1" />
		<row infoId="2831" themeId="117" id="21898" value="bold" linkedInfoId="-1" />
		<row infoId="2663" themeId="117" id="21899" value="#ffff90" linkedInfoId="-1" />
		<row infoId="2832" themeId="117" id="21900" value="#FFFFFF" linkedInfoId="-1" />
		<row infoId="2667" themeId="117" id="21901" value="#22232A" linkedInfoId="-1" />
		<row infoId="2812" themeId="117" id="21902" value="#FFFF88" linkedInfoId="-1" />
		<row infoId="2668" themeId="117" id="21903" value="#dfdfdf" linkedInfoId="-1" />
		<row infoId="2844" themeId="117" id="21904" value="#BE7400" linkedInfoId="-1" />
		<row infoId="2669" themeId="117" id="21905" value="#dddddd" linkedInfoId="-1" />
		<row infoId="2671" themeId="117" id="21906" value="#4c4c4c" linkedInfoId="-1" />
		<row infoId="2779" themeId="117" id="21907" value="26px" linkedInfoId="-1" />
		<row infoId="2814" themeId="117" id="21908" value="#000000" linkedInfoId="-1" />
		<row infoId="2815" themeId="117" id="21909" value="#FFFF88" linkedInfoId="-1" />
		<row infoId="2675" themeId="117" id="21910" value="#00aa00" linkedInfoId="-1" />
		<row infoId="2678" themeId="117" id="21911" value="#bd0000" linkedInfoId="-1" />
		<row infoId="2679" themeId="117" id="21912" value="#ffffff" linkedInfoId="-1" />
		<row infoId="2682" themeId="117" id="21913" value="#e8d3d2" linkedInfoId="-1" />
		<row infoId="2683" themeId="117" id="21914" value="#ffffff" linkedInfoId="-1" />
		<row infoId="2684" themeId="117" id="21915" value="#98B0FF" linkedInfoId="-1" />
		<row infoId="2687" themeId="117" id="21916" value="#ffffff" linkedInfoId="-1" />
		<row infoId="2780" themeId="117" id="21917" value="13px" linkedInfoId="-1" />
		<row infoId="2688" themeId="117" id="21918" value="#bbbbbb" linkedInfoId="-1" />
		<row infoId="2692" themeId="117" id="21919" value="#606060" linkedInfoId="-1" />
		<row infoId="2764" themeId="117" id="21920" value="#3D2B1F" linkedInfoId="-1" />
		<row infoId="2695" themeId="117" id="21921" value="#f1f1f3" linkedInfoId="-1" />
		<row infoId="2696" themeId="117" id="21922" value="none" linkedInfoId="-1" />
		<row infoId="2782" themeId="117" id="21923" value="22px" linkedInfoId="-1" />
		<row infoId="2698" themeId="117" id="21924" value="#606060" linkedInfoId="-1" />
		<row infoId="2699" themeId="117" id="21925" value="#ffff90" linkedInfoId="-1" />
		<row infoId="2789" themeId="117" id="21926" value="#0201ee" linkedInfoId="-1" />
		<row infoId="2701" themeId="117" id="21927" value="all 0.7s ease" linkedInfoId="-1" />
		<row infoId="2783" themeId="117" id="21928" value="13px" linkedInfoId="-1" />
		<row infoId="2702" themeId="117" id="21929" value="unset" linkedInfoId="-1" />
		<row infoId="2704" themeId="117" id="21930" value="#606060" linkedInfoId="-1" />
		<row infoId="2767" themeId="117" id="21931" value="#FDD9B5" linkedInfoId="-1" />
		<row infoId="2790" themeId="117" id="21932" value="#ff0e17" linkedInfoId="-1" />
		<row infoId="2708" themeId="117" id="21933" value="#00b2ff" linkedInfoId="-1" />
		<row infoId="2709" themeId="117" id="21934" value="#f1f3ff" linkedInfoId="-1" />
		<row infoId="2710" themeId="117" id="21935" value="#cdebcf" linkedInfoId="-1" />
		<row infoId="2711" themeId="117" id="21936" value="#cccccc" linkedInfoId="-1" />
		<row infoId="2716" themeId="117" id="21937" value="#00b2ff" linkedInfoId="-1" />
		<row infoId="2817" themeId="117" id="21938" value="#90F090" linkedInfoId="-1" />
		<row infoId="2721" themeId="117" id="21939" value="#00b2ff" linkedInfoId="-1" />
		<row infoId="2723" themeId="117" id="21940" value="#f9dcde" linkedInfoId="-1" />
		<row infoId="2804" themeId="117" id="21941" value="#FFFFFF" linkedInfoId="-1" />
		<row infoId="2724" themeId="117" id="21942" value="#ffffff" linkedInfoId="-1" />
		<row infoId="2768" themeId="117" id="21943" value="#22232A" linkedInfoId="-1" />
		<row infoId="2727" themeId="117" id="21944" value="#F2F7FF" linkedInfoId="-1" />
		<row infoId="2728" themeId="117" id="21945" value="#f2f2f2" linkedInfoId="-1" />
		<row infoId="2784" themeId="117" id="21946" value="13px" linkedInfoId="-1" />
		<row infoId="2845" themeId="117" id="21947" value="#FF8800" linkedInfoId="-1" />
		<row infoId="2731" themeId="117" id="21948" value="#00b2ff" linkedInfoId="-1" />
		<row infoId="2733" themeId="117" id="21949" value="underline" linkedInfoId="-1" />
		<row infoId="2734" themeId="117" id="21950" value="#ffffff" linkedInfoId="-1" />
		<row infoId="2735" themeId="117" id="21951" value="#686868" linkedInfoId="-1" />
		<row infoId="2736" themeId="117" id="21952" value="#FFFFFF" linkedInfoId="-1" />
		<row infoId="2791" themeId="117" id="21953" value="#ff0e17" linkedInfoId="-1" />
		<row infoId="2833" themeId="117" id="21954" value="#777777" linkedInfoId="-1" />
		<row infoId="2744" themeId="117" id="21955" value="#ffffff" linkedInfoId="-1" />
		<row infoId="2745" themeId="117" id="21956" value="#4169E1" linkedInfoId="-1" />
		<row infoId="2746" themeId="117" id="21957" value="#ffffff" linkedInfoId="-1" />
		<row infoId="2747" themeId="117" id="21958" value="#009700" linkedInfoId="-1" />
		<row infoId="2818" themeId="117" id="21959" value="#ffffff" linkedInfoId="-1" />
		<row infoId="2819" themeId="117" id="21960" value="#F0B0B0" linkedInfoId="-1" />
		<row infoId="2752" themeId="117" id="21961" value="#cccccc" linkedInfoId="-1" />
		<row infoId="2820" themeId="117" id="21962" value="#FFFFCC" linkedInfoId="-1" />
		<row infoId="2753" themeId="117" id="21963" value="#55AAFF" linkedInfoId="-1" />
		<row infoId="2754" themeId="117" id="21964" value="#cccccc" linkedInfoId="-1" />
		<row infoId="2604" themeId="117" id="21965" value="#00aa00" linkedInfoId="-1" />
		<row infoId="2821" themeId="117" id="21966" value="#90F090" linkedInfoId="-1" />
		<row infoId="2770" themeId="117" id="21967" value="0.15" linkedInfoId="-1" />
		<row infoId="2605" themeId="117" id="21968" value="#00b2ff" linkedInfoId="-1" />
		<row infoId="2822" themeId="117" id="21969" value="#DDECFE" linkedInfoId="-1" />
		<row infoId="2608" themeId="117" id="21970" value="#808184" linkedInfoId="-1" />
		<row infoId="2610" themeId="117" id="21971" value="#00b2ff" linkedInfoId="-1" />
		<row infoId="2799" themeId="117" id="21972" value="#000000" linkedInfoId="-1" />
		<row infoId="2757" themeId="117" id="21973" value="#C2F0FF" linkedInfoId="-1" />
		<row infoId="2834" themeId="117" id="21974" value="#884488" linkedInfoId="-1" />
		<row infoId="2614" themeId="117" id="21975" value="#000000" linkedInfoId="-1" />
		<row infoId="2775" themeId="117" id="21976" value="30px" linkedInfoId="-1" />
		<row infoId="2619" themeId="117" id="21977" value="5px" linkedInfoId="-1" />
		<row infoId="2620" themeId="117" id="21978" value="#ffffff" linkedInfoId="-1" />
		<row infoId="2758" themeId="117" id="21979" value="#ec1c24" linkedInfoId="-1" />
		<row infoId="2800" themeId="117" id="21980" value="#dee0ec" linkedInfoId="-1" />
		<row infoId="2622" themeId="117" id="21981" value="#ffffff" linkedInfoId="-1" />
		<row infoId="2623" themeId="117" id="21982" value="#000000" linkedInfoId="-1" />
		<row infoId="2624" themeId="117" id="21983" value="#cccccc" linkedInfoId="-1" />
		<row infoId="2627" themeId="117" id="21984" value="#72c2ec" linkedInfoId="-1" />
		<row infoId="2629" themeId="117" id="21985" value="#551b8b" linkedInfoId="-1" />
		<row infoId="2786" themeId="117" id="21986" value="#640bac" linkedInfoId="-1" />
		<row infoId="2632" themeId="117" id="21987" value="#ffffff" linkedInfoId="-1" />
		<row infoId="2636" themeId="117" id="21988" value="#ffffff" linkedInfoId="-1" />
		<row infoId="2637" themeId="117" id="21989" value="#606060" linkedInfoId="-1" />
		<row infoId="2638" themeId="117" id="21990" value="#aaaaaa" linkedInfoId="-1" />
		<row infoId="2762" themeId="117" id="21991" value="#2F353B" linkedInfoId="-1" />
		<row infoId="2795" themeId="117" id="21992" value="4px" linkedInfoId="-1" />
		<row infoId="2640" themeId="117" id="21993" value="#ffffff" linkedInfoId="-1" />
		<row infoId="2641" themeId="117" id="21994" value="#696969" linkedInfoId="-1" />
		<row infoId="2777" themeId="117" id="21995" value="7px" linkedInfoId="-1" />
		<row infoId="2787" themeId="117" id="21996" value="#640bac" linkedInfoId="-1" />
		<row infoId="2642" themeId="117" id="21997" value="#1800AD" linkedInfoId="-1" />
		<row infoId="2643" themeId="117" id="21998" value="#0201ee" linkedInfoId="-1" />
		<row infoId="2644" themeId="117" id="21999" value="#00b2ff" linkedInfoId="-1" />
		<row infoId="2805" themeId="117" id="22000" value="#1974D2" linkedInfoId="-1" />
		<row infoId="2806" themeId="117" id="22001" value="#1974D2" linkedInfoId="-1" />
		<row infoId="2648" themeId="117" id="22002" value="#cccccc" linkedInfoId="-1" />
		<row infoId="2823" themeId="117" id="22003" value="#EE8888" linkedInfoId="-1" />
		<row infoId="2650" themeId="117" id="22004" value="#009700" linkedInfoId="-1" />
		<row infoId="2835" themeId="117" id="22005" value="#225EF0" linkedInfoId="-1" />
		<row infoId="2807" themeId="117" id="22006" value="#d8e8fe" linkedInfoId="-1" />
		<row infoId="2653" themeId="117" id="22007" value="#ffffff" linkedInfoId="-1" />
		<row infoId="2657" themeId="117" id="22008" value="#ff0000" linkedInfoId="-1" />
		<row infoId="2658" themeId="117" id="22009" value="#696969" linkedInfoId="-1" />
		<row infoId="2659" themeId="117" id="22010" value="#000000" linkedInfoId="-1" />
		<row infoId="2660" themeId="117" id="22011" value="#e1e9fc" linkedInfoId="-1" />
		<row infoId="2778" themeId="117" id="22012" value="2px" linkedInfoId="-1" />
		<row infoId="2840" themeId="117" id="22013" value="#71c3ec" linkedInfoId="-1" />
		<row infoId="2788" themeId="117" id="22014" value="#551b8b" linkedInfoId="-1" />
		<row infoId="2664" themeId="117" id="22015" value="#2439FF" linkedInfoId="-1" />
		<row infoId="2772" themeId="117" id="22016" value="#555555" linkedInfoId="-1" />
		<row infoId="2824" themeId="117" id="22017" value="#FFFFFF" linkedInfoId="-1" />
		<row infoId="2665" themeId="117" id="22018" value="#1976d2" linkedInfoId="-1" />
		<row infoId="2666" themeId="117" id="22019" value="#3FB3FF" linkedInfoId="-1" />
		<row infoId="2670" themeId="117" id="22020" value="#606060" linkedInfoId="-1" />
		<row infoId="2846" themeId="117" id="22021" value="#FFFFFF" linkedInfoId="-1" />
		<row infoId="2801" themeId="117" id="22022" value="#FFFFFF" linkedInfoId="-1" />
		<row infoId="2672" themeId="117" id="22023" value="#000000" linkedInfoId="-1" />
		<row infoId="2836" themeId="117" id="22024" value="#000088" linkedInfoId="-1" />
		<row infoId="2674" themeId="117" id="22025" value="#c9c8c8" linkedInfoId="-1" />
		<row infoId="2676" themeId="117" id="22026" value="#ffffff" linkedInfoId="-1" />
		<row infoId="2677" themeId="117" id="22027" value="#606060" linkedInfoId="-1" />
		<row infoId="2680" themeId="117" id="22028" value="#ffffff" linkedInfoId="-1" />
		<row infoId="2681" themeId="117" id="22029" value="#ffffff" linkedInfoId="-1" />
		<row infoId="2685" themeId="117" id="22030" value="#A2A2D0" linkedInfoId="-1" />
		<row infoId="2686" themeId="117" id="22031" value="#d4deea" linkedInfoId="-1" />
		<row infoId="2689" themeId="117" id="22032" value="#c5ddc7" linkedInfoId="-1" />
		<row infoId="2690" themeId="117" id="22033" value="#1800AA" linkedInfoId="-1" />
		<row infoId="2691" themeId="117" id="22034" value="#c9c8c8" linkedInfoId="-1" />
		<row infoId="2693" themeId="117" id="22035" value="#009700" linkedInfoId="-1" />
		<row infoId="2694" themeId="117" id="22036" value="#bd0000" linkedInfoId="-1" />
		<row infoId="2781" themeId="117" id="22037" value="85px" linkedInfoId="-1" />
		<row infoId="2837" themeId="117" id="22038" value="bold" linkedInfoId="-1" />
		<row infoId="2697" themeId="117" id="22039" value="#ff0e17" linkedInfoId="-1" />
		<row infoId="2765" themeId="117" id="22040" value="#FAEEDD" linkedInfoId="-1" />
		<row infoId="2700" themeId="117" id="22041" value="none" linkedInfoId="-1" />
		<row infoId="2843" themeId="117" id="22042" value="11px" linkedInfoId="-1" />
		<row infoId="2703" themeId="117" id="22043" value="#cccccc" linkedInfoId="-1" />
		<row infoId="2838" themeId="117" id="22044" value="0px" linkedInfoId="-1" />
		<row infoId="2825" themeId="117" id="22045" value="#DDECFE" linkedInfoId="-1" />
		<row infoId="2839" themeId="117" id="22046" value="#884488" linkedInfoId="-1" />
		<row infoId="2705" themeId="117" id="22047" value="#ffffff" linkedInfoId="-1" />
		<row infoId="2706" themeId="117" id="22048" value="#ffffff" linkedInfoId="-1" />
		<row infoId="2707" themeId="117" id="22049" value="#1A153F" linkedInfoId="-1" />
		<row infoId="2766" themeId="117" id="22050" value="#FFDEAD" linkedInfoId="-1" />
		<row infoId="2712" themeId="117" id="22051" value="#ffffff" linkedInfoId="-1" />
		<row infoId="2841" themeId="117" id="22052" value="#1a74d2" linkedInfoId="-1" />
		<row infoId="2826" themeId="117" id="22053" value="#EEEE99" linkedInfoId="-1" />
		<row infoId="2827" themeId="117" id="22054" value="#333333" linkedInfoId="-1" />
		<row infoId="2713" themeId="117" id="22055" value="#ec1c24" linkedInfoId="-1" />
		<row infoId="2714" themeId="117" id="22056" value="#dfdfdf" linkedInfoId="-1" />
		<row infoId="2715" themeId="117" id="22057" value="#bd0000" linkedInfoId="-1" />
		<row infoId="2717" themeId="117" id="22058" value="#c9c8c8" linkedInfoId="-1" />
		<row infoId="2718" themeId="117" id="22059" value="all 0.7s ease" linkedInfoId="-1" />
		<row infoId="2719" themeId="117" id="22060" value="#cccccc" linkedInfoId="-1" />
		<row infoId="2720" themeId="117" id="22061" value="#ffffff" linkedInfoId="-1" />
		<row infoId="2828" themeId="117" id="22062" value="#FFCCCC" linkedInfoId="-1" />
		<row infoId="2722" themeId="117" id="22063" value="#000000" linkedInfoId="-1" />
		<row infoId="2808" themeId="117" id="22064" value="#d8e8fe" linkedInfoId="-1" />
		<row infoId="2725" themeId="117" id="22065" value="#00aa00" linkedInfoId="-1" />
		<row infoId="2726" themeId="117" id="22066" value="#000000" linkedInfoId="-1" />
		<row infoId="2729" themeId="117" id="22067" value="#ffffff" linkedInfoId="-1" />
		<row infoId="2730" themeId="117" id="22068" value="#00b2ff" linkedInfoId="-1" />
		<row infoId="2732" themeId="117" id="22069" value="#ffffff" linkedInfoId="-1" />
		<row infoId="2785" themeId="117" id="22070" value="12px" linkedInfoId="-1" />
		<row infoId="2809" themeId="117" id="22071" value="#FFFFFF" linkedInfoId="-1" />
		<row infoId="2737" themeId="117" id="22072" value="#ffffff" linkedInfoId="-1" />
		<row infoId="2740" themeId="117" id="22073" value="#bd0000" linkedInfoId="-1" />
		<row infoId="2741" themeId="117" id="22074" value="#ffffff" linkedInfoId="-1" />
		<row infoId="2842" themeId="117" id="22075" value="#d8e8fe" linkedInfoId="-1" />
		<row infoId="2829" themeId="117" id="22076" value="#B0F0B0" linkedInfoId="-1" />
		<row infoId="2742" themeId="117" id="22077" value="#bd0000" linkedInfoId="-1" />
		<row infoId="2792" themeId="117" id="22078" value="#4169E1" linkedInfoId="-1" />
		<row infoId="2769" themeId="117" id="22079" value="#474A51" linkedInfoId="-1" />
		<row infoId="2743" themeId="117" id="22080" value="#cccccc" linkedInfoId="-1" />
		<row infoId="2793" themeId="117" id="22081" value="#4169E1" linkedInfoId="-1" />
		<row infoId="2749" themeId="117" id="22082" value="#cccccc" linkedInfoId="-1" />
		<row infoId="2750" themeId="117" id="22083" value="#ffffff" linkedInfoId="-1" />
		<row infoId="2751" themeId="117" id="22084" value="underline" linkedInfoId="-1" />
		<row infoId="2755" themeId="117" id="22085" value="#cccccc" linkedInfoId="-1" />
		<row infoId="2794" themeId="118" id="22086" value="#7AC1FF" linkedInfoId="-1" />
		<row infoId="2606" themeId="118" id="22087" value="#505050" linkedInfoId="-1" />
		<row infoId="2609" themeId="118" id="22088" value="unset" linkedInfoId="-1" />
		<row infoId="2802" themeId="118" id="22089" value="#1C97EA" linkedInfoId="-1" />
		<row infoId="2756" themeId="118" id="22090" value="#007ACC" linkedInfoId="-1" />
		<row infoId="2611" themeId="118" id="22091" value="#CD7F32" linkedInfoId="-1" />
		<row infoId="2612" themeId="118" id="22092" value="#333337" linkedInfoId="-1" />
		<row infoId="2613" themeId="118" id="22093" value="#505050" linkedInfoId="-1" />
		<row infoId="2830" themeId="118" id="22094" value="2px" linkedInfoId="-1" />
		<row infoId="2773" themeId="118" id="22095" value="6px" linkedInfoId="-1" />
		<row infoId="2774" themeId="118" id="22096" value="0px" linkedInfoId="-1" />
		<row infoId="2615" themeId="118" id="22097" value="#11B054" linkedInfoId="-1" />
		<row infoId="2616" themeId="118" id="22098" value="#FFFFFF" linkedInfoId="-1" />
		<row infoId="2617" themeId="118" id="22099" value="#252526" linkedInfoId="-1" />
		<row infoId="2618" themeId="118" id="22100" value="0.4" linkedInfoId="-1" />
		<row infoId="2776" themeId="118" id="22101" value="34px" linkedInfoId="-1" />
		<row infoId="2810" themeId="118" id="22102" value="#FF6666" linkedInfoId="-1" />
		<row infoId="2621" themeId="118" id="22103" value="#999999" linkedInfoId="-1" />
		<row infoId="2625" themeId="118" id="22104" value="#1195F9" linkedInfoId="-1" />
		<row infoId="2626" themeId="118" id="22105" value="#9F3334" linkedInfoId="-1" />
		<row infoId="2759" themeId="118" id="22106" value="#808080" linkedInfoId="-1" />
		<row infoId="2630" themeId="118" id="22107" value="#B0B0B0" linkedInfoId="-1" />
		<row infoId="2771" themeId="118" id="22108" value="#28272f" linkedInfoId="-1" />
		<row infoId="2631" themeId="118" id="22109" value="#505050" linkedInfoId="-1" />
		<row infoId="2760" themeId="118" id="22110" value="#FFFFFF" linkedInfoId="-1" />
		<row infoId="2633" themeId="118" id="22111" value="#FFFFFF" linkedInfoId="-1" />
		<row infoId="2797" themeId="118" id="22112" value="0.8" linkedInfoId="-1" />
		<row infoId="2634" themeId="118" id="22113" value="#007ACC" linkedInfoId="-1" />
		<row infoId="2635" themeId="118" id="22114" value="#434346" linkedInfoId="-1" />
		<row infoId="2803" themeId="118" id="22115" value="#FFFFFF" linkedInfoId="-1" />
		<row infoId="2761" themeId="118" id="22116" value="#FFFFFF" linkedInfoId="-1" />
		<row infoId="2639" themeId="118" id="22117" value="3px" linkedInfoId="-1" />
		<row infoId="2647" themeId="118" id="22118" value="#FFFFFF" linkedInfoId="-1" />
		<row infoId="2649" themeId="118" id="22119" value="#FF7575" linkedInfoId="-1" />
		<row infoId="2651" themeId="118" id="22120" value="#252526" linkedInfoId="-1" />
		<row infoId="2811" themeId="118" id="22121" value="#265E4D" linkedInfoId="-1" />
		<row infoId="2652" themeId="118" id="22122" value="#333337" linkedInfoId="-1" />
		<row infoId="2763" themeId="118" id="22123" value="#FFFFFF" linkedInfoId="-1" />
		<row infoId="2654" themeId="118" id="22124" value="#11B054" linkedInfoId="-1" />
		<row infoId="2655" themeId="118" id="22125" value="#2D2D30" linkedInfoId="-1" />
		<row infoId="2656" themeId="118" id="22126" value="#4E4E50" linkedInfoId="-1" />
		<row infoId="2661" themeId="118" id="22127" value="#3F3F46" linkedInfoId="-1" />
		<row infoId="2662" themeId="118" id="22128" value="#FFFFFF" linkedInfoId="-1" />
		<row infoId="2796" themeId="118" id="22129" value="8px" linkedInfoId="-1" />
		<row infoId="2798" themeId="118" id="22130" value="#333337" linkedInfoId="-1" />
		<row infoId="2831" themeId="118" id="22131" value="normal" linkedInfoId="-1" />
		<row infoId="2663" themeId="118" id="22132" value="#5b530d" linkedInfoId="-1" />
		<row infoId="2832" themeId="118" id="22133" value="#FFFFFF" linkedInfoId="-1" />
		<row infoId="2667" themeId="118" id="22134" value="#2D2D30" linkedInfoId="-1" />
		<row infoId="2812" themeId="118" id="22135" value="#265E4D" linkedInfoId="-1" />
		<row infoId="2668" themeId="118" id="22136" value="#4E4E50" linkedInfoId="-1" />
		<row infoId="2844" themeId="118" id="22137" value="#6A3C03" linkedInfoId="-1" />
		<row infoId="2669" themeId="118" id="22138" value="#007ACC" linkedInfoId="-1" />
		<row infoId="2671" themeId="118" id="22139" value="#252526" linkedInfoId="-1" />
		<row infoId="2779" themeId="118" id="22140" value="26px" linkedInfoId="-1" />
		<row infoId="2814" themeId="118" id="22141" value="#FFFFFF" linkedInfoId="-1" />
		<row infoId="2815" themeId="118" id="22142" value="#76923C" linkedInfoId="-1" />
		<row infoId="2675" themeId="118" id="22143" value="#CD7F32" linkedInfoId="-1" />
		<row infoId="2678" themeId="118" id="22144" value="#FF7575" linkedInfoId="-1" />
		<row infoId="2679" themeId="118" id="22145" value="#333337" linkedInfoId="-1" />
		<row infoId="2682" themeId="118" id="22146" value="#F9DCDE" linkedInfoId="-1" />
		<row infoId="2683" themeId="118" id="22147" value="#FFFFFF" linkedInfoId="-1" />
		<row infoId="2684" themeId="118" id="22148" value="#434346" linkedInfoId="-1" />
		<row infoId="2687" themeId="118" id="22149" value="#333337" linkedInfoId="-1" />
		<row infoId="2780" themeId="118" id="22150" value="13px" linkedInfoId="-1" />
		<row infoId="2688" themeId="118" id="22151" value="#007ACC" linkedInfoId="-1" />
		<row infoId="2692" themeId="118" id="22152" value="#999999" linkedInfoId="-1" />
		<row infoId="2764" themeId="118" id="22153" value="#FFFFFF" linkedInfoId="-1" />
		<row infoId="2695" themeId="118" id="22154" value="#333337" linkedInfoId="-1" />
		<row infoId="2696" themeId="118" id="22155" value="none" linkedInfoId="-1" />
		<row infoId="2782" themeId="118" id="22156" value="22px" linkedInfoId="-1" />
		<row infoId="2698" themeId="118" id="22157" value="#007ACC" linkedInfoId="-1" />
		<row infoId="2699" themeId="118" id="22158" value="#646117" linkedInfoId="-1" />
		<row infoId="2789" themeId="118" id="22159" value="#1195F9" linkedInfoId="-1" />
		<row infoId="2701" themeId="118" id="22160" value="all 0.7s ease" linkedInfoId="-1" />
		<row infoId="2783" themeId="118" id="22161" value="13px" linkedInfoId="-1" />
		<row infoId="2702" themeId="118" id="22162" value="unset" linkedInfoId="-1" />
		<row infoId="2704" themeId="118" id="22163" value="#434346" linkedInfoId="-1" />
		<row infoId="2767" themeId="118" id="22164" value="#252526" linkedInfoId="-1" />
		<row infoId="2790" themeId="118" id="22165" value="#1195F9" linkedInfoId="-1" />
		<row infoId="2708" themeId="118" id="22166" value="#11B054" linkedInfoId="-1" />
		<row infoId="2709" themeId="118" id="22167" value="#2D2D30" linkedInfoId="-1" />
		<row infoId="2710" themeId="118" id="22168" value="#EFFFEF" linkedInfoId="-1" />
		<row infoId="2711" themeId="118" id="22169" value="#4E4E50" linkedInfoId="-1" />
		<row infoId="2716" themeId="118" id="22170" value="#007ACC" linkedInfoId="-1" />
		<row infoId="2817" themeId="118" id="22171" value="#265E4D" linkedInfoId="-1" />
		<row infoId="2721" themeId="118" id="22172" value="#FF7575" linkedInfoId="-1" />
		<row infoId="2723" themeId="118" id="22173" value="#F9DCDE" linkedInfoId="-1" />
		<row infoId="2804" themeId="118" id="22174" value="#FFFFFF" linkedInfoId="-1" />
		<row infoId="2724" themeId="118" id="22175" value="#333337" linkedInfoId="-1" />
		<row infoId="2768" themeId="118" id="22176" value="#2D2D30" linkedInfoId="-1" />
		<row infoId="2727" themeId="118" id="22177" value="#3F3F46" linkedInfoId="-1" />
		<row infoId="2728" themeId="118" id="22178" value="#252526" linkedInfoId="-1" />
		<row infoId="2784" themeId="118" id="22179" value="13px" linkedInfoId="-1" />
		<row infoId="2845" themeId="118" id="22180" value="#A75900" linkedInfoId="-1" />
		<row infoId="2731" themeId="118" id="22181" value="#CD7F32" linkedInfoId="-1" />
		<row infoId="2733" themeId="118" id="22182" value="underline" linkedInfoId="-1" />
		<row infoId="2734" themeId="118" id="22183" value="#FFFFFF" linkedInfoId="-1" />
		<row infoId="2735" themeId="118" id="22184" value="#3F3F46" linkedInfoId="-1" />
		<row infoId="2736" themeId="118" id="22185" value="#FFFFFF" linkedInfoId="-1" />
		<row infoId="2791" themeId="118" id="22186" value="#1195F9" linkedInfoId="-1" />
		<row infoId="2833" themeId="118" id="22187" value="#4F9C3E" linkedInfoId="-1" />
		<row infoId="2744" themeId="118" id="22188" value="#333337" linkedInfoId="-1" />
		<row infoId="2745" themeId="118" id="22189" value="#55AAFF" linkedInfoId="-1" />
		<row infoId="2746" themeId="118" id="22190" value="#3F3F46" linkedInfoId="-1" />
		<row infoId="2747" themeId="118" id="22191" value="#11B054" linkedInfoId="-1" />
		<row infoId="2818" themeId="118" id="22192" value="#1E1E1E" linkedInfoId="-1" />
		<row infoId="2819" themeId="118" id="22193" value="#350808" linkedInfoId="-1" />
		<row infoId="2752" themeId="118" id="22194" value="#999999" linkedInfoId="-1" />
		<row infoId="2820" themeId="118" id="22195" value="#15352C" linkedInfoId="-1" />
		<row infoId="2753" themeId="118" id="22196" value="#55AAFF" linkedInfoId="-1" />
		<row infoId="2754" themeId="118" id="22197" value="#4E4E50" linkedInfoId="-1" />
		<row infoId="2604" themeId="118" id="22198" value="#11B054" linkedInfoId="-1" />
		<row infoId="2821" themeId="118" id="22199" value="#76923C" linkedInfoId="-1" />
		<row infoId="2770" themeId="118" id="22200" value="0.15" linkedInfoId="-1" />
		<row infoId="2605" themeId="118" id="22201" value="#CD7F32" linkedInfoId="-1" />
		<row infoId="2822" themeId="118" id="22202" value="#49494B" linkedInfoId="-1" />
		<row infoId="2608" themeId="118" id="22203" value="#999999" linkedInfoId="-1" />
		<row infoId="2610" themeId="118" id="22204" value="#333337" linkedInfoId="-1" />
		<row infoId="2799" themeId="118" id="22205" value="#FFFFFF" linkedInfoId="-1" />
		<row infoId="2757" themeId="118" id="22206" value="#55AAFF" linkedInfoId="-1" />
		<row infoId="2834" themeId="118" id="22207" value="#4EC9B0" linkedInfoId="-1" />
		<row infoId="2614" themeId="118" id="22208" value="#FFFFFF" linkedInfoId="-1" />
		<row infoId="2775" themeId="118" id="22209" value="30px" linkedInfoId="-1" />
		<row infoId="2619" themeId="118" id="22210" value="3px" linkedInfoId="-1" />
		<row infoId="2620" themeId="118" id="22211" value="#FFFFFF" linkedInfoId="-1" />
		<row infoId="2758" themeId="118" id="22212" value="#434346" linkedInfoId="-1" />
		<row infoId="2800" themeId="118" id="22213" value="#1B1B1C" linkedInfoId="-1" />
		<row infoId="2622" themeId="118" id="22214" value="#0768B6" linkedInfoId="-1" />
		<row infoId="2623" themeId="118" id="22215" value="#FFFFFF" linkedInfoId="-1" />
		<row infoId="2624" themeId="118" id="22216" value="#3F3F46" linkedInfoId="-1" />
		<row infoId="2627" themeId="118" id="22217" value="#252526" linkedInfoId="-1" />
		<row infoId="2629" themeId="118" id="22218" value="#0768B6" linkedInfoId="-1" />
		<row infoId="2786" themeId="118" id="22219" value="#FFFFFF" linkedInfoId="-1" />
		<row infoId="2632" themeId="118" id="22220" value="#505050" linkedInfoId="-1" />
		<row infoId="2636" themeId="118" id="22221" value="#FFFFFF" linkedInfoId="-1" />
		<row infoId="2637" themeId="118" id="22222" value="#4E4E50" linkedInfoId="-1" />
		<row infoId="2638" themeId="118" id="22223" value="#4E4E50" linkedInfoId="-1" />
		<row infoId="2762" themeId="118" id="22224" value="#1195F9" linkedInfoId="-1" />
		<row infoId="2795" themeId="118" id="22225" value="4px" linkedInfoId="-1" />
		<row infoId="2640" themeId="118" id="22226" value="#FFFFFF" linkedInfoId="-1" />
		<row infoId="2641" themeId="118" id="22227" value="#FFFFFF" linkedInfoId="-1" />
		<row infoId="2777" themeId="118" id="22228" value="7px" linkedInfoId="-1" />
		<row infoId="2787" themeId="118" id="22229" value="#FFFFFF" linkedInfoId="-1" />
		<row infoId="2642" themeId="118" id="22230" value="#FFFFFF" linkedInfoId="-1" />
		<row infoId="2643" themeId="118" id="22231" value="#1195F9" linkedInfoId="-1" />
		<row infoId="2644" themeId="118" id="22232" value="#CD7F32" linkedInfoId="-1" />
		<row infoId="2805" themeId="118" id="22233" value="#007ACC" linkedInfoId="-1" />
		<row infoId="2806" themeId="118" id="22234" value="#007ACC" linkedInfoId="-1" />
		<row infoId="2648" themeId="118" id="22235" value="#4E4E50" linkedInfoId="-1" />
		<row infoId="2823" themeId="118" id="22236" value="#3C0000" linkedInfoId="-1" />
		<row infoId="2650" themeId="118" id="22237" value="#11B054" linkedInfoId="-1" />
		<row infoId="2835" themeId="118" id="22238" value="#264F78" linkedInfoId="-1" />
		<row infoId="2807" themeId="118" id="22239" value="#2D2D30" linkedInfoId="-1" />
		<row infoId="2653" themeId="118" id="22240" value="#505050" linkedInfoId="-1" />
		<row infoId="2657" themeId="118" id="22241" value="#FF0000" linkedInfoId="-1" />
		<row infoId="2658" themeId="118" id="22242" value="#4E4E50" linkedInfoId="-1" />
		<row infoId="2659" themeId="118" id="22243" value="#FFFFFF" linkedInfoId="-1" />
		<row infoId="2660" themeId="118" id="22244" value="#E1E9FC" linkedInfoId="-1" />
		<row infoId="2778" themeId="118" id="22245" value="2px" linkedInfoId="-1" />
		<row infoId="2840" themeId="118" id="22246" value="#55AAFF" linkedInfoId="-1" />
		<row infoId="2788" themeId="118" id="22247" value="#0768B6" linkedInfoId="-1" />
		<row infoId="2664" themeId="118" id="22248" value="#55AAFF" linkedInfoId="-1" />
		<row infoId="2772" themeId="118" id="22249" value="#555555" linkedInfoId="-1" />
		<row infoId="2824" themeId="118" id="22250" value="#252526" linkedInfoId="-1" />
		<row infoId="2665" themeId="118" id="22251" value="#1C97EA" linkedInfoId="-1" />
		<row infoId="2666" themeId="118" id="22252" value="#3FB3FF" linkedInfoId="-1" />
		<row infoId="2670" themeId="118" id="22253" value="#007ACC" linkedInfoId="-1" />
		<row infoId="2846" themeId="118" id="22254" value="#FFFFFF" linkedInfoId="-1" />
		<row infoId="2801" themeId="118" id="22255" value="#55AAFF" linkedInfoId="-1" />
		<row infoId="2672" themeId="118" id="22256" value="#FFFFFF" linkedInfoId="-1" />
		<row infoId="2836" themeId="118" id="22257" value="#FFFFFF" linkedInfoId="-1" />
		<row infoId="2674" themeId="118" id="22258" value="#11B054" linkedInfoId="-1" />
		<row infoId="2676" themeId="118" id="22259" value="#252526" linkedInfoId="-1" />
		<row infoId="2677" themeId="118" id="22260" value="#2D2D30" linkedInfoId="-1" />
		<row infoId="2680" themeId="118" id="22261" value="#FFFFFF" linkedInfoId="-1" />
		<row infoId="2681" themeId="118" id="22262" value="#FFFFFF" linkedInfoId="-1" />
		<row infoId="2685" themeId="118" id="22263" value="#1195F9" linkedInfoId="-1" />
		<row infoId="2686" themeId="118" id="22264" value="#E1E9FC" linkedInfoId="-1" />
		<row infoId="2689" themeId="118" id="22265" value="#EFFFEF" linkedInfoId="-1" />
		<row infoId="2690" themeId="118" id="22266" value="#FFFFFF" linkedInfoId="-1" />
		<row infoId="2691" themeId="118" id="22267" value="#999999" linkedInfoId="-1" />
		<row infoId="2693" themeId="118" id="22268" value="#11B054" linkedInfoId="-1" />
		<row infoId="2694" themeId="118" id="22269" value="#FF7575" linkedInfoId="-1" />
		<row infoId="2781" themeId="118" id="22270" value="85px" linkedInfoId="-1" />
		<row infoId="2837" themeId="118" id="22271" value="normal" linkedInfoId="-1" />
		<row infoId="2697" themeId="118" id="22272" value="#1195F9" linkedInfoId="-1" />
		<row infoId="2765" themeId="118" id="22273" value="#252526" linkedInfoId="-1" />
		<row infoId="2700" themeId="118" id="22274" value="none" linkedInfoId="-1" />
		<row infoId="2843" themeId="118" id="22275" value="11px" linkedInfoId="-1" />
		<row infoId="2703" themeId="118" id="22276" value="#2D2D30" linkedInfoId="-1" />
		<row infoId="2838" themeId="118" id="22277" value="2px" linkedInfoId="-1" />
		<row infoId="2825" themeId="118" id="22278" value="#1E1E1E" linkedInfoId="-1" />
		<row infoId="2839" themeId="118" id="22279" value="#569CD6" linkedInfoId="-1" />
		<row infoId="2705" themeId="118" id="22280" value="#007ACC" linkedInfoId="-1" />
		<row infoId="2706" themeId="118" id="22281" value="#FFFFFF" linkedInfoId="-1" />
		<row infoId="2707" themeId="118" id="22282" value="#FFFFFF" linkedInfoId="-1" />
		<row infoId="2766" themeId="118" id="22283" value="#808080" linkedInfoId="-1" />
		<row infoId="2712" themeId="118" id="22284" value="#FFFFFF" linkedInfoId="-1" />
		<row infoId="2841" themeId="118" id="22285" value="#55AAFF" linkedInfoId="-1" />
		<row infoId="2826" themeId="118" id="22286" value="#16322B" linkedInfoId="-1" />
		<row infoId="2827" themeId="118" id="22287" value="#2B91AF" linkedInfoId="-1" />
		<row infoId="2713" themeId="118" id="22288" value="#ff3D00" linkedInfoId="-1" />
		<row infoId="2714" themeId="118" id="22289" value="#4E4E50" linkedInfoId="-1" />
		<row infoId="2715" themeId="118" id="22290" value="#FF7575" linkedInfoId="-1" />
		<row infoId="2717" themeId="118" id="22291" value="#FF0000" linkedInfoId="-1" />
		<row infoId="2718" themeId="118" id="22292" value="all 0.7s ease" linkedInfoId="-1" />
		<row infoId="2719" themeId="118" id="22293" value="#4E4E50" linkedInfoId="-1" />
		<row infoId="2720" themeId="118" id="22294" value="#1195F9" linkedInfoId="-1" />
		<row infoId="2828" themeId="118" id="22295" value="#3C0000" linkedInfoId="-1" />
		<row infoId="2722" themeId="118" id="22296" value="#FFFFFF" linkedInfoId="-1" />
		<row infoId="2808" themeId="118" id="22297" value="#4E4E50" linkedInfoId="-1" />
		<row infoId="2725" themeId="118" id="22298" value="#11B054" linkedInfoId="-1" />
		<row infoId="2726" themeId="118" id="22299" value="#FFFFFF" linkedInfoId="-1" />
		<row infoId="2729" themeId="118" id="22300" value="#FFFFFF" linkedInfoId="-1" />
		<row infoId="2730" themeId="118" id="22301" value="#CD7F32" linkedInfoId="-1" />
		<row infoId="2732" themeId="118" id="22302" value="#FFFFFF" linkedInfoId="-1" />
		<row infoId="2785" themeId="118" id="22303" value="12px" linkedInfoId="-1" />
		<row infoId="2809" themeId="118" id="22304" value="#FFFFFF" linkedInfoId="-1" />
		<row infoId="2737" themeId="118" id="22305" value="#252526" linkedInfoId="-1" />
		<row infoId="2740" themeId="118" id="22306" value="#FF7575" linkedInfoId="-1" />
		<row infoId="2741" themeId="118" id="22307" value="#505050" linkedInfoId="-1" />
		<row infoId="2842" themeId="118" id="22308" value="#333337" linkedInfoId="-1" />
		<row infoId="2829" themeId="118" id="22309" value="#424846" linkedInfoId="-1" />
		<row infoId="2742" themeId="118" id="22310" value="#FF7575" linkedInfoId="-1" />
		<row infoId="2792" themeId="118" id="22311" value="#55AAFF" linkedInfoId="-1" />
		<row infoId="2769" themeId="118" id="22312" value="#55AAFF" linkedInfoId="-1" />
		<row infoId="2743" themeId="118" id="22313" value="#999999" linkedInfoId="-1" />
		<row infoId="2793" themeId="118" id="22314" value="#55AAFF" linkedInfoId="-1" />
		<row infoId="2749" themeId="118" id="22315" value="#434346" linkedInfoId="-1" />
		<row infoId="2750" themeId="118" id="22316" value="#505050" linkedInfoId="-1" />
		<row infoId="2751" themeId="118" id="22317" value="underline" linkedInfoId="-1" />
		<row infoId="2755" themeId="118" id="22318" value="#999999" linkedInfoId="-1" />
		<row infoId="2847" themeId="117" id="22319" value="#AAA" linkedInfoId="-1" />
		<row infoId="2847" themeId="118" id="22320" value="#AAA" linkedInfoId="-1" />
		<row infoId="2847" themeId="92" id="22321" value="#AAA" linkedInfoId="-1" />
		<row infoId="2847" themeId="58" id="22322" value="#AAA" linkedInfoId="-1" />
		<row infoId="2847" themeId="55" id="22323" value="#AAA" linkedInfoId="-1" />
	</rows>
</table>