<?xml version="1.1"?>
<table name="com.smartbear.ccollab.datamodel.NotificationData" nrows="3" ncols="13">
	<columns>
		<column name="severity" type="int" />
		<column name="calendar" type="char" />
		<column name="groupId" type="int" />
		<column name="creatorId" type="int" />
		<column name="title" type="string" />
		<column name="userId" type="int" />
		<column name="createdOn" type="date" />
		<column name="textPlain" type="string" />
		<column name="url" type="string" />
		<column name="textHtml" type="string" />
		<column name="ccList" type="string" />
		<column name="id" type="int" />
		<column name="reviewId" type="int" />
	</columns>
	<rows>
		<row severity="0" calendar="N" groupId="0" creatorId="138" title="Start inspection on new Review #14098" userId="152" createdOn="2018-12-18T16:53:27UTC" textPlain="You are a Author for new Review #14098: &quot;Github pull request #1318. COLLAB-5022 pick right previous version for merge commit in &apos;last commit&apos; mode:  LogicalChangelist.getChangelists() can contain changelists that do not have needed file change - filter out them&quot;.&#10;Created: Tue Dec 18 16:35:51 UTC 2018 by Artem Gubanov&#10;Deadline: 2018-12-20&#10;Workflow: Maintenance Workflow&#10;Defect Log: 0 Total Defects: 0 Open; 0 Fixed; 0 External.&#10;&#10;" url="http://collab.aus.smartbear.com/go?page=ReviewDisplay&amp;reviewid=14098" textHtml="" ccList="" id="176133" reviewId="14098" />
		<row severity="0" calendar="N" groupId="0" creatorId="138" title="Respond to new chat in Review #14098" userId="152" createdOn="2018-12-19T06:00:05UTC" textPlain="Konstantin Plotnyk has commented in Review #14098: &quot;Github pull request #1318. COLLAB-5022 pick right previous version for merge commit in &apos;last commit&apos; mode:  LogicalChangelist.getChangelists() can contain changelists that do not have needed file change - filter out them&quot;.  You will need to read the comments and respond if appropriate.&#10;Created: Tue Dec 18 16:35:51 UTC 2018 by Artem Gubanov&#10;Deadline: 2018-12-20 (due in 1 day)&#10;Workflow: Maintenance Workflow&#10;Defect Log: 0 Total Defects: 0 Open; 0 Fixed; 0 External.&#10;&#10;" url="http://collab.aus.smartbear.com/go?page=ReviewDisplay&amp;reviewid=14098" textHtml="" ccList="" id="176152" reviewId="14098" />
		<row severity="0" calendar="N" groupId="0" creatorId="0" title="Review #14098 complete and contains unread messages" userId="152" createdOn="2018-12-19T10:49:45UTC" textPlain="Review #14098: &quot;Github pull request #1318. COLLAB-5022 pick right previous version for merge commit in &apos;last commit&apos; mode:  LogicalChangelist.getChangelists() can contain changelists that do not have needed file change - filter out them&quot; is complete and there are messages that have not been read.&#10;Created: Tue Dec 18 16:35:51 UTC 2018 by Artem Gubanov&#10;Deadline: N/A&#10;Workflow: Maintenance Workflow&#10;Defect Log: 0 Total Defects: 0 Open; 0 Fixed; 0 External.&#10;&#10;" url="http://collab.aus.smartbear.com/go?page=ReviewDisplay&amp;reviewid=14098" textHtml="" ccList="" id="176168" reviewId="14098" />
	</rows>
</table>