<?xml version="1.1"?>
<table name="com.smartbear.ccollab.datamodel.ReviewEventData" nrows="37" ncols="6">
	<columns>
		<column name="eventTypeId" type="int" />
		<column name="occurredAt" type="int" />
		<column name="id" type="int" />
		<column name="ref2Id" type="int" />
		<column name="reviewId" type="int" />
		<column name="ref1Id" type="int" />
	</columns>
	<rows>
		<row eventTypeId="3" occurredAt="1545150951" id="106506" ref2Id="52" reviewId="14098" ref1Id="337" />
		<row eventTypeId="2" occurredAt="1545150951" id="106507" ref2Id="337" reviewId="14098" ref1Id="131" />
		<row eventTypeId="3" occurredAt="1545150951" id="106508" ref2Id="52" reviewId="14098" ref1Id="342" />
		<row eventTypeId="2" occurredAt="1545150951" id="106509" ref2Id="342" reviewId="14098" ref1Id="130" />
		<row eventTypeId="3" occurredAt="1545150951" id="106510" ref2Id="52" reviewId="14098" ref1Id="135" />
		<row eventTypeId="2" occurredAt="1545150951" id="106511" ref2Id="135" reviewId="14098" ref1Id="132" />
		<row eventTypeId="3" occurredAt="1545150951" id="106512" ref2Id="52" reviewId="14098" ref1Id="76" />
		<row eventTypeId="2" occurredAt="1545150951" id="106513" ref2Id="76" reviewId="14098" ref1Id="140" />
		<row eventTypeId="3" occurredAt="1545150951" id="106514" ref2Id="49" reviewId="14098" ref1Id="126" />
		<row eventTypeId="2" occurredAt="1545150951" id="106515" ref2Id="126" reviewId="14098" ref1Id="139" />
		<row eventTypeId="3" occurredAt="1545150951" id="106516" ref2Id="52" reviewId="14098" ref1Id="335" />
		<row eventTypeId="2" occurredAt="1545150951" id="106517" ref2Id="335" reviewId="14098" ref1Id="137" />
		<row eventTypeId="11" occurredAt="1545150951" id="106518" ref2Id="69" reviewId="14098" ref1Id="51" />
		<row eventTypeId="13" occurredAt="1545150951" id="106519" ref2Id="69" reviewId="14098" ref1Id="134" />
		<row eventTypeId="11" occurredAt="1545150951" id="106520" ref2Id="70" reviewId="14098" ref1Id="49" />
		<row eventTypeId="13" occurredAt="1545150951" id="106521" ref2Id="70" reviewId="14098" ref1Id="135" />
		<row eventTypeId="11" occurredAt="1545150951" id="106522" ref2Id="71" reviewId="14098" ref1Id="52" />
		<row eventTypeId="13" occurredAt="1545150951" id="106523" ref2Id="71" reviewId="14098" ref1Id="141" />
		<row eventTypeId="3" occurredAt="1545150951" id="106524" ref2Id="0" reviewId="14098" ref1Id="76" />
		<row eventTypeId="3" occurredAt="1545150951" id="106525" ref2Id="0" reviewId="14098" ref1Id="126" />
		<row eventTypeId="3" occurredAt="1545150951" id="106526" ref2Id="0" reviewId="14098" ref1Id="135" />
		<row eventTypeId="3" occurredAt="1545150951" id="106527" ref2Id="0" reviewId="14098" ref1Id="335" />
		<row eventTypeId="3" occurredAt="1545150951" id="106528" ref2Id="0" reviewId="14098" ref1Id="337" />
		<row eventTypeId="3" occurredAt="1545150951" id="106529" ref2Id="0" reviewId="14098" ref1Id="342" />
		<row eventTypeId="4" occurredAt="1545150952" id="106530" ref2Id="8" reviewId="14098" ref1Id="1" />
		<row eventTypeId="9" occurredAt="1545150953" id="106531" ref2Id="152" reviewId="14098" ref1Id="95728" />
		<row eventTypeId="3" occurredAt="1545150953" id="106532" ref2Id="50" reviewId="14098" ref1Id="152" />
		<row eventTypeId="12" occurredAt="1545152007" id="106534" ref2Id="69" reviewId="14098" ref1Id="51" />
		<row eventTypeId="4" occurredAt="1545152007" id="106535" ref2Id="2" reviewId="14098" ref1Id="8" />
		<row eventTypeId="6" occurredAt="1545152007" id="106536" ref2Id="87" reviewId="14098" ref1Id="152" />
		<row eventTypeId="6" occurredAt="1545152007" id="106537" ref2Id="65" reviewId="14098" ref1Id="138" />
		<row eventTypeId="6" occurredAt="1545199205" id="106551" ref2Id="65" reviewId="14098" ref1Id="152" />
		<row eventTypeId="6" occurredAt="1545204736" id="106552" ref2Id="65" reviewId="14098" ref1Id="137" />
		<row eventTypeId="12" occurredAt="1545204736" id="106553" ref2Id="70" reviewId="14098" ref1Id="49" />
		<row eventTypeId="6" occurredAt="1545216585" id="106613" ref2Id="70" reviewId="14098" ref1Id="138" />
		<row eventTypeId="4" occurredAt="1545216585" id="106614" ref2Id="5" reviewId="14098" ref1Id="2" />
		<row eventTypeId="6" occurredAt="1545216585" id="106615" ref2Id="67" reviewId="14098" ref1Id="152" />
	</rows>
</table>