<?xml version="1.1"?>
<table name="com.smartbear.ccollab.datamodel.AssignmentData" nrows="4" ncols="8">
	<columns>
		<column name="isSubscribed" type="char" />
		<column name="signatureStatus" type="char" />
		<column name="roleId" type="int" />
		<column name="poolGroupId" type="int" />
		<column name="actionCode" type="char" />
		<column name="id" type="int" />
		<column name="reviewId" type="int" />
		<column name="userId" type="int" />
	</columns>
	<rows>
		<row isSubscribed="Y" signatureStatus="U" roleId="51" poolGroupId="69" actionCode="F" id="30052" reviewId="14098" userId="138" />
		<row isSubscribed="Y" signatureStatus="U" roleId="49" poolGroupId="70" actionCode="A" id="30053" reviewId="14098" userId="137" />
		<row isSubscribed="Y" signatureStatus="U" roleId="52" poolGroupId="71" actionCode="N" id="30054" reviewId="14098" userId="0" />
		<row isSubscribed="N" signatureStatus="U" roleId="50" poolGroupId="0" actionCode="C" id="30055" reviewId="14098" userId="152" />
	</rows>
</table>