<?xml version="1.1"?>
<table name="com.smartbear.ccollab.datamodel.GroupUsersData" nrows="580" ncols="3">
	<columns>
		<column name="id" type="int" />
		<column name="userId" type="int" />
		<column name="groupId" type="int" />
	</columns>
	<rows>
		<row id="1" userId="1" groupId="2" />
		<row id="2" userId="2" groupId="2" />
		<row id="3" userId="3" groupId="2" />
		<row id="4" userId="4" groupId="2" />
		<row id="5" userId="5" groupId="2" />
		<row id="6" userId="6" groupId="2" />
		<row id="7" userId="7" groupId="2" />
		<row id="8" userId="8" groupId="2" />
		<row id="9" userId="9" groupId="2" />
		<row id="10" userId="10" groupId="2" />
		<row id="11" userId="11" groupId="2" />
		<row id="12" userId="12" groupId="2" />
		<row id="13" userId="13" groupId="2" />
		<row id="14" userId="14" groupId="2" />
		<row id="15" userId="15" groupId="2" />
		<row id="16" userId="16" groupId="2" />
		<row id="17" userId="17" groupId="2" />
		<row id="18" userId="18" groupId="2" />
		<row id="19" userId="19" groupId="2" />
		<row id="20" userId="20" groupId="2" />
		<row id="21" userId="21" groupId="2" />
		<row id="22" userId="22" groupId="2" />
		<row id="23" userId="23" groupId="2" />
		<row id="24" userId="24" groupId="2" />
		<row id="25" userId="25" groupId="2" />
		<row id="26" userId="26" groupId="2" />
		<row id="27" userId="27" groupId="2" />
		<row id="28" userId="28" groupId="2" />
		<row id="29" userId="29" groupId="2" />
		<row id="30" userId="30" groupId="2" />
		<row id="31" userId="31" groupId="2" />
		<row id="32" userId="32" groupId="2" />
		<row id="33" userId="33" groupId="2" />
		<row id="34" userId="34" groupId="2" />
		<row id="35" userId="35" groupId="2" />
		<row id="36" userId="36" groupId="2" />
		<row id="37" userId="37" groupId="2" />
		<row id="38" userId="38" groupId="2" />
		<row id="39" userId="39" groupId="2" />
		<row id="40" userId="40" groupId="2" />
		<row id="41" userId="41" groupId="2" />
		<row id="42" userId="42" groupId="2" />
		<row id="43" userId="43" groupId="2" />
		<row id="44" userId="44" groupId="2" />
		<row id="45" userId="45" groupId="2" />
		<row id="46" userId="46" groupId="2" />
		<row id="47" userId="47" groupId="2" />
		<row id="48" userId="48" groupId="2" />
		<row id="49" userId="49" groupId="2" />
		<row id="50" userId="50" groupId="2" />
		<row id="51" userId="51" groupId="2" />
		<row id="52" userId="52" groupId="2" />
		<row id="53" userId="53" groupId="2" />
		<row id="54" userId="54" groupId="2" />
		<row id="55" userId="55" groupId="2" />
		<row id="56" userId="56" groupId="2" />
		<row id="57" userId="57" groupId="2" />
		<row id="58" userId="58" groupId="2" />
		<row id="59" userId="59" groupId="2" />
		<row id="60" userId="60" groupId="2" />
		<row id="61" userId="61" groupId="2" />
		<row id="62" userId="62" groupId="2" />
		<row id="63" userId="63" groupId="2" />
		<row id="64" userId="64" groupId="2" />
		<row id="65" userId="65" groupId="2" />
		<row id="66" userId="66" groupId="2" />
		<row id="67" userId="67" groupId="2" />
		<row id="68" userId="68" groupId="2" />
		<row id="69" userId="69" groupId="2" />
		<row id="70" userId="70" groupId="2" />
		<row id="71" userId="71" groupId="2" />
		<row id="72" userId="70" groupId="5" />
		<row id="74" userId="72" groupId="2" />
		<row id="77" userId="73" groupId="2" />
		<row id="78" userId="74" groupId="2" />
		<row id="79" userId="75" groupId="2" />
		<row id="80" userId="76" groupId="2" />
		<row id="81" userId="77" groupId="2" />
		<row id="82" userId="78" groupId="2" />
		<row id="83" userId="79" groupId="2" />
		<row id="84" userId="80" groupId="2" />
		<row id="86" userId="78" groupId="6" />
		<row id="88" userId="81" groupId="2" />
		<row id="89" userId="82" groupId="2" />
		<row id="90" userId="83" groupId="2" />
		<row id="91" userId="84" groupId="2" />
		<row id="92" userId="85" groupId="2" />
		<row id="93" userId="86" groupId="2" />
		<row id="94" userId="87" groupId="2" />
		<row id="95" userId="88" groupId="2" />
		<row id="96" userId="89" groupId="2" />
		<row id="97" userId="90" groupId="2" />
		<row id="101" userId="91" groupId="2" />
		<row id="102" userId="92" groupId="2" />
		<row id="103" userId="93" groupId="2" />
		<row id="104" userId="94" groupId="2" />
		<row id="105" userId="95" groupId="2" />
		<row id="106" userId="96" groupId="2" />
		<row id="107" userId="97" groupId="2" />
		<row id="108" userId="98" groupId="2" />
		<row id="109" userId="18" groupId="4" />
		<row id="111" userId="99" groupId="2" />
		<row id="112" userId="100" groupId="2" />
		<row id="113" userId="101" groupId="2" />
		<row id="114" userId="102" groupId="2" />
		<row id="115" userId="103" groupId="2" />
		<row id="116" userId="104" groupId="2" />
		<row id="117" userId="105" groupId="2" />
		<row id="118" userId="106" groupId="2" />
		<row id="119" userId="107" groupId="2" />
		<row id="120" userId="108" groupId="2" />
		<row id="121" userId="109" groupId="2" />
		<row id="122" userId="110" groupId="2" />
		<row id="123" userId="107" groupId="7" />
		<row id="124" userId="111" groupId="2" />
		<row id="125" userId="112" groupId="2" />
		<row id="126" userId="113" groupId="2" />
		<row id="127" userId="114" groupId="2" />
		<row id="128" userId="115" groupId="2" />
		<row id="129" userId="116" groupId="2" />
		<row id="131" userId="87" groupId="11" />
		<row id="158" userId="117" groupId="2" />
		<row id="159" userId="118" groupId="2" />
		<row id="160" userId="119" groupId="2" />
		<row id="161" userId="120" groupId="2" />
		<row id="164" userId="121" groupId="2" />
		<row id="165" userId="122" groupId="2" />
		<row id="168" userId="10" groupId="7" />
		<row id="169" userId="6" groupId="7" />
		<row id="170" userId="104" groupId="13" />
		<row id="171" userId="71" groupId="13" />
		<row id="172" userId="123" groupId="2" />
		<row id="173" userId="124" groupId="2" />
		<row id="177" userId="125" groupId="2" />
		<row id="178" userId="126" groupId="2" />
		<row id="179" userId="127" groupId="2" />
		<row id="180" userId="128" groupId="2" />
		<row id="181" userId="129" groupId="2" />
		<row id="182" userId="130" groupId="2" />
		<row id="183" userId="131" groupId="2" />
		<row id="311" userId="132" groupId="2" />
		<row id="312" userId="126" groupId="29" />
		<row id="313" userId="125" groupId="29" />
		<row id="314" userId="130" groupId="29" />
		<row id="316" userId="133" groupId="2" />
		<row id="317" userId="6" groupId="1" />
		<row id="318" userId="87" groupId="1" />
		<row id="319" userId="134" groupId="2" />
		<row id="320" userId="135" groupId="2" />
		<row id="321" userId="136" groupId="2" />
		<row id="322" userId="126" groupId="11" />
		<row id="326" userId="137" groupId="2" />
		<row id="327" userId="138" groupId="2" />
		<row id="328" userId="137" groupId="11" />
		<row id="329" userId="138" groupId="11" />
		<row id="330" userId="139" groupId="2" />
		<row id="331" userId="140" groupId="2" />
		<row id="332" userId="141" groupId="2" />
		<row id="333" userId="142" groupId="2" />
		<row id="334" userId="141" groupId="37" />
		<row id="335" userId="140" groupId="37" />
		<row id="336" userId="142" groupId="37" />
		<row id="337" userId="143" groupId="2" />
		<row id="338" userId="144" groupId="2" />
		<row id="342" userId="145" groupId="2" />
		<row id="343" userId="146" groupId="2" />
		<row id="490" userId="147" groupId="2" />
		<row id="491" userId="148" groupId="2" />
		<row id="492" userId="149" groupId="2" />
		<row id="493" userId="150" groupId="2" />
		<row id="494" userId="151" groupId="2" />
		<row id="495" userId="152" groupId="2" />
		<row id="496" userId="153" groupId="2" />
		<row id="497" userId="154" groupId="2" />
		<row id="498" userId="155" groupId="2" />
		<row id="499" userId="156" groupId="2" />
		<row id="500" userId="152" groupId="11" />
		<row id="501" userId="154" groupId="11" />
		<row id="503" userId="157" groupId="2" />
		<row id="504" userId="158" groupId="2" />
		<row id="665" userId="159" groupId="2" />
		<row id="666" userId="160" groupId="2" />
		<row id="667" userId="161" groupId="2" />
		<row id="668" userId="162" groupId="2" />
		<row id="669" userId="163" groupId="2" />
		<row id="671" userId="164" groupId="2" />
		<row id="672" userId="165" groupId="2" />
		<row id="673" userId="166" groupId="2" />
		<row id="674" userId="167" groupId="2" />
		<row id="675" userId="168" groupId="2" />
		<row id="676" userId="166" groupId="11" />
		<row id="840" userId="1" groupId="12" />
		<row id="841" userId="2" groupId="12" />
		<row id="842" userId="3" groupId="12" />
		<row id="843" userId="4" groupId="12" />
		<row id="844" userId="5" groupId="12" />
		<row id="845" userId="6" groupId="12" />
		<row id="846" userId="7" groupId="12" />
		<row id="847" userId="8" groupId="12" />
		<row id="848" userId="9" groupId="12" />
		<row id="849" userId="10" groupId="12" />
		<row id="850" userId="11" groupId="12" />
		<row id="851" userId="12" groupId="12" />
		<row id="852" userId="13" groupId="12" />
		<row id="853" userId="14" groupId="12" />
		<row id="854" userId="15" groupId="12" />
		<row id="855" userId="17" groupId="12" />
		<row id="856" userId="16" groupId="12" />
		<row id="857" userId="19" groupId="12" />
		<row id="858" userId="18" groupId="12" />
		<row id="859" userId="21" groupId="12" />
		<row id="860" userId="20" groupId="12" />
		<row id="861" userId="23" groupId="12" />
		<row id="862" userId="22" groupId="12" />
		<row id="863" userId="25" groupId="12" />
		<row id="864" userId="24" groupId="12" />
		<row id="865" userId="27" groupId="12" />
		<row id="866" userId="26" groupId="12" />
		<row id="867" userId="29" groupId="12" />
		<row id="868" userId="28" groupId="12" />
		<row id="869" userId="31" groupId="12" />
		<row id="870" userId="30" groupId="12" />
		<row id="871" userId="34" groupId="12" />
		<row id="872" userId="35" groupId="12" />
		<row id="873" userId="32" groupId="12" />
		<row id="874" userId="33" groupId="12" />
		<row id="875" userId="38" groupId="12" />
		<row id="876" userId="39" groupId="12" />
		<row id="877" userId="36" groupId="12" />
		<row id="878" userId="37" groupId="12" />
		<row id="879" userId="42" groupId="12" />
		<row id="880" userId="43" groupId="12" />
		<row id="881" userId="40" groupId="12" />
		<row id="882" userId="41" groupId="12" />
		<row id="883" userId="46" groupId="12" />
		<row id="884" userId="47" groupId="12" />
		<row id="885" userId="44" groupId="12" />
		<row id="886" userId="45" groupId="12" />
		<row id="887" userId="51" groupId="12" />
		<row id="888" userId="50" groupId="12" />
		<row id="889" userId="49" groupId="12" />
		<row id="890" userId="48" groupId="12" />
		<row id="891" userId="55" groupId="12" />
		<row id="892" userId="54" groupId="12" />
		<row id="893" userId="53" groupId="12" />
		<row id="894" userId="52" groupId="12" />
		<row id="895" userId="59" groupId="12" />
		<row id="896" userId="58" groupId="12" />
		<row id="897" userId="57" groupId="12" />
		<row id="898" userId="56" groupId="12" />
		<row id="899" userId="63" groupId="12" />
		<row id="900" userId="62" groupId="12" />
		<row id="901" userId="61" groupId="12" />
		<row id="902" userId="60" groupId="12" />
		<row id="903" userId="68" groupId="12" />
		<row id="904" userId="69" groupId="12" />
		<row id="905" userId="70" groupId="12" />
		<row id="906" userId="71" groupId="12" />
		<row id="907" userId="64" groupId="12" />
		<row id="908" userId="65" groupId="12" />
		<row id="909" userId="66" groupId="12" />
		<row id="910" userId="67" groupId="12" />
		<row id="911" userId="76" groupId="12" />
		<row id="912" userId="77" groupId="12" />
		<row id="913" userId="78" groupId="12" />
		<row id="914" userId="79" groupId="12" />
		<row id="915" userId="72" groupId="12" />
		<row id="916" userId="73" groupId="12" />
		<row id="917" userId="74" groupId="12" />
		<row id="918" userId="75" groupId="12" />
		<row id="919" userId="85" groupId="12" />
		<row id="920" userId="84" groupId="12" />
		<row id="921" userId="87" groupId="12" />
		<row id="922" userId="86" groupId="12" />
		<row id="923" userId="81" groupId="12" />
		<row id="924" userId="80" groupId="12" />
		<row id="925" userId="83" groupId="12" />
		<row id="926" userId="82" groupId="12" />
		<row id="927" userId="93" groupId="12" />
		<row id="928" userId="92" groupId="12" />
		<row id="929" userId="95" groupId="12" />
		<row id="930" userId="94" groupId="12" />
		<row id="931" userId="89" groupId="12" />
		<row id="932" userId="88" groupId="12" />
		<row id="933" userId="91" groupId="12" />
		<row id="934" userId="90" groupId="12" />
		<row id="935" userId="102" groupId="12" />
		<row id="936" userId="103" groupId="12" />
		<row id="937" userId="100" groupId="12" />
		<row id="938" userId="101" groupId="12" />
		<row id="939" userId="98" groupId="12" />
		<row id="940" userId="99" groupId="12" />
		<row id="941" userId="96" groupId="12" />
		<row id="942" userId="97" groupId="12" />
		<row id="943" userId="110" groupId="12" />
		<row id="944" userId="111" groupId="12" />
		<row id="945" userId="108" groupId="12" />
		<row id="946" userId="109" groupId="12" />
		<row id="947" userId="106" groupId="12" />
		<row id="948" userId="107" groupId="12" />
		<row id="949" userId="104" groupId="12" />
		<row id="950" userId="105" groupId="12" />
		<row id="951" userId="119" groupId="12" />
		<row id="952" userId="118" groupId="12" />
		<row id="953" userId="117" groupId="12" />
		<row id="954" userId="116" groupId="12" />
		<row id="955" userId="115" groupId="12" />
		<row id="956" userId="114" groupId="12" />
		<row id="957" userId="113" groupId="12" />
		<row id="958" userId="112" groupId="12" />
		<row id="959" userId="127" groupId="12" />
		<row id="960" userId="126" groupId="12" />
		<row id="961" userId="125" groupId="12" />
		<row id="962" userId="124" groupId="12" />
		<row id="963" userId="123" groupId="12" />
		<row id="964" userId="122" groupId="12" />
		<row id="965" userId="121" groupId="12" />
		<row id="966" userId="120" groupId="12" />
		<row id="967" userId="137" groupId="12" />
		<row id="968" userId="136" groupId="12" />
		<row id="969" userId="139" groupId="12" />
		<row id="970" userId="138" groupId="12" />
		<row id="971" userId="141" groupId="12" />
		<row id="972" userId="140" groupId="12" />
		<row id="973" userId="143" groupId="12" />
		<row id="974" userId="142" groupId="12" />
		<row id="975" userId="129" groupId="12" />
		<row id="976" userId="128" groupId="12" />
		<row id="977" userId="131" groupId="12" />
		<row id="978" userId="130" groupId="12" />
		<row id="979" userId="133" groupId="12" />
		<row id="980" userId="132" groupId="12" />
		<row id="981" userId="135" groupId="12" />
		<row id="982" userId="134" groupId="12" />
		<row id="983" userId="152" groupId="12" />
		<row id="984" userId="153" groupId="12" />
		<row id="985" userId="154" groupId="12" />
		<row id="986" userId="155" groupId="12" />
		<row id="987" userId="156" groupId="12" />
		<row id="988" userId="157" groupId="12" />
		<row id="989" userId="158" groupId="12" />
		<row id="990" userId="159" groupId="12" />
		<row id="991" userId="144" groupId="12" />
		<row id="992" userId="145" groupId="12" />
		<row id="994" userId="147" groupId="12" />
		<row id="995" userId="148" groupId="12" />
		<row id="996" userId="149" groupId="12" />
		<row id="997" userId="150" groupId="12" />
		<row id="998" userId="151" groupId="12" />
		<row id="999" userId="168" groupId="12" />
		<row id="1000" userId="163" groupId="12" />
		<row id="1001" userId="162" groupId="12" />
		<row id="1002" userId="161" groupId="12" />
		<row id="1003" userId="160" groupId="12" />
		<row id="1004" userId="167" groupId="12" />
		<row id="1005" userId="166" groupId="12" />
		<row id="1006" userId="165" groupId="12" />
		<row id="1007" userId="164" groupId="12" />
		<row id="1008" userId="169" groupId="2" />
		<row id="1010" userId="170" groupId="2" />
		<row id="1011" userId="171" groupId="2" />
		<row id="1012" userId="172" groupId="2" />
		<row id="1013" userId="173" groupId="2" />
		<row id="1014" userId="174" groupId="2" />
		<row id="1016" userId="163" groupId="16" />
		<row id="1017" userId="156" groupId="60" />
		<row id="1020" userId="156" groupId="62" />
		<row id="1021" userId="126" groupId="62" />
		<row id="1022" userId="87" groupId="62" />
		<row id="1025" userId="76" groupId="64" />
		<row id="1026" userId="126" groupId="64" />
		<row id="1027" userId="175" groupId="2" />
		<row id="1028" userId="175" groupId="64" />
		<row id="1029" userId="176" groupId="2" />
		<row id="1030" userId="177" groupId="2" />
		<row id="1031" userId="176" groupId="64" />
		<row id="1032" userId="177" groupId="64" />
		<row id="1033" userId="178" groupId="2" />
		<row id="1034" userId="178" groupId="64" />
		<row id="1035" userId="179" groupId="2" />
		<row id="1036" userId="179" groupId="64" />
		<row id="1037" userId="180" groupId="2" />
		<row id="1038" userId="181" groupId="2" />
		<row id="1039" userId="182" groupId="2" />
		<row id="1040" userId="183" groupId="2" />
		<row id="1041" userId="184" groupId="2" />
		<row id="1042" userId="185" groupId="2" />
		<row id="1043" userId="186" groupId="2" />
		<row id="1044" userId="187" groupId="2" />
		<row id="1045" userId="188" groupId="2" />
		<row id="1046" userId="189" groupId="2" />
		<row id="1047" userId="190" groupId="2" />
		<row id="1048" userId="191" groupId="2" />
		<row id="1049" userId="192" groupId="2" />
		<row id="1050" userId="193" groupId="2" />
		<row id="1051" userId="194" groupId="2" />
		<row id="1052" userId="195" groupId="2" />
		<row id="1053" userId="196" groupId="2" />
		<row id="1054" userId="197" groupId="2" />
		<row id="1055" userId="198" groupId="2" />
		<row id="1056" userId="199" groupId="2" />
		<row id="1057" userId="200" groupId="2" />
		<row id="1058" userId="201" groupId="2" />
		<row id="1059" userId="202" groupId="2" />
		<row id="1060" userId="203" groupId="2" />
		<row id="1061" userId="204" groupId="2" />
		<row id="1062" userId="205" groupId="2" />
		<row id="1063" userId="206" groupId="2" />
		<row id="1064" userId="207" groupId="2" />
		<row id="1065" userId="208" groupId="2" />
		<row id="1066" userId="209" groupId="2" />
		<row id="1067" userId="210" groupId="2" />
		<row id="1068" userId="211" groupId="2" />
		<row id="1069" userId="212" groupId="2" />
		<row id="1070" userId="213" groupId="2" />
		<row id="1071" userId="214" groupId="2" />
		<row id="1072" userId="215" groupId="2" />
		<row id="1073" userId="216" groupId="2" />
		<row id="1074" userId="217" groupId="2" />
		<row id="1075" userId="218" groupId="2" />
		<row id="1076" userId="219" groupId="2" />
		<row id="1077" userId="220" groupId="2" />
		<row id="1078" userId="221" groupId="2" />
		<row id="1079" userId="222" groupId="2" />
		<row id="1080" userId="223" groupId="2" />
		<row id="1081" userId="224" groupId="2" />
		<row id="1082" userId="225" groupId="2" />
		<row id="1083" userId="226" groupId="2" />
		<row id="1084" userId="227" groupId="2" />
		<row id="1085" userId="228" groupId="2" />
		<row id="1086" userId="229" groupId="2" />
		<row id="1087" userId="230" groupId="2" />
		<row id="1088" userId="231" groupId="2" />
		<row id="1089" userId="232" groupId="2" />
		<row id="1090" userId="233" groupId="2" />
		<row id="1091" userId="234" groupId="2" />
		<row id="1092" userId="235" groupId="2" />
		<row id="1093" userId="236" groupId="2" />
		<row id="1094" userId="237" groupId="2" />
		<row id="1095" userId="238" groupId="2" />
		<row id="1096" userId="239" groupId="2" />
		<row id="1097" userId="240" groupId="2" />
		<row id="1098" userId="241" groupId="2" />
		<row id="1099" userId="242" groupId="2" />
		<row id="1100" userId="243" groupId="2" />
		<row id="1101" userId="244" groupId="2" />
		<row id="1102" userId="245" groupId="2" />
		<row id="1103" userId="246" groupId="2" />
		<row id="1104" userId="247" groupId="2" />
		<row id="1105" userId="248" groupId="2" />
		<row id="1106" userId="249" groupId="2" />
		<row id="1107" userId="250" groupId="2" />
		<row id="1108" userId="251" groupId="2" />
		<row id="1109" userId="252" groupId="2" />
		<row id="1110" userId="253" groupId="2" />
		<row id="1111" userId="254" groupId="2" />
		<row id="1112" userId="255" groupId="2" />
		<row id="1113" userId="256" groupId="2" />
		<row id="1114" userId="257" groupId="2" />
		<row id="1115" userId="258" groupId="2" />
		<row id="1116" userId="259" groupId="2" />
		<row id="1117" userId="260" groupId="2" />
		<row id="1118" userId="261" groupId="2" />
		<row id="1119" userId="262" groupId="2" />
		<row id="1120" userId="263" groupId="2" />
		<row id="1121" userId="264" groupId="2" />
		<row id="1122" userId="265" groupId="2" />
		<row id="1123" userId="266" groupId="2" />
		<row id="1124" userId="267" groupId="2" />
		<row id="1125" userId="268" groupId="2" />
		<row id="1126" userId="269" groupId="2" />
		<row id="1127" userId="270" groupId="2" />
		<row id="1128" userId="271" groupId="2" />
		<row id="1129" userId="272" groupId="2" />
		<row id="1130" userId="273" groupId="2" />
		<row id="1131" userId="274" groupId="2" />
		<row id="1132" userId="275" groupId="2" />
		<row id="1133" userId="276" groupId="2" />
		<row id="1134" userId="277" groupId="2" />
		<row id="1135" userId="278" groupId="2" />
		<row id="1136" userId="279" groupId="2" />
		<row id="1137" userId="280" groupId="2" />
		<row id="1138" userId="281" groupId="2" />
		<row id="1139" userId="282" groupId="2" />
		<row id="1140" userId="283" groupId="2" />
		<row id="1141" userId="284" groupId="2" />
		<row id="1142" userId="285" groupId="2" />
		<row id="1143" userId="286" groupId="2" />
		<row id="1144" userId="287" groupId="2" />
		<row id="1145" userId="288" groupId="2" />
		<row id="1146" userId="289" groupId="2" />
		<row id="1147" userId="290" groupId="2" />
		<row id="1148" userId="291" groupId="2" />
		<row id="1149" userId="292" groupId="2" />
		<row id="1150" userId="293" groupId="2" />
		<row id="1151" userId="294" groupId="2" />
		<row id="1152" userId="295" groupId="2" />
		<row id="1153" userId="296" groupId="2" />
		<row id="1154" userId="297" groupId="2" />
		<row id="1155" userId="298" groupId="2" />
		<row id="1156" userId="299" groupId="2" />
		<row id="1157" userId="300" groupId="2" />
		<row id="1158" userId="301" groupId="2" />
		<row id="1159" userId="302" groupId="2" />
		<row id="1160" userId="303" groupId="2" />
		<row id="1161" userId="304" groupId="2" />
		<row id="1162" userId="305" groupId="2" />
		<row id="1163" userId="306" groupId="2" />
		<row id="1164" userId="307" groupId="2" />
		<row id="1165" userId="308" groupId="2" />
		<row id="1166" userId="309" groupId="2" />
		<row id="1167" userId="310" groupId="2" />
		<row id="1168" userId="311" groupId="2" />
		<row id="1169" userId="312" groupId="2" />
		<row id="1173" userId="309" groupId="11" />
		<row id="1174" userId="313" groupId="2" />
		<row id="1175" userId="314" groupId="2" />
		<row id="1177" userId="166" groupId="1" />
		<row id="1178" userId="315" groupId="2" />
		<row id="1179" userId="316" groupId="2" />
		<row id="1181" userId="317" groupId="2" />
		<row id="1182" userId="318" groupId="2" />
		<row id="1183" userId="319" groupId="2" />
		<row id="1184" userId="320" groupId="2" />
		<row id="1185" userId="321" groupId="2" />
		<row id="1186" userId="322" groupId="2" />
		<row id="1187" userId="323" groupId="2" />
		<row id="1188" userId="324" groupId="2" />
		<row id="1189" userId="325" groupId="2" />
		<row id="1190" userId="326" groupId="2" />
		<row id="1191" userId="327" groupId="2" />
		<row id="1192" userId="325" groupId="11" />
		<row id="1193" userId="323" groupId="11" />
		<row id="1194" userId="328" groupId="2" />
		<row id="1195" userId="329" groupId="2" />
		<row id="1196" userId="330" groupId="2" />
		<row id="1197" userId="331" groupId="2" />
		<row id="1198" userId="332" groupId="2" />
		<row id="1199" userId="329" groupId="11" />
		<row id="1200" userId="333" groupId="2" />
		<row id="1201" userId="334" groupId="2" />
		<row id="1202" userId="335" groupId="2" />
		<row id="1203" userId="313" groupId="13" />
		<row id="1204" userId="326" groupId="13" />
		<row id="1205" userId="336" groupId="2" />
		<row id="1206" userId="135" groupId="11" />
		<row id="1211" userId="337" groupId="2" />
		<row id="1212" userId="338" groupId="2" />
		<row id="1213" userId="339" groupId="2" />
		<row id="1214" userId="340" groupId="2" />
		<row id="1215" userId="341" groupId="2" />
		<row id="1216" userId="342" groupId="2" />
		<row id="1217" userId="342" groupId="11" />
		<row id="1218" userId="343" groupId="2" />
		<row id="1220" userId="330" groupId="67" />
		<row id="1221" userId="344" groupId="2" />
		<row id="1222" userId="345" groupId="2" />
		<row id="1223" userId="344" groupId="67" />
		<row id="1224" userId="346" groupId="2" />
		<row id="1225" userId="87" groupId="69" />
		<row id="1226" userId="152" groupId="69" />
		<row id="1227" userId="137" groupId="69" />
		<row id="1228" userId="138" groupId="69" />
		<row id="1229" userId="154" groupId="69" />
		<row id="1230" userId="137" groupId="70" />
		<row id="1231" userId="76" groupId="70" />
		<row id="1232" userId="126" groupId="70" />
		<row id="1233" userId="337" groupId="11" />
		<row id="1234" userId="87" groupId="70" />
		<row id="1235" userId="138" groupId="70" />
		<row id="1236" userId="154" groupId="70" />
		<row id="1237" userId="347" groupId="2" />
		<row id="1238" userId="140" groupId="71" />
		<row id="1239" userId="172" groupId="71" />
		<row id="1240" userId="141" groupId="71" />
		<row id="1241" userId="348" groupId="2" />
		<row id="1242" userId="335" groupId="71" />
		<row id="1243" userId="341" groupId="11" />
		<row id="1244" userId="349" groupId="2" />
		<row id="1245" userId="350" groupId="2" />
	</rows>
</table>