<?xml version="1.1"?>
<table name="com.smartbear.ccollab.datamodel.ExternalLinkData" nrows="59" ncols="7">
	<columns>
		<column name="regex" type="string" />
		<column name="urlFormat" type="string" />
		<column name="caseSensitive" type="char" />
		<column name="toolTip" type="string" />
		<column name="id" type="int" />
		<column name="title" type="string" />
		<column name="remoteSystemId" type="int" />
	</columns>
	<rows>
		<row regex="\b(?:case|bug)\s*[#]?(\d+)\b" urlFormat="http://bugs.aus.smartbear.com/default.php?$1" caseSensitive="N" toolTip="Go to Case $1" id="1" title="Fogbugz" remoteSystemId="0" />
		<row regex="\breview\s*[#]?(\d+)\b" urlFormat="http://collab.aus.smartbear.com/ui#review:id=$1" caseSensitive="N" toolTip="Go to Review $1" id="2" title="Review" remoteSystemId="0" />
		<row regex="\btrac:(\w+)\b" urlFormat="http://trac.aus.smartbear.com/wiki/$1" caseSensitive="N" toolTip="trac $1" id="3" title="Trac Wiki Linkfy" remoteSystemId="0" />
		<row regex="\br(\d+)" urlFormat="http://trac.aus.smartbear.com/changeset/$1" caseSensitive="Y" toolTip="Revision $1" id="5" title="Trac SVN Browser for revisions" remoteSystemId="0" />
		<row regex="\brefs/heads/([\w\.\-]+)\b" urlFormat="http://git.aus.smartbear.com/collab.git/shortlog/refs/heads/$1" caseSensitive="N" toolTip="Shortlog for $1" id="9" title="Link to gitweb shortlog of a ref" remoteSystemId="0" />
		<row regex="Demo\sPR*(\d+)" urlFormat="https://PR$1.collabdevteam.com/" caseSensitive="N" toolTip="Navigate to Live Demo Environment for PR$1" id="401" title="Demo Environment" remoteSystemId="0" />
		<row regex="Artifact\sPR*(\d+)" urlFormat="http://build03-collab-sb.cloudapp.net/view/Pull%20requests/job/PR-Collaborator-Core-Installers/$1/" caseSensitive="N" toolTip="Get Build Artifacts for PR$1" id="402" title="Jenkins Build Artifacts" remoteSystemId="0" />
		<row regex="Manage\sPR*(\d+)" urlFormat="https://pr$1.collabdevteam.com/manage" caseSensitive="N" toolTip="Manage Live Demo Environment for PR$1" id="403" title="Manage Demo Environment" remoteSystemId="0" />
		<row regex="Build\s*(\d+)" urlFormat="http://build03-collab-sb.cloudapp.net/view/Pull%20requests/job/PR-Full-Collaborator-Core/$1/" caseSensitive="N" toolTip="Go to Jenkins Build $1" id="404" title="Jenkins Build Link" remoteSystemId="0" />
		<row regex="Commit\s*(\b[0-9a-f]{5,40}\b)" urlFormat="https://github.com/SmartBear/collab-core/commits/$1" caseSensitive="N" toolTip="Go To GitHub Commit $1" id="405" title="GitHub Commit Link" remoteSystemId="0" />
		<row regex="Deployment\s*(\d+)" urlFormat="https://jenkins.collabdevteam.net/job/Create%20Experimental%20Instance/$1/console" caseSensitive="N" toolTip="Go to Jenkins QA Deployment Job $1 Console" id="406" title="QA Test Instance Deployment Job Link" remoteSystemId="0" />
		<row regex="(^|[^a-zA-Z])(WEB-\d+)" urlFormat="" caseSensitive="N" toolTip="SmartBear JIRA" id="407" title="SmartBear JIRA" remoteSystemId="35" />
		<row regex="(^|[^a-zA-Z])(SWAG-\d+)" urlFormat="" caseSensitive="N" toolTip="SmartBear JIRA" id="408" title="SmartBear JIRA" remoteSystemId="35" />
		<row regex="(^|[^a-zA-Z])(QAC-\d+)" urlFormat="" caseSensitive="N" toolTip="SmartBear JIRA" id="409" title="SmartBear JIRA" remoteSystemId="35" />
		<row regex="(^|[^a-zA-Z])(API-\d+)" urlFormat="" caseSensitive="N" toolTip="SmartBear JIRA" id="410" title="SmartBear JIRA" remoteSystemId="35" />
		<row regex="(^|[^a-zA-Z])(TSERV-\d+)" urlFormat="" caseSensitive="N" toolTip="SmartBear JIRA" id="411" title="SmartBear JIRA" remoteSystemId="35" />
		<row regex="(^|[^a-zA-Z])(ECOM-\d+)" urlFormat="" caseSensitive="N" toolTip="SmartBear JIRA" id="412" title="SmartBear JIRA" remoteSystemId="35" />
		<row regex="(^|[^a-zA-Z])(LABSJSAPM-\d+)" urlFormat="" caseSensitive="N" toolTip="SmartBear JIRA" id="413" title="SmartBear JIRA" remoteSystemId="35" />
		<row regex="(^|[^a-zA-Z])(LOADUI-\d+)" urlFormat="" caseSensitive="N" toolTip="SmartBear JIRA" id="414" title="SmartBear JIRA" remoteSystemId="35" />
		<row regex="(^|[^a-zA-Z])(GR-\d+)" urlFormat="" caseSensitive="N" toolTip="SmartBear JIRA" id="415" title="SmartBear JIRA" remoteSystemId="35" />
		<row regex="(^|[^a-zA-Z])(MPROMO-\d+)" urlFormat="" caseSensitive="N" toolTip="SmartBear JIRA" id="416" title="SmartBear JIRA" remoteSystemId="35" />
		<row regex="(^|[^a-zA-Z])(MAI-\d+)" urlFormat="" caseSensitive="N" toolTip="SmartBear JIRA" id="417" title="SmartBear JIRA" remoteSystemId="35" />
		<row regex="(^|[^a-zA-Z])(RIA-\d+)" urlFormat="" caseSensitive="N" toolTip="SmartBear JIRA" id="418" title="SmartBear JIRA" remoteSystemId="35" />
		<row regex="(^|[^a-zA-Z])(MTD-\d+)" urlFormat="" caseSensitive="N" toolTip="SmartBear JIRA" id="419" title="SmartBear JIRA" remoteSystemId="35" />
		<row regex="(^|[^a-zA-Z])(MAPI-\d+)" urlFormat="" caseSensitive="N" toolTip="SmartBear JIRA" id="420" title="SmartBear JIRA" remoteSystemId="35" />
		<row regex="(^|[^a-zA-Z])(MUXM-\d+)" urlFormat="" caseSensitive="N" toolTip="SmartBear JIRA" id="421" title="SmartBear JIRA" remoteSystemId="35" />
		<row regex="(^|[^a-zA-Z])(MCC-\d+)" urlFormat="" caseSensitive="N" toolTip="SmartBear JIRA" id="422" title="SmartBear JIRA" remoteSystemId="35" />
		<row regex="(^|[^a-zA-Z])(WR-\d+)" urlFormat="" caseSensitive="N" toolTip="SmartBear JIRA" id="423" title="SmartBear JIRA" remoteSystemId="35" />
		<row regex="(^|[^a-zA-Z])(MC-\d+)" urlFormat="" caseSensitive="N" toolTip="SmartBear JIRA" id="424" title="SmartBear JIRA" remoteSystemId="35" />
		<row regex="(^|[^a-zA-Z])(MMM-\d+)" urlFormat="" caseSensitive="N" toolTip="SmartBear JIRA" id="425" title="SmartBear JIRA" remoteSystemId="35" />
		<row regex="(^|[^a-zA-Z])(MOPS-\d+)" urlFormat="" caseSensitive="N" toolTip="SmartBear JIRA" id="426" title="SmartBear JIRA" remoteSystemId="35" />
		<row regex="(^|[^a-zA-Z])(BLTAS-\d+)" urlFormat="" caseSensitive="N" toolTip="SmartBear JIRA" id="427" title="SmartBear JIRA" remoteSystemId="35" />
		<row regex="(^|[^a-zA-Z])(BLTLC-\d+)" urlFormat="" caseSensitive="N" toolTip="SmartBear JIRA" id="428" title="SmartBear JIRA" remoteSystemId="35" />
		<row regex="(^|[^a-zA-Z])(OP-\d+)" urlFormat="" caseSensitive="N" toolTip="SmartBear JIRA" id="429" title="SmartBear JIRA" remoteSystemId="35" />
		<row regex="(^|[^a-zA-Z])(PROD-\d+)" urlFormat="" caseSensitive="N" toolTip="SmartBear JIRA" id="430" title="SmartBear JIRA" remoteSystemId="35" />
		<row regex="(^|[^a-zA-Z])(RC-\d+)" urlFormat="" caseSensitive="N" toolTip="SmartBear JIRA" id="431" title="SmartBear JIRA" remoteSystemId="35" />
		<row regex="(^|[^a-zA-Z])(CC-\d+)" urlFormat="" caseSensitive="N" toolTip="SmartBear JIRA" id="432" title="SmartBear JIRA" remoteSystemId="35" />
		<row regex="(^|[^a-zA-Z])(SLTU-\d+)" urlFormat="" caseSensitive="N" toolTip="SmartBear JIRA" id="433" title="SmartBear JIRA" remoteSystemId="35" />
		<row regex="(^|[^a-zA-Z])(PLATFORM-\d+)" urlFormat="" caseSensitive="N" toolTip="SmartBear JIRA" id="434" title="SmartBear JIRA" remoteSystemId="35" />
		<row regex="(^|[^a-zA-Z])(SPS-\d+)" urlFormat="" caseSensitive="N" toolTip="SmartBear JIRA" id="435" title="SmartBear JIRA" remoteSystemId="35" />
		<row regex="(^|[^a-zA-Z])(BLTTC-\d+)" urlFormat="" caseSensitive="N" toolTip="SmartBear JIRA" id="436" title="SmartBear JIRA" remoteSystemId="35" />
		<row regex="(^|[^a-zA-Z])(BLTQAC-\d+)" urlFormat="" caseSensitive="N" toolTip="SmartBear JIRA" id="437" title="SmartBear JIRA" remoteSystemId="35" />
		<row regex="(^|[^a-zA-Z])(SPU-\d+)" urlFormat="" caseSensitive="N" toolTip="SmartBear JIRA" id="438" title="SmartBear JIRA" remoteSystemId="35" />
		<row regex="(^|[^a-zA-Z])(BLTAQT-\d+)" urlFormat="" caseSensitive="N" toolTip="SmartBear JIRA" id="439" title="SmartBear JIRA" remoteSystemId="35" />
		<row regex="(^|[^a-zA-Z])(SPUX-\d+)" urlFormat="" caseSensitive="N" toolTip="SmartBear JIRA" id="440" title="SmartBear JIRA" remoteSystemId="35" />
		<row regex="(^|[^a-zA-Z])(SAASB-\d+)" urlFormat="" caseSensitive="N" toolTip="SmartBear JIRA" id="441" title="SmartBear JIRA" remoteSystemId="35" />
		<row regex="(^|[^a-zA-Z])(DEVBLT-\d+)" urlFormat="" caseSensitive="N" toolTip="SmartBear JIRA" id="442" title="SmartBear JIRA" remoteSystemId="35" />
		<row regex="(^|[^a-zA-Z])(SWAIN-\d+)" urlFormat="" caseSensitive="N" toolTip="SmartBear JIRA" id="443" title="SmartBear JIRA" remoteSystemId="35" />
		<row regex="(^|[^a-zA-Z])(UXM-\d+)" urlFormat="" caseSensitive="N" toolTip="SmartBear JIRA" id="444" title="SmartBear JIRA" remoteSystemId="35" />
		<row regex="(^|[^a-zA-Z])(ASCORE-\d+)" urlFormat="" caseSensitive="N" toolTip="SmartBear JIRA" id="445" title="SmartBear JIRA" remoteSystemId="35" />
		<row regex="(^|[^a-zA-Z])(SLT-\d+)" urlFormat="" caseSensitive="N" toolTip="SmartBear JIRA" id="446" title="SmartBear JIRA" remoteSystemId="35" />
		<row regex="(^|[^a-zA-Z])(MDEV-\d+)" urlFormat="" caseSensitive="N" toolTip="SmartBear JIRA" id="447" title="SmartBear JIRA" remoteSystemId="35" />
		<row regex="(^|[^a-zA-Z])(ALM-\d+)" urlFormat="" caseSensitive="N" toolTip="SmartBear JIRA" id="448" title="SmartBear JIRA" remoteSystemId="35" />
		<row regex="(^|[^a-zA-Z])(BLTTL-\d+)" urlFormat="" caseSensitive="N" toolTip="SmartBear JIRA" id="449" title="SmartBear JIRA" remoteSystemId="35" />
		<row regex="(^|[^a-zA-Z])(COLLAB-\d+)" urlFormat="" caseSensitive="N" toolTip="SmartBear JIRA" id="450" title="SmartBear JIRA" remoteSystemId="35" />
		<row regex="(^|[^a-zA-Z])(DEJA-\d+)" urlFormat="" caseSensitive="N" toolTip="SmartBear JIRA" id="451" title="SmartBear JIRA" remoteSystemId="35" />
		<row regex="(^|[^a-zA-Z])(SETUP-\d+)" urlFormat="" caseSensitive="N" toolTip="SmartBear JIRA" id="452" title="SmartBear JIRA" remoteSystemId="35" />
		<row regex="(^|[^a-zA-Z])(SOAP-\d+)" urlFormat="" caseSensitive="N" toolTip="SmartBear JIRA" id="453" title="SmartBear JIRA" remoteSystemId="35" />
		<row regex="(^|[^a-zA-Z])(MP-\d+)" urlFormat="" caseSensitive="N" toolTip="SmartBear JIRA" id="454" title="SmartBear JIRA" remoteSystemId="35" />
	</rows>
</table>