<?xml version="1.1"?>
<table name="com.smartbear.ccollab.datamodel.RemoteUserMappingData" nrows="35" ncols="4">
	<columns>
		<column name="remoteUsername" type="string" />
		<column name="id" type="int" />
		<column name="remoteSystemId" type="int" />
		<column name="userId" type="int" />
	</columns>
	<rows>
		<row remoteUsername="divivitaly" id="18" remoteSystemId="25" userId="154" />
		<row remoteUsername="divivitaly" id="19" remoteSystemId="24" userId="154" />
		<row remoteUsername="divivitaly" id="20" remoteSystemId="27" userId="154" />
		<row remoteUsername="ploko" id="31" remoteSystemId="25" userId="138" />
		<row remoteUsername="ploko" id="32" remoteSystemId="27" userId="138" />
		<row remoteUsername="cairuhong" id="35" remoteSystemId="27" userId="87" />
		<row remoteUsername="Andrii-Ivashchenko" id="39" remoteSystemId="27" userId="137" />
		<row remoteUsername="ArtemSataevSB" id="45" remoteSystemId="25" userId="135" />
		<row remoteUsername="ArtemSataevSB" id="46" remoteSystemId="24" userId="135" />
		<row remoteUsername="ArtemSataevSB" id="47" remoteSystemId="27" userId="135" />
		<row remoteUsername="rickalmeidasb" id="53" remoteSystemId="24" userId="126" />
		<row remoteUsername="rickalmeidasb" id="54" remoteSystemId="27" userId="126" />
		<row remoteUsername="jcc1653" id="55" remoteSystemId="27" userId="76" />
		<row remoteUsername="bigsergoya2" id="59" remoteSystemId="24" userId="314" />
		<row remoteUsername="bigsergoya2" id="60" remoteSystemId="27" userId="314" />
		<row remoteUsername="AlexanderSerzhanov" id="61" remoteSystemId="24" userId="309" />
		<row remoteUsername="AlexanderSerzhanov" id="62" remoteSystemId="27" userId="309" />
		<row remoteUsername="smartbear-antony" id="69" remoteSystemId="27" userId="323" />
		<row remoteUsername="yimyromero" id="79" remoteSystemId="48" userId="1" />
		<row remoteUsername="gerasimenkoeugene" id="97" remoteSystemId="24" userId="329" />
		<row remoteUsername="gerasimenkoeugene" id="98" remoteSystemId="25" userId="329" />
		<row remoteUsername="gerasimenkoeugene" id="99" remoteSystemId="27" userId="329" />
		<row remoteUsername="agubanov" id="101" remoteSystemId="25" userId="152" />
		<row remoteUsername="agubanov" id="102" remoteSystemId="27" userId="152" />
		<row remoteUsername="testcc1" id="103" remoteSystemId="51" userId="141" />
		<row remoteUsername="AlexanderYeremeyev1" id="106" remoteSystemId="24" userId="156" />
		<row remoteUsername="AlexanderYeremeyev1" id="107" remoteSystemId="25" userId="156" />
		<row remoteUsername="AlexanderYeremeyev1" id="108" remoteSystemId="27" userId="156" />
		<row remoteUsername="AlexanderYeremeyev" id="113" remoteSystemId="24" userId="325" />
		<row remoteUsername="AlexanderYeremeyev" id="114" remoteSystemId="25" userId="325" />
		<row remoteUsername="AlexanderYeremeyev" id="115" remoteSystemId="27" userId="325" />
		<row remoteUsername="steleug" id="116" remoteSystemId="24" userId="166" />
		<row remoteUsername="steleug" id="117" remoteSystemId="25" userId="166" />
		<row remoteUsername="steleug" id="118" remoteSystemId="27" userId="166" />
		<row remoteUsername="JosephMichaudSmartBear" id="122" remoteSystemId="62" userId="328" />
	</rows>
</table>