<?xml version="1.1"?>
<table name="com.smartbear.ccollab.datamodel.themes.dbo.WebUIThemeData" nrows="5" ncols="5">
	<columns>
		<column name="builtIn" type="char" />
		<column name="description" type="string" />
		<column name="id" type="int" />
		<column name="title" type="string" />
		<column name="key" type="string" />
	</columns>
	<rows>
		<row builtIn="N" description="Oh by the way, which one&apos;s Pink?" id="55" title="UX Testing &#8211; Dark Theme" key="b18e284bbf138f19130e92ffa318e1ea" />
		<row builtIn="N" description="Classic WebUI theme" id="58" title="Rick Test" key="f80455e5cc425fbc274f3f377953fd4e" />
		<row builtIn="Y" description="Swamp WebUI theme" id="92" title="Swamp" key="0784C658F92B489D9541AA790B0F5F20" />
		<row builtIn="Y" description="Classic WebUI theme" id="117" title="Classic" key="8168CA30D84D40C5B1A84298E0A30A72" />
		<row builtIn="Y" description="Dark WebUI theme" id="118" title="Dark" key="776DAFA7E28F451D81ECB062A0191456" />
	</rows>
</table>