<?xml version="1.1"?>
<table name="com.smartbear.ccollab.datamodel.LicenseCountReachedData" nrows="23" ncols="3">
	<columns>
		<column name="id" type="int" />
		<column name="userId" type="int" />
		<column name="actionDate" type="date" />
	</columns>
	<rows>
		<row id="1" userId="156" actionDate="2018-01-22T04:42:39UTC" />
		<row id="2" userId="325" actionDate="2018-01-22T04:43:21UTC" />
		<row id="3" userId="325" actionDate="2018-01-22T04:43:49UTC" />
		<row id="4" userId="309" actionDate="2018-01-22T06:09:05UTC" />
		<row id="5" userId="309" actionDate="2018-01-22T06:09:12UTC" />
		<row id="6" userId="309" actionDate="2018-01-22T06:24:16UTC" />
		<row id="7" userId="166" actionDate="2018-01-22T07:10:41UTC" />
		<row id="8" userId="166" actionDate="2018-01-22T07:10:54UTC" />
		<row id="9" userId="166" actionDate="2018-01-22T07:10:54UTC" />
		<row id="10" userId="166" actionDate="2018-01-22T07:10:54UTC" />
		<row id="11" userId="166" actionDate="2018-01-22T07:10:54UTC" />
		<row id="12" userId="166" actionDate="2018-01-22T07:10:54UTC" />
		<row id="13" userId="166" actionDate="2018-01-22T07:10:54UTC" />
		<row id="14" userId="325" actionDate="2018-01-22T07:30:25UTC" />
		<row id="15" userId="156" actionDate="2018-01-22T07:30:39UTC" />
		<row id="16" userId="166" actionDate="2018-01-22T07:35:42UTC" />
		<row id="17" userId="166" actionDate="2018-01-22T07:36:25UTC" />
		<row id="18" userId="166" actionDate="2018-01-22T07:36:25UTC" />
		<row id="19" userId="166" actionDate="2018-01-22T07:36:25UTC" />
		<row id="20" userId="166" actionDate="2018-01-22T07:36:25UTC" />
		<row id="21" userId="166" actionDate="2018-01-22T07:36:25UTC" />
		<row id="22" userId="166" actionDate="2018-01-22T07:36:25UTC" />
		<row id="23" userId="166" actionDate="2018-01-22T07:40:43UTC" />
	</rows>
</table>