<?xml version="1.1"?>
<table name="com.smartbear.ccollab.datamodel.ChangelistData" nrows="2" ncols="12">
	<columns>
		<column name="localGuid" type="string" />
		<column name="date" type="date" />
		<column name="valid" type="char" />
		<column name="upstream" type="char" />
		<column name="author" type="string" />
		<column name="merge" type="char" />
		<column name="comment" type="string" />
		<column name="id" type="int" />
		<column name="scmId" type="int" />
		<column name="uploadedDate" type="date" />
		<column name="hostGuid" type="string" />
		<column name="scmIdentifier" type="string" />
	</columns>
	<rows>
		<row localGuid="" date="2018-12-17T13:18:52UTC" valid="Y" upstream="N" author="agubanov" merge="N" comment="" id="95729" scmId="270" uploadedDate="2018-12-18T16:35:53UTC" hostGuid="aec2b7a84db47d86e70aeb0d305d10b2" scmIdentifier="91416c6fdc067c1410e1606d979c0..." />
		<row localGuid="" date="2018-12-18T16:33:05UTC" valid="Y" upstream="N" author="agubanov" merge="N" comment="COLLAB-5022 pick right previous version for merge commit in &apos;last commit&apos; mode:&#10;LogicalChangelist.getChangelists() can contain changelists that do not have needed file change - filter out them" id="95728" scmId="270" uploadedDate="2018-12-18T16:35:53UTC" hostGuid="aec2b7a84db47d86e70aeb0d305d10b2" scmIdentifier="d79dc140567c304330da8ff2e6598..." />
	</rows>
</table>