<?xml version="1.1"?>
<table name="com.smartbear.ccollab.datamodel.CommentData" nrows="33" ncols="12">
	<columns>
		<column name="publishState" type="string" />
		<column name="conversationId" type="int" />
		<column name="type" type="string" />
		<column name="userId" type="int" />
		<column name="createdOn" type="date" />
		<column name="versionId" type="int" />
		<column name="outdated" type="char" />
		<column name="locatorType" type="char" />
		<column name="text" type="string" />
		<column name="id" type="int" />
		<column name="lineNumber" type="int" />
		<column name="reviewId" type="int" />
	</columns>
	<rows>
		<row publishState="sent" conversationId="15338" type="USER" userId="152" createdOn="2018-12-18T16:35:51UTC" versionId="0" outdated="N" locatorType="O" text="Link to Github pull request: https://github.com/SmartBear/collab-core/pull/1318" id="229415" lineNumber="0" reviewId="14098" />
		<row publishState="sent" conversationId="15339" type="USER" userId="138" createdOn="2018-12-19T06:00:05UTC" versionId="253613" outdated="N" locatorType="O" text="tricky place - need to remember that LogicalChangelist inside LogicalFileHistory contains all changelists within one scm but not within one file&#10;&#10;Probably would be good in future to add method in  LogicalFileHistory that will return list of changelists only for current file" id="229428" lineNumber="0" reviewId="14098" />
		<row publishState="sent" conversationId="15339" type="ACPT" userId="138" createdOn="2018-12-19T06:00:06UTC" versionId="253613" outdated="N" locatorType="O" text="** Accepted ** d79dc140567c304330da8ff2e6598..." id="229429" lineNumber="0" reviewId="14098" />
		<row publishState="sent" conversationId="15340" type="ACPT" userId="138" createdOn="2018-12-19T06:00:14UTC" versionId="253615" outdated="N" locatorType="O" text="** Accepted ** d79dc140567c304330da8ff2e6598..." id="229430" lineNumber="0" reviewId="14098" />
		<row publishState="sent" conversationId="15338" type="CHKC" userId="138" createdOn="2018-12-19T06:00:27UTC" versionId="0" outdated="N" locatorType="O" text="** Konstantin Plotnyk marked checklist item Unit Tests Approved by Dev - https://tinyurl.com/ydhd58zh as done **" id="229431" lineNumber="0" reviewId="14098" />
		<row publishState="sent" conversationId="15338" type="CHKC" userId="138" createdOn="2018-12-19T06:00:34UTC" versionId="0" outdated="N" locatorType="O" text="** Konstantin Plotnyk marked checklist item Unit Tests Approved by Dev - https://tinyurl.com/ydhd58zh as done **" id="229432" lineNumber="0" reviewId="14098" />
		<row publishState="sent" conversationId="15338" type="CHKC" userId="138" createdOn="2018-12-19T06:00:34UTC" versionId="0" outdated="N" locatorType="O" text="** Konstantin Plotnyk marked checklist item Unit Tests Approved by Dev - https://tinyurl.com/ydhd58zh as done **" id="229433" lineNumber="0" reviewId="14098" />
		<row publishState="sent" conversationId="15338" type="CHKC" userId="138" createdOn="2018-12-19T06:00:52UTC" versionId="0" outdated="N" locatorType="O" text="** Konstantin Plotnyk marked checklist item Unit Tests Approved by Dev - https://tinyurl.com/ydhd58zh as done **" id="229434" lineNumber="0" reviewId="14098" />
		<row publishState="sent" conversationId="15338" type="CHKC" userId="138" createdOn="2018-12-19T06:00:53UTC" versionId="0" outdated="N" locatorType="O" text="** Konstantin Plotnyk marked checklist item Commits are squashed if necessary: https://tinyurl.com/y8wlloju as done **" id="229435" lineNumber="0" reviewId="14098" />
		<row publishState="sent" conversationId="15338" type="CHKC" userId="138" createdOn="2018-12-19T06:00:55UTC" versionId="0" outdated="N" locatorType="O" text="** Konstantin Plotnyk marked checklist item Branch name and commit message conform to standard: https://tinyurl.com/yc79tkmo as done **" id="229436" lineNumber="0" reviewId="14098" />
		<row publishState="sent" conversationId="15338" type="CHKC" userId="138" createdOn="2018-12-19T06:00:55UTC" versionId="0" outdated="N" locatorType="O" text="** Konstantin Plotnyk marked checklist item General code style follows internal guide: https://tinyurl.com/ybbmjb5c as done **" id="229437" lineNumber="0" reviewId="14098" />
		<row publishState="sent" conversationId="15338" type="CHKC" userId="138" createdOn="2018-12-19T06:00:56UTC" versionId="0" outdated="N" locatorType="O" text="** Konstantin Plotnyk marked checklist item Change package meets DoD and is ready to merge: https://tinyurl.com/yas457gl as done **" id="229438" lineNumber="0" reviewId="14098" />
		<row publishState="sent" conversationId="15338" type="CHKC" userId="138" createdOn="2018-12-19T06:01:14UTC" versionId="0" outdated="N" locatorType="O" text="** Konstantin Plotnyk marked checklist item Documentation Team Sign-Off (for version history.) as done **" id="229439" lineNumber="0" reviewId="14098" />
		<row publishState="sent" conversationId="15338" type="CHKC" userId="138" createdOn="2018-12-19T06:01:19UTC" versionId="0" outdated="N" locatorType="O" text="** Konstantin Plotnyk marked checklist item Commits are squashed if necessary: https://tinyurl.com/y8wlloju as done **" id="229440" lineNumber="0" reviewId="14098" />
		<row publishState="sent" conversationId="15338" type="CHKC" userId="138" createdOn="2018-12-19T06:01:33UTC" versionId="0" outdated="N" locatorType="O" text="** Konstantin Plotnyk marked checklist item Documentation Team Sign-Off (for version history.) as done **" id="229441" lineNumber="0" reviewId="14098" />
		<row publishState="sent" conversationId="15338" type="CHKC" userId="138" createdOn="2018-12-19T06:01:33UTC" versionId="0" outdated="N" locatorType="O" text="** Konstantin Plotnyk marked checklist item Documentation Team Sign-Off (for version history.) as done **" id="229442" lineNumber="0" reviewId="14098" />
		<row publishState="sent" conversationId="15338" type="CHKC" userId="138" createdOn="2018-12-19T06:01:34UTC" versionId="0" outdated="N" locatorType="O" text="** Konstantin Plotnyk marked checklist item Documentation Team Sign-Off (for version history.) as done **" id="229443" lineNumber="0" reviewId="14098" />
		<row publishState="sent" conversationId="15338" type="CHKC" userId="138" createdOn="2018-12-19T06:01:34UTC" versionId="0" outdated="N" locatorType="O" text="** Konstantin Plotnyk marked checklist item Documentation Team Sign-Off (for version history.) as done **" id="229444" lineNumber="0" reviewId="14098" />
		<row publishState="sent" conversationId="15338" type="CHKC" userId="138" createdOn="2018-12-19T06:01:35UTC" versionId="0" outdated="N" locatorType="O" text="** Konstantin Plotnyk marked checklist item Documentation Team Sign-Off (for version history.) as done **" id="229445" lineNumber="0" reviewId="14098" />
		<row publishState="sent" conversationId="15338" type="CHKC" userId="138" createdOn="2018-12-19T06:02:48UTC" versionId="0" outdated="N" locatorType="O" text="** Konstantin Plotnyk marked checklist item Documentation Team Sign-Off (for version history.) as done **" id="229446" lineNumber="0" reviewId="14098" />
		<row publishState="sent" conversationId="15338" type="CHKC" userId="138" createdOn="2018-12-19T06:02:50UTC" versionId="0" outdated="N" locatorType="O" text="** Konstantin Plotnyk marked checklist item Documentation Team Sign-Off (for version history.) as done **" id="229447" lineNumber="0" reviewId="14098" />
		<row publishState="sent" conversationId="15338" type="CHKC" userId="138" createdOn="2018-12-19T06:02:51UTC" versionId="0" outdated="N" locatorType="O" text="** Konstantin Plotnyk marked checklist item Unit Tests Approved by Dev - https://tinyurl.com/ydhd58zh as done **" id="229448" lineNumber="0" reviewId="14098" />
		<row publishState="sent" conversationId="15338" type="CHKC" userId="138" createdOn="2018-12-19T06:03:02UTC" versionId="0" outdated="N" locatorType="O" text="** Konstantin Plotnyk marked checklist item Documentation Team Sign-Off (for version history.) as done **" id="229449" lineNumber="0" reviewId="14098" />
		<row publishState="sent" conversationId="15338" type="CHKC" userId="138" createdOn="2018-12-19T06:03:53UTC" versionId="0" outdated="N" locatorType="O" text="** Konstantin Plotnyk marked checklist item Justin or Rick knows that you are making this change, and why. as done **" id="229450" lineNumber="0" reviewId="14098" />
		<row publishState="sent" conversationId="15338" type="USER" userId="138" createdOn="2018-12-19T06:04:54UTC" versionId="0" outdated="N" locatorType="O" text="rebuild" id="229451" lineNumber="0" reviewId="14098" />
		<row publishState="sent" conversationId="15339" type="ACPT" userId="137" createdOn="2018-12-19T08:01:29UTC" versionId="253613" outdated="N" locatorType="O" text="** Accepted ** d79dc140567c304330da8ff2e6598..." id="229464" lineNumber="0" reviewId="14098" />
		<row publishState="sent" conversationId="15338" type="MRED" userId="137" createdOn="2018-12-19T08:01:38UTC" versionId="0" outdated="N" locatorType="O" text="**marked as read**" id="229465" lineNumber="0" reviewId="14098" />
		<row publishState="sent" conversationId="15339" type="MRED" userId="152" createdOn="2018-12-19T09:33:42UTC" versionId="253613" outdated="N" locatorType="O" text="**marked as read**" id="229485" lineNumber="0" reviewId="14098" />
		<row publishState="sent" conversationId="15338" type="MRED" userId="152" createdOn="2018-12-19T09:33:46UTC" versionId="0" outdated="N" locatorType="O" text="**marked as read**" id="229486" lineNumber="0" reviewId="14098" />
		<row publishState="sent" conversationId="15338" type="USER" userId="152" createdOn="2018-12-19T09:35:02UTC" versionId="0" outdated="N" locatorType="O" text="rebuild" id="229487" lineNumber="0" reviewId="14098" />
		<row publishState="sent" conversationId="15338" type="USER" userId="137" createdOn="2018-12-19T09:35:17UTC" versionId="0" outdated="N" locatorType="O" text="rebuild" id="229488" lineNumber="0" reviewId="14098" />
		<row publishState="sent" conversationId="15338" type="USER" userId="137" createdOn="2018-12-19T09:35:41UTC" versionId="0" outdated="N" locatorType="O" text="rebuild" id="229489" lineNumber="0" reviewId="14098" />
		<row publishState="sent" conversationId="15340" type="ACPT" userId="137" createdOn="2018-12-19T11:42:35UTC" versionId="253615" outdated="N" locatorType="O" text="** Accepted ** d79dc140567c304330da8ff2e6598..." id="229495" lineNumber="0" reviewId="14098" />
	</rows>
</table>