<?xml version="1.1"?>
<table name="com.smartbear.ccollab.datamodel.GroupAncestryData" nrows="36" ncols="3">
	<columns>
		<column name="id" type="int" />
		<column name="ancestorId" type="int" />
		<column name="descendantId" type="int" />
	</columns>
	<rows>
		<row id="1" ancestorId="1" descendantId="1" />
		<row id="2" ancestorId="2" descendantId="2" />
		<row id="4" ancestorId="4" descendantId="4" />
		<row id="5" ancestorId="5" descendantId="5" />
		<row id="6" ancestorId="6" descendantId="6" />
		<row id="7" ancestorId="7" descendantId="7" />
		<row id="10" ancestorId="5" descendantId="4" />
		<row id="11" ancestorId="10" descendantId="10" />
		<row id="12" ancestorId="11" descendantId="11" />
		<row id="14" ancestorId="12" descendantId="12" />
		<row id="16" ancestorId="10" descendantId="2" />
		<row id="17" ancestorId="13" descendantId="13" />
		<row id="18" ancestorId="14" descendantId="14" />
		<row id="19" ancestorId="15" descendantId="15" />
		<row id="20" ancestorId="16" descendantId="16" />
		<row id="24" ancestorId="18" descendantId="18" />
		<row id="25" ancestorId="19" descendantId="19" />
		<row id="37" ancestorId="29" descendantId="29" />
		<row id="77" ancestorId="12" descendantId="16" />
		<row id="79" ancestorId="12" descendantId="14" />
		<row id="81" ancestorId="12" descendantId="15" />
		<row id="87" ancestorId="36" descendantId="36" />
		<row id="91" ancestorId="37" descendantId="37" />
		<row id="143" ancestorId="60" descendantId="60" />
		<row id="145" ancestorId="62" descendantId="62" />
		<row id="146" ancestorId="63" descendantId="63" />
		<row id="147" ancestorId="64" descendantId="64" />
		<row id="148" ancestorId="65" descendantId="65" />
		<row id="149" ancestorId="66" descendantId="66" />
		<row id="150" ancestorId="67" descendantId="67" />
		<row id="153" ancestorId="69" descendantId="69" />
		<row id="154" ancestorId="11" descendantId="69" />
		<row id="157" ancestorId="70" descendantId="70" />
		<row id="158" ancestorId="11" descendantId="70" />
		<row id="161" ancestorId="71" descendantId="71" />
		<row id="162" ancestorId="11" descendantId="71" />
	</rows>
</table>