<?xml version="1.1"?>
<table name="com.smartbear.ccollab.datamodel.RoleData" nrows="52" ncols="15">
	<columns>
		<column name="template" type="string" />
		<column name="forcedToReadComments" type="char" />
		<column name="displayName" type="string" />
		<column name="description" type="string" />
		<column name="maxAllowedInReview" type="int" />
		<column name="ownDefectPrivileges" type="char" />
		<column name="completingReviews" type="char" />
		<column name="requiredElectronicSignature" type="char" />
		<column name="allowedToModifyReviewData" type="char" />
		<column name="systemName" type="string" />
		<column name="redactCommentPrivileges" type="char" />
		<column name="otherDefectPrivileges" type="char" />
		<column name="id" type="int" />
		<column name="minNumberToFinishReview" type="int" />
		<column name="minRequiredInReview" type="int" />
	</columns>
	<rows>
		<row template="Standard New" forcedToReadComments="N" displayName="Moderator" description="Moderator" maxAllowedInReview="99" ownDefectPrivileges="D" completingReviews="N" requiredElectronicSignature="N" allowedToModifyReviewData="Y" systemName="Moderator" redactCommentPrivileges="S" otherDefectPrivileges="D" id="1" minNumberToFinishReview="0" minRequiredInReview="0" />
		<row template="Standard New" forcedToReadComments="Y" displayName="Author" description="Developer responsible for the content being reviewed." maxAllowedInReview="99" ownDefectPrivileges="D" completingReviews="N" requiredElectronicSignature="N" allowedToModifyReviewData="Y" systemName="Author" redactCommentPrivileges="S" otherDefectPrivileges="D" id="2" minNumberToFinishReview="0" minRequiredInReview="1" />
		<row template="Standard New" forcedToReadComments="N" displayName="Reviewer" description="Someone actively involved in reviewing the materials." maxAllowedInReview="99" ownDefectPrivileges="D" completingReviews="C" requiredElectronicSignature="N" allowedToModifyReviewData="Y" systemName="Reviewer" redactCommentPrivileges="S" otherDefectPrivileges="D" id="3" minNumberToFinishReview="0" minRequiredInReview="1" />
		<row template="Standard New" forcedToReadComments="N" displayName="Observer" description="Someone participating but not necessarily passing accept/reject judgements.  Will not hold up the review if all other participants are finished." maxAllowedInReview="99" ownDefectPrivileges="D" completingReviews="F" requiredElectronicSignature="N" allowedToModifyReviewData="Y" systemName="Observer" redactCommentPrivileges="S" otherDefectPrivileges="D" id="4" minNumberToFinishReview="0" minRequiredInReview="0" />
		<row template="Formal Inspection" forcedToReadComments="N" displayName="Moderator" description="123k" maxAllowedInReview="1" ownDefectPrivileges="M" completingReviews="C" requiredElectronicSignature="N" allowedToModifyReviewData="Y" systemName="Moderator" redactCommentPrivileges="S" otherDefectPrivileges="D" id="5" minNumberToFinishReview="0" minRequiredInReview="1" />
		<row template="Formal Inspection" forcedToReadComments="N" displayName="Author" description="123" maxAllowedInReview="1" ownDefectPrivileges="D" completingReviews="N" requiredElectronicSignature="N" allowedToModifyReviewData="Y" systemName="Author" redactCommentPrivileges="S" otherDefectPrivileges="N" id="6" minNumberToFinishReview="0" minRequiredInReview="1" />
		<row template="Formal Inspection" forcedToReadComments="N" displayName="Reader" description="123" maxAllowedInReview="1" ownDefectPrivileges="D" completingReviews="N" requiredElectronicSignature="N" allowedToModifyReviewData="Y" systemName="Reader" redactCommentPrivileges="S" otherDefectPrivileges="N" id="7" minNumberToFinishReview="0" minRequiredInReview="1" />
		<row template="Formal Inspection" forcedToReadComments="N" displayName="Tester" description="213123" maxAllowedInReview="1" ownDefectPrivileges="D" completingReviews="F" requiredElectronicSignature="N" allowedToModifyReviewData="Y" systemName="Tester" redactCommentPrivileges="S" otherDefectPrivileges="N" id="8" minNumberToFinishReview="0" minRequiredInReview="1" />
		<row template="A New Configuration" forcedToReadComments="N" displayName="foobie" description="foobie" maxAllowedInReview="99" ownDefectPrivileges="D" completingReviews="N" requiredElectronicSignature="&apos;" allowedToModifyReviewData="N" systemName="Moderator" redactCommentPrivileges="S" otherDefectPrivileges="N" id="9" minNumberToFinishReview="0" minRequiredInReview="0" />
		<row template="A New Configuration" forcedToReadComments="N" displayName="Writer" description="who wrote it" maxAllowedInReview="99" ownDefectPrivileges="D" completingReviews="N" requiredElectronicSignature="&apos;" allowedToModifyReviewData="Y" systemName="Author" redactCommentPrivileges="S" otherDefectPrivileges="N" id="10" minNumberToFinishReview="0" minRequiredInReview="0" />
		<row template="A New Configuration" forcedToReadComments="N" displayName="Editor" description="who&apos;s editing it" maxAllowedInReview="99" ownDefectPrivileges="D" completingReviews="C" requiredElectronicSignature="&apos;" allowedToModifyReviewData="Y" systemName="Reviewer" redactCommentPrivileges="S" otherDefectPrivileges="D" id="11" minNumberToFinishReview="0" minRequiredInReview="1" />
		<row template="A New Configuration" forcedToReadComments="N" displayName="Intern" description="who&apos;s looking at it and not getting paid enough" maxAllowedInReview="99" ownDefectPrivileges="D" completingReviews="N" requiredElectronicSignature="&apos;" allowedToModifyReviewData="Y" systemName="Observer" redactCommentPrivileges="S" otherDefectPrivileges="N" id="12" minNumberToFinishReview="0" minRequiredInReview="0" />
		<row template="Mark Finished" forcedToReadComments="N" displayName="" description="" maxAllowedInReview="99" ownDefectPrivileges="D" completingReviews="C" requiredElectronicSignature="&apos;" allowedToModifyReviewData="Y" systemName="Moderator" redactCommentPrivileges="S" otherDefectPrivileges="D" id="13" minNumberToFinishReview="0" minRequiredInReview="1" />
		<row template="Mark Finished" forcedToReadComments="N" displayName="Author" description="Author description" maxAllowedInReview="99" ownDefectPrivileges="D" completingReviews="C" requiredElectronicSignature="&apos;" allowedToModifyReviewData="Y" systemName="Author" redactCommentPrivileges="S" otherDefectPrivileges="D" id="14" minNumberToFinishReview="0" minRequiredInReview="1" />
		<row template="Mark Finished" forcedToReadComments="N" displayName="Reviewer" description="Reviewer" maxAllowedInReview="99" ownDefectPrivileges="D" completingReviews="N" requiredElectronicSignature="&apos;" allowedToModifyReviewData="Y" systemName="Reviewer" redactCommentPrivileges="S" otherDefectPrivileges="D" id="15" minNumberToFinishReview="0" minRequiredInReview="1" />
		<row template="Mark Finished" forcedToReadComments="N" displayName="" description="" maxAllowedInReview="99" ownDefectPrivileges="D" completingReviews="N" requiredElectronicSignature="&apos;" allowedToModifyReviewData="Y" systemName="Observer" redactCommentPrivileges="S" otherDefectPrivileges="D" id="16" minNumberToFinishReview="0" minRequiredInReview="1" />
		<row template="Nancy&apos;s Roles" forcedToReadComments="N" displayName="Moderator" description="Moderator description" maxAllowedInReview="999" ownDefectPrivileges="M" completingReviews="N" requiredElectronicSignature="&apos;" allowedToModifyReviewData="Y" systemName="Moderator" redactCommentPrivileges="S" otherDefectPrivileges="N" id="17" minNumberToFinishReview="0" minRequiredInReview="0" />
		<row template="Nancy&apos;s Roles" forcedToReadComments="Y" displayName="Author" description="Author description" maxAllowedInReview="999" ownDefectPrivileges="M" completingReviews="N" requiredElectronicSignature="&apos;" allowedToModifyReviewData="Y" systemName="Author" redactCommentPrivileges="S" otherDefectPrivileges="N" id="18" minNumberToFinishReview="0" minRequiredInReview="1" />
		<row template="Nancy&apos;s Roles" forcedToReadComments="N" displayName="Reviewer" description="Reviewer description" maxAllowedInReview="999" ownDefectPrivileges="D" completingReviews="C" requiredElectronicSignature="&apos;" allowedToModifyReviewData="Y" systemName="Reviewer" redactCommentPrivileges="S" otherDefectPrivileges="N" id="19" minNumberToFinishReview="0" minRequiredInReview="1" />
		<row template="Nancy&apos;s Roles" forcedToReadComments="N" displayName="" description="" maxAllowedInReview="999" ownDefectPrivileges="N" completingReviews="N" requiredElectronicSignature="&apos;" allowedToModifyReviewData="Y" systemName="Observer" redactCommentPrivileges="S" otherDefectPrivileges="N" id="20" minNumberToFinishReview="0" minRequiredInReview="1" />
		<row template="New Template" forcedToReadComments="N" displayName="" description="" maxAllowedInReview="999" ownDefectPrivileges="D" completingReviews="N" requiredElectronicSignature="&apos;" allowedToModifyReviewData="Y" systemName="Moderator" redactCommentPrivileges="S" otherDefectPrivileges="D" id="21" minNumberToFinishReview="0" minRequiredInReview="1" />
		<row template="New Template" forcedToReadComments="N" displayName="Bob" description="Bob is the Author." maxAllowedInReview="999" ownDefectPrivileges="D" completingReviews="N" requiredElectronicSignature="&apos;" allowedToModifyReviewData="Y" systemName="Author" redactCommentPrivileges="S" otherDefectPrivileges="D" id="22" minNumberToFinishReview="0" minRequiredInReview="1" />
		<row template="New Template" forcedToReadComments="N" displayName="Reviewer" description="No, really." maxAllowedInReview="999" ownDefectPrivileges="D" completingReviews="C" requiredElectronicSignature="&apos;" allowedToModifyReviewData="Y" systemName="Reviewer" redactCommentPrivileges="S" otherDefectPrivileges="D" id="23" minNumberToFinishReview="0" minRequiredInReview="1" />
		<row template="New Template" forcedToReadComments="N" displayName="" description="" maxAllowedInReview="999" ownDefectPrivileges="D" completingReviews="N" requiredElectronicSignature="&apos;" allowedToModifyReviewData="Y" systemName="Observer" redactCommentPrivileges="S" otherDefectPrivileges="D" id="24" minNumberToFinishReview="0" minRequiredInReview="1" />
		<row template="testing" forcedToReadComments="N" displayName="mod" description="noinuin" maxAllowedInReview="999" ownDefectPrivileges="D" completingReviews="N" requiredElectronicSignature="&apos;" allowedToModifyReviewData="Y" systemName="Moderator" redactCommentPrivileges="S" otherDefectPrivileges="D" id="25" minNumberToFinishReview="0" minRequiredInReview="1" />
		<row template="testing" forcedToReadComments="Y" displayName="auth" description="iuniun" maxAllowedInReview="999" ownDefectPrivileges="D" completingReviews="N" requiredElectronicSignature="&apos;" allowedToModifyReviewData="Y" systemName="Author" redactCommentPrivileges="S" otherDefectPrivileges="D" id="26" minNumberToFinishReview="0" minRequiredInReview="1" />
		<row template="testing" forcedToReadComments="N" displayName="reader" description="iuniun" maxAllowedInReview="999" ownDefectPrivileges="D" completingReviews="C" requiredElectronicSignature="&apos;" allowedToModifyReviewData="Y" systemName="Reviewer" redactCommentPrivileges="S" otherDefectPrivileges="D" id="27" minNumberToFinishReview="0" minRequiredInReview="1" />
		<row template="testing" forcedToReadComments="N" displayName="tester" description="iuniun" maxAllowedInReview="999" ownDefectPrivileges="D" completingReviews="N" requiredElectronicSignature="&apos;" allowedToModifyReviewData="Y" systemName="Observer" redactCommentPrivileges="S" otherDefectPrivileges="D" id="28" minNumberToFinishReview="0" minRequiredInReview="1" />
		<row template="Justin&apos;s Role" forcedToReadComments="N" displayName="" description="" maxAllowedInReview="999" ownDefectPrivileges="D" completingReviews="N" requiredElectronicSignature="&apos;" allowedToModifyReviewData="Y" systemName="Moderator" redactCommentPrivileges="S" otherDefectPrivileges="D" id="29" minNumberToFinishReview="0" minRequiredInReview="0" />
		<row template="Justin&apos;s Role" forcedToReadComments="Y" displayName="Auth" description="asdf" maxAllowedInReview="999" ownDefectPrivileges="D" completingReviews="N" requiredElectronicSignature="&apos;" allowedToModifyReviewData="Y" systemName="Author" redactCommentPrivileges="S" otherDefectPrivileges="D" id="30" minNumberToFinishReview="0" minRequiredInReview="1" />
		<row template="Justin&apos;s Role" forcedToReadComments="N" displayName="Re" description="asdf" maxAllowedInReview="999" ownDefectPrivileges="D" completingReviews="C" requiredElectronicSignature="&apos;" allowedToModifyReviewData="Y" systemName="Reviewer" redactCommentPrivileges="S" otherDefectPrivileges="D" id="31" minNumberToFinishReview="0" minRequiredInReview="1" />
		<row template="Justin&apos;s Role" forcedToReadComments="N" displayName="Ob" description="asdf" maxAllowedInReview="999" ownDefectPrivileges="D" completingReviews="N" requiredElectronicSignature="&apos;" allowedToModifyReviewData="Y" systemName="Observer" redactCommentPrivileges="S" otherDefectPrivileges="D" id="32" minNumberToFinishReview="0" minRequiredInReview="0" />
		<row template="Kevin&apos;s New Roles for 10.1" forcedToReadComments="N" displayName="KG" description="Product Owner M" maxAllowedInReview="999" ownDefectPrivileges="D" completingReviews="N" requiredElectronicSignature="Y" allowedToModifyReviewData="Y" systemName="Moderator" redactCommentPrivileges="S" otherDefectPrivileges="D" id="33" minNumberToFinishReview="1" minRequiredInReview="1" />
		<row template="Kevin&apos;s New Roles for 10.1" forcedToReadComments="Y" displayName="KG" description="Product Owner A" maxAllowedInReview="999" ownDefectPrivileges="D" completingReviews="C" requiredElectronicSignature="N" allowedToModifyReviewData="Y" systemName="Author" redactCommentPrivileges="S" otherDefectPrivileges="D" id="34" minNumberToFinishReview="1" minRequiredInReview="1" />
		<row template="Kevin&apos;s New Roles for 10.1" forcedToReadComments="N" displayName="KG" description="Product Owner R" maxAllowedInReview="999" ownDefectPrivileges="D" completingReviews="N" requiredElectronicSignature="N" allowedToModifyReviewData="Y" systemName="Reviewer" redactCommentPrivileges="S" otherDefectPrivileges="D" id="35" minNumberToFinishReview="1" minRequiredInReview="1" />
		<row template="Kevin&apos;s New Roles for 10.1" forcedToReadComments="N" displayName="KG" description="Product Owner O" maxAllowedInReview="999" ownDefectPrivileges="D" completingReviews="N" requiredElectronicSignature="N" allowedToModifyReviewData="Y" systemName="Observer" redactCommentPrivileges="S" otherDefectPrivileges="D" id="36" minNumberToFinishReview="1" minRequiredInReview="1" />
		<row template="Ruhong_test" forcedToReadComments="N" displayName="Moderator" description="Moderator" maxAllowedInReview="999" ownDefectPrivileges="D" completingReviews="N" requiredElectronicSignature="N" allowedToModifyReviewData="Y" systemName="Moderator" redactCommentPrivileges="S" otherDefectPrivileges="D" id="37" minNumberToFinishReview="0" minRequiredInReview="0" />
		<row template="Ruhong_test" forcedToReadComments="Y" displayName="Author" description="Author" maxAllowedInReview="999" ownDefectPrivileges="D" completingReviews="C" requiredElectronicSignature="N" allowedToModifyReviewData="Y" systemName="Author" redactCommentPrivileges="S" otherDefectPrivileges="D" id="38" minNumberToFinishReview="0" minRequiredInReview="1" />
		<row template="Ruhong_test" forcedToReadComments="N" displayName="Reviewer" description="Reviewer" maxAllowedInReview="999" ownDefectPrivileges="D" completingReviews="F" requiredElectronicSignature="N" allowedToModifyReviewData="Y" systemName="Reviewer" redactCommentPrivileges="S" otherDefectPrivileges="D" id="39" minNumberToFinishReview="0" minRequiredInReview="1" />
		<row template="Ruhong_test" forcedToReadComments="N" displayName="Observer" description="Observer" maxAllowedInReview="999" ownDefectPrivileges="D" completingReviews="N" requiredElectronicSignature="N" allowedToModifyReviewData="Y" systemName="Observer" redactCommentPrivileges="S" otherDefectPrivileges="D" id="40" minNumberToFinishReview="0" minRequiredInReview="0" />
		<row template="SmartBear RFP Roles" forcedToReadComments="Y" displayName="Legal Lead" description="The Legal Representative who will give final approval." maxAllowedInReview="999" ownDefectPrivileges="M" completingReviews="F" requiredElectronicSignature="Y" allowedToModifyReviewData="Y" systemName="Moderator" redactCommentPrivileges="S" otherDefectPrivileges="M" id="41" minNumberToFinishReview="0" minRequiredInReview="1" />
		<row template="SmartBear RFP Roles" forcedToReadComments="Y" displayName="Author" description="RFP Author or Responsible Person." maxAllowedInReview="999" ownDefectPrivileges="N" completingReviews="N" requiredElectronicSignature="N" allowedToModifyReviewData="Y" systemName="Author" redactCommentPrivileges="S" otherDefectPrivileges="N" id="42" minNumberToFinishReview="0" minRequiredInReview="1" />
		<row template="SmartBear RFP Roles" forcedToReadComments="N" displayName="Required Participant" description="Someone who needs to show up and approve the RFP." maxAllowedInReview="999" ownDefectPrivileges="M" completingReviews="C" requiredElectronicSignature="N" allowedToModifyReviewData="N" systemName="Reviewer" redactCommentPrivileges="S" otherDefectPrivileges="M" id="43" minNumberToFinishReview="2" minRequiredInReview="1" />
		<row template="SmartBear RFP Roles" forcedToReadComments="N" displayName="Optional Participant" description="Someone who is invited to the review, but is not required to participate." maxAllowedInReview="999" ownDefectPrivileges="M" completingReviews="N" requiredElectronicSignature="N" allowedToModifyReviewData="N" systemName="Observer" redactCommentPrivileges="S" otherDefectPrivileges="N" id="44" minNumberToFinishReview="0" minRequiredInReview="0" />
		<row template="Rick&apos;s New Template" forcedToReadComments="N" displayName="Review Process Lead" description="The governing body that makes sure that this review was done correctly." maxAllowedInReview="999" ownDefectPrivileges="D" completingReviews="F" requiredElectronicSignature="Y" allowedToModifyReviewData="Y" systemName="Moderator" redactCommentPrivileges="S" otherDefectPrivileges="D" id="45" minNumberToFinishReview="1" minRequiredInReview="1" />
		<row template="Rick&apos;s New Template" forcedToReadComments="Y" displayName="Author" description="The person responsible for delivering code." maxAllowedInReview="999" ownDefectPrivileges="D" completingReviews="N" requiredElectronicSignature="N" allowedToModifyReviewData="Y" systemName="Author" redactCommentPrivileges="S" otherDefectPrivileges="N" id="46" minNumberToFinishReview="0" minRequiredInReview="1" />
		<row template="Rick&apos;s New Template" forcedToReadComments="N" displayName="Reviewer" description="The person responsible for providing review feedback." maxAllowedInReview="999" ownDefectPrivileges="D" completingReviews="C" requiredElectronicSignature="N" allowedToModifyReviewData="Y" systemName="Reviewer" redactCommentPrivileges="S" otherDefectPrivileges="D" id="47" minNumberToFinishReview="0" minRequiredInReview="1" />
		<row template="Rick&apos;s New Template" forcedToReadComments="N" displayName="Stakeholder" description="A Passive Observer. Some form of sign-off may be required for this role as part of the review checklist." maxAllowedInReview="999" ownDefectPrivileges="M" completingReviews="F" requiredElectronicSignature="N" allowedToModifyReviewData="Y" systemName="Observer" redactCommentPrivileges="S" otherDefectPrivileges="N" id="48" minNumberToFinishReview="0" minRequiredInReview="0" />
		<row template="Quick Fix Template" forcedToReadComments="N" displayName="Review Process Lead" description="The governing body that makes sure that this review was done correctly." maxAllowedInReview="999" ownDefectPrivileges="D" completingReviews="N" requiredElectronicSignature="N" allowedToModifyReviewData="Y" systemName="Moderator" redactCommentPrivileges="S" otherDefectPrivileges="D" id="49" minNumberToFinishReview="0" minRequiredInReview="0" />
		<row template="Quick Fix Template" forcedToReadComments="N" displayName="Author" description="The person responsible for delivering code." maxAllowedInReview="999" ownDefectPrivileges="D" completingReviews="N" requiredElectronicSignature="N" allowedToModifyReviewData="Y" systemName="Author" redactCommentPrivileges="S" otherDefectPrivileges="N" id="50" minNumberToFinishReview="0" minRequiredInReview="1" />
		<row template="Quick Fix Template" forcedToReadComments="N" displayName="Reviewer" description="The person responsible for providing review feedback." maxAllowedInReview="999" ownDefectPrivileges="D" completingReviews="C" requiredElectronicSignature="N" allowedToModifyReviewData="Y" systemName="Reviewer" redactCommentPrivileges="S" otherDefectPrivileges="D" id="51" minNumberToFinishReview="0" minRequiredInReview="1" />
		<row template="Quick Fix Template" forcedToReadComments="N" displayName="Stakeholder" description="A Passive Observer. Some form of sign-off may be required for this role as part of the review checklist." maxAllowedInReview="999" ownDefectPrivileges="M" completingReviews="N" requiredElectronicSignature="N" allowedToModifyReviewData="Y" systemName="Observer" redactCommentPrivileges="S" otherDefectPrivileges="N" id="52" minNumberToFinishReview="0" minRequiredInReview="0" />
	</rows>
</table>