<?xml version="1.1"?>
<table name="com.smartbear.ccollab.datamodel.themes.dbo.WebUIThemePartInfoData" nrows="234" ncols="7">
	<columns>
		<column name="name" type="string" />
		<column name="description" type="string" />
		<column name="cssPropertyType" type="string" />
		<column name="id" type="int" />
		<column name="title" type="string" />
		<column name="elementType" type="char" />
		<column name="group" type="char" />
	</columns>
	<rows>
		<row name="Phase_CompletedNextTextColor" description="" cssPropertyType="CL" id="2604" title="Completed next text color" elementType="F" group="U" />
		<row name="Phase_AnnotationActiveBackgroundColor" description="" cssPropertyType="BGCL" id="2605" title="Annotation active background color" elementType="F" group="U" />
		<row name="Phase_SignatureAheadBackgroundColor" description="" cssPropertyType="BGCL" id="2606" title="Signature ahead background color" elementType="F" group="U" />
		<row name="Chat_DeletedDefectTextColor" description="The deleted defect text color in the chat." cssPropertyType="CL" id="2608" title="Deleted defect text color" elementType="H" group="U" />
		<row name="Link_GridVisitedTransition" description="Specifies the transition properties for the visited hyperlink in the Grid cells." cssPropertyType="TRNS" id="2609" title="Grid transition - visited" elementType="L" group="U" />
		<row name="Phase_CompletedPassedBackgroundColor" description="" cssPropertyType="BGCL" id="2610" title="Completed passed background color" elementType="F" group="U" />
		<row name="Phase_InspectionNextTextColor" description="" cssPropertyType="CL" id="2611" title="Inspection next text color" elementType="F" group="U" />
		<row name="Chat_BalloonBackgroundColor" description="The background color in the balloon a chat." cssPropertyType="BGCL" id="2612" title="Balloon background color" elementType="H" group="U" />
		<row name="Phase_CompletedNextBackgroundColor" description="" cssPropertyType="BGCL" id="2613" title="Completed next background color" elementType="F" group="U" />
		<row name="Chat_BalloonTextColor" description="The text color of the balloon a chat." cssPropertyType="CL" id="2614" title="Balloon text color" elementType="H" group="U" />
		<row name="Phase_CompletedPassedTextColor" description="" cssPropertyType="CL" id="2615" title="Completed passed text color" elementType="F" group="U" />
		<row name="Error_TextColor" description="Text color of the system wide and error messages." cssPropertyType="CL" id="2616" title="Error block text color" elementType="Y" group="U" />
		<row name="Toolbar_AltBackgroundColor" description="The variation of the background color of the toolbar." cssPropertyType="BGCL" id="2617" title="Toolbar alternative background color" elementType="T" group="U" />
		<row name="Chat_DefectsOpacityValue" description="The defects forms opacity value(0 - invisible, 1 - full visible)." cssPropertyType="OPTY" id="2618" title="Defects forms opacity value" elementType="H" group="U" />
		<row name="Section_BorderRadius" description="Section border radius." cssPropertyType="BRRD" id="2619" title="Border radius" elementType="S" group="U" />
		<row name="Window_TextColor" description="The color of the text in the client area of a window." cssPropertyType="CL" id="2620" title="Text color" elementType="W" group="U" />
		<row name="Chat_ChangedDefectTextColor" description="The changed defect text color in the chat." cssPropertyType="CL" id="2621" title="Changed defect text color" elementType="H" group="U" />
		<row name="Link_WindowVisitedColor" description="The color of the visited hyperlink in the client area of a window." cssPropertyType="CL" id="2622" title="Window color - visited" elementType="L" group="U" />
		<row name="Grid_TextColor" description="The color of the grid&apos;s text." cssPropertyType="CL" id="2623" title="Text Color" elementType="G" group="U" />
		<row name="Section_HeaderBackgroundColor" description="The background color in the header a section." cssPropertyType="BGCL" id="2624" title="Header background color" elementType="S" group="U" />
		<row name="Link_GridActiveColor" description="The color of the active hyperlink in the Grid cells." cssPropertyType="CL" id="2625" title="Grid color - active" elementType="L" group="U" />
		<row name="Error_BackgroundColor" description="Background color of the system wide and error messages." cssPropertyType="BGCL" id="2626" title="Error block background color" elementType="Y" group="U" />
		<row name="Window_WorkspaceColor" description="The second background color - color of the workspace area." cssPropertyType="BGCL" id="2627" title="Workspace color" elementType="W" group="U" />
		<row name="Link_SectionVisitedColor" description="The color of the visited hyperlink in the client area of a section." cssPropertyType="CL" id="2629" title="Section color - visited" elementType="L" group="U" />
		<row name="Link_GridVisitedColor" description="The color of the visited hyperlink in the Grid cells." cssPropertyType="CL" id="2630" title="Grid color - visited" elementType="L" group="U" />
		<row name="Phase_CompletedAheadBackgroundColor" description="" cssPropertyType="BGCL" id="2631" title="Completed ahead background color" elementType="F" group="U" />
		<row name="Phase_InspectionNextBackgroundColor" description="" cssPropertyType="BGCL" id="2632" title="Inspection next background color" elementType="F" group="U" />
		<row name="Control_TextColor" description="" cssPropertyType="CL" id="2633" title="Normal text color" elementType="C" group="U" />
		<row name="Button_PressedTextColor" description="The text color of the pressed button." cssPropertyType="CL" id="2634" title="Pressed text color" elementType="B" group="U" />
		<row name="Grid_LineColor" description="The color of the grid lines." cssPropertyType="BRCL" id="2635" title="Grid line color" elementType="G" group="U" />
		<row name="Button_TextColor" description="The color of the enabled button text." cssPropertyType="CL" id="2636" title="Enabled text color" elementType="B" group="U" />
		<row name="Button_DisabledBorderColor" description="The color of the border of the disabled button." cssPropertyType="BRCL" id="2637" title="Disabled border color" elementType="B" group="U" />
		<row name="Control_DisabledBorderColor" description="" cssPropertyType="BRCL" id="2638" title="Disabled border color" elementType="C" group="U" />
		<row name="Button_BorderRadius" description="Button border radius." cssPropertyType="BRRD" id="2639" title="Border radius" elementType="B" group="U" />
		<row name="Phase_TerminalActiveTextColor" description="" cssPropertyType="CL" id="2640" title="Terminal active text color" elementType="F" group="U" />
		<row name="Toolbar_AltTextColor" description="The variation of the text color of the toolbar." cssPropertyType="CL" id="2641" title="Toolbar alternative text color" elementType="T" group="U" />
		<row name="Link_GridColor" description="The color of the hyperlink in the Grid cells." cssPropertyType="CL" id="2642" title="Grid color" elementType="L" group="U" />
		<row name="Link_SectionColor" description="The color of the hyperlink in the client area of a section." cssPropertyType="CL" id="2643" title="Section color" elementType="L" group="U" />
		<row name="Phase_InspectionActiveBackgroundColor" description="" cssPropertyType="BGCL" id="2644" title="Inspection active background color" elementType="F" group="U" />
		<row name="Section_TextColor" description="The color of the text in the section&apos;s workspace area." cssPropertyType="CL" id="2647" title="Text color" elementType="S" group="U" />
		<row name="Button_DisabledTextColor" description="The color of the text of the disabled button." cssPropertyType="CL" id="2648" title="Disabled text color" elementType="B" group="U" />
		<row name="Phase_ReworkNextTextColor" description="" cssPropertyType="CL" id="2649" title="Rework next text color" elementType="F" group="U" />
		<row name="Chat_AcceptedTextColor" description="The accepted text color in the chat." cssPropertyType="CL" id="2650" title="Accepted text color" elementType="H" group="U" />
		<row name="Grid_HeaderBackgroundColor" description="The background color of the grid header row." cssPropertyType="BGCL" id="2651" title="Header background color" elementType="G" group="U" />
		<row name="Phase_InspectionPassedBackgroundColor" description="" cssPropertyType="BGCL" id="2652" title="Inspection passed background color" elementType="F" group="U" />
		<row name="Phase_ReworkAheadBackgroundColor" description="" cssPropertyType="BGCL" id="2653" title="Rework ahead background color" elementType="F" group="U" />
		<row name="Chat_UploadedFileTextColor" description="The uploaded file text color in the chat." cssPropertyType="CL" id="2654" title="Uploaded file text color" elementType="H" group="U" />
		<row name="Grid_OddRowColor" description="" cssPropertyType="BGCL" id="2655" title="Odd row background color" elementType="G" group="U" />
		<row name="Phase_AnnotationPassedTextColor" description="" cssPropertyType="CL" id="2656" title="Annotation passed text color" elementType="F" group="U" />
		<row name="Phase_TerminalActiveBackgroundColor" description="" cssPropertyType="BGCL" id="2657" title="Terminal active background color" elementType="F" group="U" />
		<row name="Control_DisabledTextColor" description="" cssPropertyType="CL" id="2658" title="Disabled text color" elementType="C" group="U" />
		<row name="Section_HeaderTextColor" description="The color of the text in the section&apos;s header." cssPropertyType="CL" id="2659" title="Header text color" elementType="S" group="U" />
		<row name="Chat_ExternalDefectBackgroundColor" description="The external defect form background color." cssPropertyType="BGCL" id="2660" title="External defect form background color" elementType="H" group="U" />
		<row name="Button_BackgroundColor" description="The background color of the enabled button." cssPropertyType="BGCL" id="2661" title="Enabled background color" elementType="B" group="U" />
		<row name="Grid_HeaderTextColor" description="The text color of the grid header row." cssPropertyType="CL" id="2662" title="Header text color" elementType="G" group="U" />
		<row name="Chat_BalloonUnreadBackgroundColor" description="The background color in the unread balloon a chat." cssPropertyType="BGCL" id="2663" title="Balloon unread background color" elementType="H" group="U" />
		<row name="Link_GridHoverColor" description="The color of the hovered hyperlink in the Grid cells." cssPropertyType="CL" id="2664" title="Grid color - hover" elementType="L" group="U" />
		<row name="Control_SelectionBackgroundColor" description="Background color of the selected item in the list controls." cssPropertyType="BGCL" id="2665" title="Selection background color" elementType="C" group="U" />
		<row name="Chat_ExternalDefectTextColor" description="The external marked defect text color in the chat." cssPropertyType="CL" id="2666" title="External defect text color" elementType="H" group="U" />
		<row name="Window_BackgroundColor" description="The background color in the client area of a window." cssPropertyType="BGCL" id="2667" title="Background color" elementType="W" group="U" />
		<row name="Chat_BalloonUnreadDisabledTextColor" description="The text color in the unread disabled balloon a chat." cssPropertyType="CL" id="2668" title="Balloon unread disabled text color" elementType="H" group="U" />
		<row name="Control_MouseOverBorderColor" description="" cssPropertyType="BRCL" id="2669" title="Hover border color" elementType="C" group="U" />
		<row name="Button_MouseOverBorderColor" description="The color of the border of the hovered button." cssPropertyType="BRCL" id="2670" title="Hover border color" elementType="B" group="U" />
		<row name="Button_PressedBackgroundColor" description="The background color of the pressed button." cssPropertyType="BGCL" id="2671" title="Pressed background color" elementType="B" group="U" />
		<row name="Toolbar_TextColor" description="The text color of the toolbar." cssPropertyType="CL" id="2672" title="Toolbar text color" elementType="T" group="U" />
		<row name="Chat_SignedTextColor" description="The signed text color in the chat." cssPropertyType="CL" id="2674" title="Signed text color" elementType="H" group="U" />
		<row name="Phase_AnnotationNextTextColor" description="" cssPropertyType="CL" id="2675" title="Annotation next text color" elementType="F" group="U" />
		<row name="Grid_BackgroundColor" description="The background color of the grid&apos;s free space." cssPropertyType="BGCL" id="2676" title="Background color" elementType="G" group="U" />
		<row name="Button_DisabledBackgroundColor" description="The background color of the disabled button." cssPropertyType="BGCL" id="2677" title="Disabled background color" elementType="B" group="U" />
		<row name="Chat_OpenedDefectTextColor" description="The opened defect text color in the chat." cssPropertyType="CL" id="2678" title="Opened defect text color" elementType="H" group="U" />
		<row name="Control_BackgroundColor" description="The background color of the control." cssPropertyType="BGCL" id="2679" title="Normal background color" elementType="C" group="U" />
		<row name="Phase_PlanningActiveTextColor" description="" cssPropertyType="CL" id="2680" title="Planning active text color" elementType="F" group="U" />
		<row name="Phase_AnnotationActiveTextColor" description="" cssPropertyType="CL" id="2681" title="Annotation active text color" elementType="F" group="U" />
		<row name="Chat_OpenedDefectBorderColor" description="The opened defect form border color." cssPropertyType="BRCL" id="2682" title="Opened defect form border color" elementType="H" group="U" />
		<row name="Phase_ReworkActiveTextColor" description="" cssPropertyType="CL" id="2683" title="Rework active text color" elementType="F" group="U" />
		<row name="Section_BorderColor" description="The color of the section border." cssPropertyType="BRCL" id="2684" title="Border color" elementType="S" group="U" />
		<row name="Link_WindowActiveColor" description="The color of the active hyperlink in the client area of a window." cssPropertyType="CL" id="2685" title="Window color - active" elementType="L" group="U" />
		<row name="Chat_ExternalDefectBorderColor" description="The external defect form border color." cssPropertyType="BRCL" id="2686" title="External defect form border color" elementType="H" group="U" />
		<row name="Phase_AnnotationPassedBackgroundColor" description="" cssPropertyType="BGCL" id="2687" title="Annotation passed background color" elementType="F" group="U" />
		<row name="Control_PressedBorderColor" description="" cssPropertyType="BRCL" id="2688" title="Pressed (focused) border color" elementType="C" group="U" />
		<row name="Chat_FixedDefectBorderColor" description="The fixed defect form border color." cssPropertyType="BRCL" id="2689" title="Fixed defect form border color" elementType="H" group="U" />
		<row name="Control_MouseOverTextColor" description="" cssPropertyType="CL" id="2690" title="Hover text color" elementType="C" group="U" />
		<row name="Chat_MovedTextColor" description="The moved text color in the chat." cssPropertyType="CL" id="2691" title="Moved text color" elementType="H" group="U" />
		<row name="Window_TextDescriptionColor" description="The color of the description text in the client area of a window." cssPropertyType="CL" id="2692" title="Text description color" elementType="W" group="U" />
		<row name="Chat_CheckedChecklistItemTextColor" description="The checked checklist item text color in the chat." cssPropertyType="CL" id="2693" title="Checked checklist item text color" elementType="H" group="U" />
		<row name="Chat_UncheckedChecklistItemTextColor" description="The unchecked checklist item text color in the chat." cssPropertyType="CL" id="2694" title="Unchecked checklist item text color" elementType="H" group="U" />
		<row name="Chat_BalloonBorderColor" description="The border color of the balloon a chat." cssPropertyType="BRCL" id="2695" title="Balloon border color" elementType="H" group="U" />
		<row name="Link_GridVisitedTextDecoration" description="Specifies the appearance of decorative lines used on the visited hyperlink in the Grid cells. " cssPropertyType="TXTD" id="2696" title="Grid text decoration - visited" elementType="L" group="U" />
		<row name="Link_SectionActiveColor" description="The color of the active hyperlink in the client area of a section." cssPropertyType="CL" id="2697" title="Section color - active" elementType="L" group="U" />
		<row name="Button_PressedBorderColor" description="The border color of the pressed button." cssPropertyType="BRCL" id="2698" title="Pressed border color" elementType="B" group="U" />
		<row name="Chat_BalloonUnreadBorderColor" description="The border color in the unread balloon a chat." cssPropertyType="BRCL" id="2699" title="Balloon unread border color" elementType="H" group="U" />
		<row name="Link_GridTextDecoration" description="Specifies the appearance of decorative lines used on the hyperlink in the Grid cells. " cssPropertyType="TXTD" id="2700" title="Grid text decoration" elementType="L" group="U" />
		<row name="Link_GridHoverTransition" description="Specifies the transition properties for the hovered hyperlink in the Grid cells." cssPropertyType="TRNS" id="2701" title="Grid transition - hover" elementType="L" group="U" />
		<row name="Link_GridActiveTransition" description="Specifies the transition properties for the active hyperlink in the Grid cells." cssPropertyType="TRNS" id="2702" title="Grid transition - active" elementType="L" group="U" />
		<row name="Control_DisabledBackgroundColor" description="The background color of the disabled control." cssPropertyType="BGCL" id="2703" title="Disabled background color" elementType="C" group="U" />
		<row name="Button_BorderColor" description="The color of the button&apos;s border." cssPropertyType="BRCL" id="2704" title="Enabled border color" elementType="B" group="U" />
		<row name="Button_MouseOverTextColor" description="The color of the text of the hovered button." cssPropertyType="CL" id="2705" title="Hover text color" elementType="B" group="U" />
		<row name="Phase_CompletedActiveTextColor" description="" cssPropertyType="CL" id="2706" title="Completed active text color" elementType="F" group="U" />
		<row name="Control_PressedTextColor" description="" cssPropertyType="CL" id="2707" title="Pressed (focused) text color" elementType="C" group="U" />
		<row name="Phase_CompletedActiveBackgroundColor" description="" cssPropertyType="BGCL" id="2708" title="Completed active background color" elementType="F" group="U" />
		<row name="Toolbar_BackgroundColor" description="The background color of the toolbar." cssPropertyType="BGCL" id="2709" title="Toolbar background color" elementType="T" group="U" />
		<row name="Chat_FixedDefectBackgroundColor" description="The fixed defect form background color." cssPropertyType="BGCL" id="2710" title="Fixed defect form background color" elementType="H" group="U" />
		<row name="Phase_PlanningPassedTextColor" description="" cssPropertyType="CL" id="2711" title="Planning passed text color" elementType="F" group="U" />
		<row name="Toolbar_HighlightTextColor" description="The text color of the special highlighted element." cssPropertyType="CL" id="2712" title="Highlighted text color" elementType="T" group="U" />
		<row name="Error_BorderColor" description="Border color of the system wide and error messages." cssPropertyType="BRCL" id="2713" title="Error block border color" elementType="Y" group="U" />
		<row name="Chat_BalloonDisabledTextColor" description="The disabled text color of the balloon a chat." cssPropertyType="CL" id="2714" title="Balloon disabled text color" elementType="H" group="U" />
		<row name="Chat_RemovedFileTextColor" description="The removed file text color in the chat." cssPropertyType="CL" id="2715" title="Removed file text color" elementType="H" group="U" />
		<row name="Toolbar_HighlightBackgroundColor" description="The color or background of the special highlighted element." cssPropertyType="BGCL" id="2716" title="Highlighted background color" elementType="T" group="U" />
		<row name="Chat_DeclinedToSignTextColor" description="The declined to sign text color in the chat." cssPropertyType="CL" id="2717" title="Declined to sign text color" elementType="H" group="U" />
		<row name="Link_GridTransition" description="Specifies the transition properties for the hyperlink in the Grid cells." cssPropertyType="TRNS" id="2718" title="Grid transition" elementType="L" group="U" />
		<row name="Phase_ReworkPassedTextColor" description="" cssPropertyType="CL" id="2719" title="Rework passed text color" elementType="F" group="U" />
		<row name="Link_WindowColor" description="The color of the hyperlink in the client area of a window." cssPropertyType="CL" id="2720" title="Window color" elementType="L" group="U" />
		<row name="Phase_ReworkActiveBackgroundColor" description="" cssPropertyType="BGCL" id="2721" title="Rework active background color" elementType="F" group="U" />
		<row name="Chat_BalloonUnreadTextColor" description="The text color in the unread balloon a chat." cssPropertyType="CL" id="2722" title="Balloon unread text color" elementType="H" group="U" />
		<row name="Chat_OpenedDefectBackgroundColor" description="The opened defect form background color." cssPropertyType="BGCL" id="2723" title="Opened defect form background color" elementType="H" group="U" />
		<row name="Phase_PlanningPassedBackgroundColor" description="" cssPropertyType="BGCL" id="2724" title="Planning passed background color" elementType="F" group="U" />
		<row name="Phase_SignaturePassedBackgroundColor" description="" cssPropertyType="BGCL" id="2725" title="Signature passed background color" elementType="F" group="U" />
		<row name="Window_WorkspaceTextColor" description="The color of the text in the workspace area of a window." cssPropertyType="CL" id="2726" title="Workspace text color" elementType="W" group="U" />
		<row name="Control_MouseOverBackgroundColor" description="" cssPropertyType="BGCL" id="2727" title="Hover background color" elementType="C" group="U" />
		<row name="Grid_EvenRowColor" description="" cssPropertyType="BGCL" id="2728" title="Even row background color" elementType="G" group="U" />
		<row name="Phase_InspectionActiveTextColor" description="" cssPropertyType="CL" id="2729" title="Inspection active text color" elementType="F" group="U" />
		<row name="Phase_SignatureActiveBackgroundColor" description="" cssPropertyType="BGCL" id="2730" title="Signature active background color" elementType="F" group="U" />
		<row name="Phase_PlanningActiveBackgroundColor" description="" cssPropertyType="BGCL" id="2731" title="Planning active background color" elementType="F" group="U" />
		<row name="Phase_SignatureActiveTextColor" description="" cssPropertyType="CL" id="2732" title="Signature active text color" elementType="F" group="U" />
		<row name="Link_GridHoverTextDecoration" description="Specifies the appearance of decorative lines used on the hovered hyperlink in the Grid cells. " cssPropertyType="TXTD" id="2733" title="Grid text decoration - hover" elementType="L" group="U" />
		<row name="Phase_SignaturePassedTextColor" description="" cssPropertyType="CL" id="2734" title="Signature passed text color" elementType="F" group="U" />
		<row name="Button_MouseOverBackgroundColor" description="The background color of the hovered button." cssPropertyType="BGCL" id="2735" title="Hover background color" elementType="B" group="U" />
		<row name="Control_SelectionTextColor" description="Text color of the selected item in the list controls." cssPropertyType="CL" id="2736" title="Selection text color" elementType="C" group="U" />
		<row name="Section_BackgroundColor" description="The color of the section&apos;s workspace area." cssPropertyType="BGCL" id="2737" title="Background color" elementType="S" group="U" />
		<row name="Chat_CreatedDefectTextColor" description="The created defect text color in the chat." cssPropertyType="CL" id="2740" title="Created defect text color" elementType="H" group="U" />
		<row name="Phase_AnnotationNextBackgroundColor" description="" cssPropertyType="BGCL" id="2741" title="Annotation next background color" elementType="F" group="U" />
		<row name="Chat_NotExternalDefectTextColor" description="The not external marked defect text color in the chat." cssPropertyType="CL" id="2742" title="Not external defect text color" elementType="H" group="U" />
		<row name="Phase_CompletedAheadTextColor" description="" cssPropertyType="CL" id="2743" title="Completed ahead text color" elementType="F" group="U" />
		<row name="Phase_ReworkPassedBackgroundColor" description="" cssPropertyType="BGCL" id="2744" title="Rework passed background color" elementType="F" group="U" />
		<row name="Link_SectionHoverColor" description="The color of the hovered hyperlink in the client area of a section." cssPropertyType="CL" id="2745" title="Section color - hover" elementType="L" group="U" />
		<row name="Control_PressedBackgroundColor" description="" cssPropertyType="BGCL" id="2746" title="Pressed (focused) background color" elementType="C" group="U" />
		<row name="Chat_FixedDefectTextColor" description="The fixed defect text color in the chat." cssPropertyType="CL" id="2747" title="Fixed defect text color" elementType="H" group="U" />
		<row name="Control_BorderColor" description="" cssPropertyType="BRCL" id="2749" title="Normal border color" elementType="C" group="U" />
		<row name="Phase_ReworkNextBackgroundColor" description="" cssPropertyType="BGCL" id="2750" title="Rework next background color" elementType="F" group="U" />
		<row name="Link_GridActiveTextDecoration" description="Specifies the appearance of decorative lines used on the acrive hyperlink in the Grid cells. " cssPropertyType="TXTD" id="2751" title="Grid text decoration - active" elementType="L" group="U" />
		<row name="Phase_ReworkAheadTextColor" description="" cssPropertyType="CL" id="2752" title="Rework ahead text color" elementType="F" group="U" />
		<row name="Link_WindowHoverColor" description="The color of the hovered hyperlink in the client area of a window." cssPropertyType="CL" id="2753" title="Window color - hover" elementType="L" group="U" />
		<row name="Phase_InspectionPassedTextColor" description="" cssPropertyType="CL" id="2754" title="Inspection passed text color" elementType="F" group="U" />
		<row name="Phase_SignatureAheadTextColor" description="" cssPropertyType="CL" id="2755" title="Signature ahead text color" elementType="F" group="U" />
		<row name="Metrics_BackgroundColor" description="Background color of the metrics block on the Review General Info section." cssPropertyType="BGCL" id="2756" title="Metrics block background color" elementType="Y" group="U" />
		<row name="Footer_HoverTextColor" description="Color of the text under mouse on the footer bar." cssPropertyType="CL" id="2757" title="Footer hovered text color" elementType="Y" group="U" />
		<row name="Metrics_BorderColor" description="Border color of the metrics block on the Review General Info section." cssPropertyType="BRCL" id="2758" title="Metrics block border color" elementType="Y" group="U" />
		<row name="Dialog_CaptionBackgroundColor" description="The background color of the popup dialog title bar." cssPropertyType="BGCL" id="2759" title="Dialog caption background color" elementType="W" group="U" />
		<row name="Dialog_CaptionTextColor" description="The color of the text in popup dialog&apos;s title bar." cssPropertyType="CL" id="2760" title="Dialog caption text color" elementType="W" group="U" />
		<row name="Metrics_TextColor" description="Text color of the metrics block on the Review General Info section." cssPropertyType="CL" id="2761" title="Metrics block text color" elementType="Y" group="U" />
		<row name="Dialog_ButtonsTextColor" description="The color of the text in the buttons area of a popup dialog." cssPropertyType="CL" id="2762" title="Dialog buttons area text color" elementType="W" group="U" />
		<row name="Footer_TextColor" description="Color of the text on the footer bar." cssPropertyType="CL" id="2763" title="Footer text color" elementType="Y" group="U" />
		<row name="Dialog_TextColor" description="The color of the text in the client area of a popup dialog." cssPropertyType="CL" id="2764" title="Dialog text color" elementType="W" group="U" />
		<row name="Dialog_BackgroundColor" description="The background color in the client area of a popup dialog." cssPropertyType="BGCL" id="2765" title="Dialog background color" elementType="W" group="U" />
		<row name="Dialog_FrameColor" description="The color of a popup dialog&apos;s frame." cssPropertyType="BRCL" id="2766" title="Dialog frame color" elementType="W" group="U" />
		<row name="Dialog_ButtonsBackgroundColor" description="The background color in the buttons area of a popup dialog." cssPropertyType="BGCL" id="2767" title="Dialog buttons area background color" elementType="W" group="U" />
		<row name="Footer_BackgroundColor" description="Background color of the footer bar." cssPropertyType="BGCL" id="2768" title="Footer background color" elementType="Y" group="U" />
		<row name="Dialog_ButtonsHoverTextColor" description="The color of the hovered text (hyperlink) in the buttons area of a popup dialog." cssPropertyType="CL" id="2769" title="Dialog buttons area hovered text (hyperlink) color" elementType="W" group="U" />
		<row name="Toolbar_ToggleButtonOpacity" description="Opacity for toolbar toggle button." cssPropertyType="OPTY" id="2770" title="Toolbar toggle button opacity" elementType="Y" group="U" />
		<row name="Toolbar_ToggleButtonBackgroundColor" description="Background color of toolbar toggle button." cssPropertyType="BGCL" id="2771" title="Toolbar toggle button background color" elementType="Y" group="U" />
		<row name="Toolbar_ToggleButtonColor" description="Foreground color of toolbar toggle button." cssPropertyType="CL" id="2772" title="Toolbar toggle button foreground color" elementType="Y" group="U" />
		<row name="Toolbar_PagerToolbarItemStrokeOffset" description="The horizontal offset of the selected item&apos;s stroke on the pager toolbar." cssPropertyType="MRGN" id="2773" title="Pager toolbar selected item stroke offset" elementType="T" group="U" />
		<row name="Phase_ItemGap" description="The extra space between phase items. Minimum value depends on arrow spike width." cssPropertyType="MRGN" id="2774" title="Phase item gap" elementType="F" group="U" />
		<row name="Toolbar_PagerToolbarHeight" description="The desired height of the pager toolbar." cssPropertyType="HGHT" id="2775" title="Pager toolbar height" elementType="T" group="U" />
		<row name="Toolbar_ActionToolbarHeight" description="The desired height of the actions toolbar." cssPropertyType="HGHT" id="2776" title="Actions toolbar height" elementType="T" group="U" />
		<row name="Toolbar_PagerToolbarItemGap" description="The space between pager toolbar items." cssPropertyType="MRGN" id="2777" title="Pager toolbar item gap" elementType="T" group="U" />
		<row name="Toolbar_PagerToolbarItemStrokeHeight" description="The height of the selected item&apos;s stroke on the pager toolbar." cssPropertyType="HGHT" id="2778" title="Pager toolbar selected item stroke height" elementType="T" group="U" />
		<row name="Phase_ChiselSpikeWidth" description="Length of the chisel like spike or tail." cssPropertyType="WDTH" id="2779" title="Phase item chisel spike or tail width" elementType="F" group="U" />
		<row name="Toolbar_PagerToolbarFontSize" description="The size of the font used on the pager toolbar." cssPropertyType="FSZ" id="2780" title="Pager toolbar font size" elementType="T" group="U" />
		<row name="Phase_ItemWidth" description="The width of the phase item." cssPropertyType="WDTH" id="2781" title="Phase item width" elementType="F" group="U" />
		<row name="Phase_ItemHeight" description="The height of the phase item." cssPropertyType="HGHT" id="2782" title="Phase item height" elementType="F" group="U" />
		<row name="Toolbar_ReviewTitleFontSize" description="The size of the font used for the review title." cssPropertyType="FSZ" id="2783" title="Review title font size" elementType="T" group="U" />
		<row name="Phase_ArrowSpikeWidth" description="Length of the classic arrow spike or tail." cssPropertyType="WDTH" id="2784" title="Phase item arrow spike or tail width" elementType="F" group="U" />
		<row name="Toolbar_ActionToolbarFontSize" description="The size of the font used on the actions toolbar." cssPropertyType="FSZ" id="2785" title="Actions toolbar font size" elementType="T" group="U" />
		<row name="Link_ToolbarColor" description="The color of the hyperlink on the toolbar." cssPropertyType="CL" id="2786" title="Toolbar color" elementType="L" group="U" />
		<row name="Link_ToolbarVisitedColor" description="The color of the visited hyperlink on the toolbar." cssPropertyType="CL" id="2787" title="Toolbar color - visited" elementType="L" group="U" />
		<row name="Link_DialogVisitedColor" description="The color of the visited hyperlink in the client area of a dialog." cssPropertyType="CL" id="2788" title="Dialog color - visited" elementType="L" group="U" />
		<row name="Link_DialogColor" description="The color of the hyperlink in the client area of a dialog." cssPropertyType="CL" id="2789" title="Dialog color" elementType="L" group="U" />
		<row name="Link_ToolbarActiveColor" description="The color of the active hyperlink on the toolbar." cssPropertyType="CL" id="2790" title="Toolbar color - active" elementType="L" group="U" />
		<row name="Link_DialogActiveColor" description="The color of the active hyperlink in the client area of a dialog." cssPropertyType="CL" id="2791" title="Dialog color - active" elementType="L" group="U" />
		<row name="Link_ToolbarHoverColor" description="The color of the hovered hyperlink on the toolbar." cssPropertyType="CL" id="2792" title="Toolbar color - hover" elementType="L" group="U" />
		<row name="Link_DialogHoverColor" description="The color of the hovered hyperlink in the client area of a dialog." cssPropertyType="CL" id="2793" title="Dialog color - hover" elementType="L" group="U" />
		<row name="Phase_WaitTextColor" description="" cssPropertyType="CL" id="2794" title="Wait text color" elementType="F" group="U" />
		<row name="Workspace_SidesMargin" description="Workspace left and right margin." cssPropertyType="MRGN" id="2795" title="Workspace sides margin" elementType="Y" group="U" />
		<row name="Workspace_SectionGap" description="A gap between sections in the Review Overview workspace area." cssPropertyType="MRGN" id="2796" title="Workspace section gap" elementType="Y" group="U" />
		<row name="Chat_DefectsBorderOpacityValue" description="The defects forms border opacity value(0 - invisible, 1 - full visible)." cssPropertyType="OPTY" id="2797" title="Defects forms border opacity value" elementType="H" group="U" />
		<row name="Toolbar_PopupSelectionBackgroundColor" description="Background color of the selected item of the dropdown menu or popup." cssPropertyType="BGCL" id="2798" title="Dropdown menu selection background color" elementType="T" group="U" />
		<row name="Toolbar_PopupTextColor" description="The text color of the menu item." cssPropertyType="CL" id="2799" title="Dropdown menu items text color" elementType="T" group="U" />
		<row name="Toolbar_PopupBackgroundColor" description="The background color of the popup menu or dropdown list." cssPropertyType="BGCL" id="2800" title="Dropdown menu background color" elementType="T" group="U" />
		<row name="Toolbar_PopupSelectionTextColor" description="Text color of the selected item of the dropdown menu or popup." cssPropertyType="CL" id="2801" title="Dropdown menu selection text color" elementType="T" group="U" />
		<row name="Tab_MouseOverBackgroundColor" description="The background color of the hovered tab." cssPropertyType="BGCL" id="2802" title="Tab hover background color" elementType="W" group="U" />
		<row name="Tab_InactiveTextColor" description="The color of the text of an inactive tab." cssPropertyType="CL" id="2803" title="Tab inactive text color" elementType="W" group="U" />
		<row name="Tab_MouseOverTextColor" description="The color of the text of the hovered tab." cssPropertyType="CL" id="2804" title="Tab hover text color" elementType="W" group="U" />
		<row name="Tab_BackgroundColor" description="The background color of the active tab." cssPropertyType="BGCL" id="2805" title="Tab background color" elementType="W" group="U" />
		<row name="Tab_FrameColor" description="The color of the active tab&apos;s border." cssPropertyType="BRCL" id="2806" title="Tab border color" elementType="W" group="U" />
		<row name="Tab_InactiveBackgroundColor" description="The background color of an inactive tab." cssPropertyType="BGCL" id="2807" title="Tab inactive background color" elementType="W" group="U" />
		<row name="Tab_InactiveFrameColor" description="The color of an inactive tab&apos;s border." cssPropertyType="BRCL" id="2808" title="Tab inactive border color" elementType="W" group="U" />
		<row name="Tab_TextColor" description="The color of the text of the active tab." cssPropertyType="CL" id="2809" title="Tab text color" elementType="W" group="U" />
		<row name="Highlighting_InnerDeletedBorderColor" description="The border color of the inner deleted content." cssPropertyType="BRCL" id="2810" title="Inner deleted border color" elementType="I" group="U" />
		<row name="Highlighting_AddedBackgroundColor" description="The background color of the added content." cssPropertyType="BGCL" id="2811" title="Added background color" elementType="I" group="U" />
		<row name="Highlighting_InnerChangedBackgroundColor" description="The background color of the inner changed content." cssPropertyType="BGCL" id="2812" title="Inner changed background color" elementType="I" group="U" />
		<row name="Highlighting_TextColor" description="The color of the diff viewer text." cssPropertyType="CL" id="2814" title="Text Color" elementType="I" group="U" />
		<row name="Highlighting_InnerChangedBorderColor" description="The border color of the inner changed content." cssPropertyType="BRCL" id="2815" title="Inner changed border color" elementType="I" group="U" />
		<row name="Highlighting_InnerAddedBackgroundColor" description="The background color of the inner added content." cssPropertyType="BGCL" id="2817" title="Inner added background color" elementType="I" group="U" />
		<row name="Highlighting_BackgroundColor" description="The background color of the diff viewer." cssPropertyType="BGCL" id="2818" title="Background color" elementType="I" group="U" />
		<row name="Highlighting_DeletedBorderColor" description="The border color of the deleted content." cssPropertyType="BRCL" id="2819" title="Deleted border color" elementType="I" group="U" />
		<row name="Highlighting_ChangedBackgroundColor" description="The background color of the changed content." cssPropertyType="BGCL" id="2820" title="Changed background color" elementType="I" group="U" />
		<row name="Highlighting_InnerAddedBorderColor" description="The border color of the inner added content." cssPropertyType="BRCL" id="2821" title="Inner added border color" elementType="I" group="U" />
		<row name="Highlighting_LineNumberBorderColor" description="The border color of the line number column." cssPropertyType="BRCL" id="2822" title="Line number border color" elementType="I" group="U" />
		<row name="Highlighting_InnerDeletedBackgroundColor" description="The background color of the inner deleted content." cssPropertyType="BGCL" id="2823" title="Inner deleted background color" elementType="I" group="U" />
		<row name="Highlighting_MarginBackgroundColor" description="The background color of the margin column." cssPropertyType="BGCL" id="2824" title="Margin background color" elementType="I" group="U" />
		<row name="Highlighting_LineNumberBackgroundColor" description="The background color of the line number column." cssPropertyType="BGCL" id="2825" title="Line number background color" elementType="I" group="U" />
		<row name="Highlighting_ChangedBorderColor" description="The border color of the changed content." cssPropertyType="BRCL" id="2826" title="Changed border color" elementType="I" group="U" />
		<row name="Highlighting_LineNumberTextColor" description="The text color of the line number column." cssPropertyType="CL" id="2827" title="Line number text color" elementType="I" group="U" />
		<row name="Highlighting_DeletedBackgroundColor" description="The background color of the deleted content." cssPropertyType="BGCL" id="2828" title="Deleted background color" elementType="I" group="U" />
		<row name="Highlighting_AddedBorderColor" description="The border color of the added content." cssPropertyType="BRCL" id="2829" title="Added border color" elementType="I" group="U" />
		<row name="Highlighting_SelectedLineOutlineWidth" description="The width the selected line width." cssPropertyType="WDTH" id="2830" title="Selected line outline width" elementType="I" group="U" />
		<row name="Highlighting_CodeKeywordFontWeight" description="The font weight of the keyword." cssPropertyType="FWHT" id="2831" title="Font weight of the keyword" elementType="I" group="U" />
		<row name="Highlighting_SelectedLineNumberTextColor" description="The text color of the selected line number." cssPropertyType="CL" id="2832" title="Selected line number text color" elementType="I" group="U" />
		<row name="Highlighting_CodeCommentTextColor" description="The text color of the comment." cssPropertyType="CL" id="2833" title="Color of the comment" elementType="I" group="U" />
		<row name="Highlighting_CodeFunctionTextColor" description="The text color of the function." cssPropertyType="CL" id="2834" title="Color of the function" elementType="I" group="U" />
		<row name="Highlighting_SelectedLineOutlineColor" description="The color of the selected line outline." cssPropertyType="BRCL" id="2835" title="Selected line outline color" elementType="I" group="U" />
		<row name="Highlighting_CodeConstantTextColor" description="The text color of the constant." cssPropertyType="CL" id="2836" title="Color of the constant" elementType="I" group="U" />
		<row name="Highlighting_CodeFunctionFontWeight" description="The font weight of the function." cssPropertyType="FWHT" id="2837" title="Font weight of the function" elementType="I" group="U" />
		<row name="Highlighting_InnerBorderWidth" description="The border color of the inner changed content." cssPropertyType="WDTH" id="2838" title="Inner change border width" elementType="I" group="U" />
		<row name="Highlighting_CodeKeywordTextColor" description="The text color of the keyword." cssPropertyType="CL" id="2839" title="Color of the keyword" elementType="I" group="U" />
		<row name="Toolbar_ButtonMouseOverBorderColor" description="The border color of the toolbar button under mouse cursor." cssPropertyType="CL" id="2840" title="Toolbar button hover border color" elementType="T" group="U" />
		<row name="Toolbar_ButtonMouseOverTextColor" description="The text color of the toolbar button under mouse cursor." cssPropertyType="CL" id="2841" title="Toolbar button hover text color" elementType="T" group="U" />
		<row name="Toolbar_ButtonMouseOverBackgroundColor" description="The background color of the toolbar button under mouse cursor." cssPropertyType="BGCL" id="2842" title="Toolbar button hover background color" elementType="T" group="U" />
		<row name="Window_TextDescriptionFontSize" description="The font size of the description text in the client area of the main window." cssPropertyType="FSZ" id="2843" title="Text description font size" elementType="W" group="U" />
		<row name="Warning_BackgroundColor" description="Background color of the system wide and warning messages." cssPropertyType="BGCL" id="2844" title="Warning block background color" elementType="Y" group="U" />
		<row name="Warning_BorderColor" description="Border color of the system wide and warning messages." cssPropertyType="BRCL" id="2845" title="Warning block border color" elementType="Y" group="U" />
		<row name="Warning_TextColor" description="Text color of the system wide and warning messages." cssPropertyType="CL" id="2846" title="Warning block text color" elementType="Y" group="U" />
		<row name="Window_LoginPromptTextColor" description="The color of the login prompt text in the login page." cssPropertyType="CL" id="2847" title="Login prompt text color" elementType="W" group="U" />
	</rows>
</table>