<?xml version="1.1"?>
<table name="com.smartbear.ccollab.datamodel.ReviewTemplateData" nrows="123" ncols="10">
	<columns>
		<column name="roleId" type="int" />
		<column name="active" type="char" />
		<column name="description" type="string" />
		<column name="isRSLEnabled" type="char" />
		<column name="isDefault" type="char" />
		<column name="rejReason" type="char" />
		<column name="name" type="string" />
		<column name="id" type="int" />
		<column name="isCLMandatory" type="char" />
		<column name="checklistId" type="int" />
	</columns>
	<rows>
		<row roleId="1" active="N" description="The default template." isRSLEnabled="Y" isDefault="N" rejReason="Y" name="Default" id="1" isCLMandatory="N" checklistId="0" />
		<row roleId="9" active="N" description="" isRSLEnabled="Y" isDefault="N" rejReason="Y" name="A different template" id="2" isCLMandatory="N" checklistId="0" />
		<row roleId="9" active="N" description="Just testing..." isRSLEnabled="Y" isDefault="N" rejReason="Y" name="Testing template" id="3" isCLMandatory="N" checklistId="0" />
		<row roleId="9" active="N" description="Just testing..." isRSLEnabled="Y" isDefault="N" rejReason="Y" name="Testing template" id="4" isCLMandatory="N" checklistId="0" />
		<row roleId="13" active="N" description="" isRSLEnabled="Y" isDefault="N" rejReason="Y" name="New Template" id="5" isCLMandatory="N" checklistId="0" />
		<row roleId="9" active="N" description="Automatically updated on Tue Aug 20 10:48:29 CDT 2013UTC" isRSLEnabled="Y" isDefault="N" rejReason="Y" name="with checklist" id="6" isCLMandatory="N" checklistId="0" />
		<row roleId="9" active="N" description="but can I rename it?" isRSLEnabled="Y" isDefault="N" rejReason="N" name="Cant edit" id="7" isCLMandatory="N" checklistId="0" />
		<row roleId="9" active="N" description="2nd version with same name but different fields selected" isRSLEnabled="Y" isDefault="N" rejReason="Y" name="Cant edit" id="8" isCLMandatory="N" checklistId="0" />
		<row roleId="9" active="N" description="" isRSLEnabled="Y" isDefault="N" rejReason="N" name="Cant edit" id="9" isCLMandatory="N" checklistId="0" />
		<row roleId="1" active="N" description="The default template." isRSLEnabled="Y" isDefault="N" rejReason="Y" name="Default" id="10" isCLMandatory="N" checklistId="1" />
		<row roleId="9" active="N" description="Automatically updated on Thu Feb 14 15:54:18 CST 2013UTC" isRSLEnabled="Y" isDefault="N" rejReason="N" name="Has DropDown  Series Custom Fileds" id="11" isCLMandatory="N" checklistId="0" />
		<row roleId="9" active="N" description="Automatically updated on Tue Mar 26 14:54:26 CDT 2013UTC" isRSLEnabled="Y" isDefault="N" rejReason="N" name="Has DropDown  Series Custom Fileds" id="12" isCLMandatory="N" checklistId="0" />
		<row roleId="9" active="N" description="Automatically updated on Tue Mar 26 14:58:46 CDT 2013UTC" isRSLEnabled="Y" isDefault="N" rejReason="N" name="Has DropDown  Series Custom Fileds" id="13" isCLMandatory="N" checklistId="0" />
		<row roleId="9" active="N" description="Automatically updated on Tue Mar 26 15:21:26 CDT 2013UTC" isRSLEnabled="Y" isDefault="N" rejReason="N" name="Has DropDown  Series Custom Fileds" id="14" isCLMandatory="N" checklistId="0" />
		<row roleId="9" active="N" description="Automatically updated on Tue Mar 26 15:46:03 CDT 2013UTC" isRSLEnabled="Y" isDefault="N" rejReason="N" name="Has DropDown  Series Custom Fileds" id="15" isCLMandatory="N" checklistId="0" />
		<row roleId="9" active="N" description="Automatically updated on Wed Jun 11 21:45:47 CDT 2014UTC" isRSLEnabled="Y" isDefault="N" rejReason="N" name="Has DropDown  Series Custom Fileds" id="16" isCLMandatory="N" checklistId="0" />
		<row roleId="9" active="N" description="" isRSLEnabled="Y" isDefault="N" rejReason="N" name="Has Invisible Custom Field" id="17" isCLMandatory="N" checklistId="0" />
		<row roleId="1" active="N" description="" isRSLEnabled="Y" isDefault="N" rejReason="N" name="Has Invisible Custom Field 2" id="18" isCLMandatory="N" checklistId="0" />
		<row roleId="9" active="N" description="Mark test" isRSLEnabled="Y" isDefault="N" rejReason="N" name="Mark Test 55" id="19" isCLMandatory="N" checklistId="0" />
		<row roleId="9" active="N" description="" isRSLEnabled="Y" isDefault="N" rejReason="N" name="Test Participant Custom Fields" id="20" isCLMandatory="N" checklistId="0" />
		<row roleId="1" active="N" description="The default template." isRSLEnabled="Y" isDefault="N" rejReason="Y" name="Default" id="21" isCLMandatory="N" checklistId="1" />
		<row roleId="1" active="N" description="The default template." isRSLEnabled="Y" isDefault="N" rejReason="Y" name="Default" id="22" isCLMandatory="N" checklistId="-1" />
		<row roleId="1" active="N" description="The default template." isRSLEnabled="Y" isDefault="N" rejReason="Y" name="Default" id="23" isCLMandatory="N" checklistId="1" />
		<row roleId="9" active="N" description="" isRSLEnabled="Y" isDefault="N" rejReason="Y" name="with checklist" id="24" isCLMandatory="Y" checklistId="1" />
		<row roleId="9" active="N" description="Automatically updated on Fri Aug 23 13:32:05 CDT 2013UTC" isRSLEnabled="Y" isDefault="N" rejReason="N" name="Another with checklist" id="25" isCLMandatory="N" checklistId="3" />
		<row roleId="1" active="N" description="The default template." isRSLEnabled="Y" isDefault="N" rejReason="Y" name="Default" id="26" isCLMandatory="N" checklistId="1" />
		<row roleId="9" active="N" description="Automatically updated on Fri Aug 23 13:35:47 CDT 2013UTC" isRSLEnabled="Y" isDefault="N" rejReason="N" name="Another with checklist" id="27" isCLMandatory="Y" checklistId="3" />
		<row roleId="9" active="N" description="Automatically updated on Fri Aug 23 14:23:35 CDT 2013UTC" isRSLEnabled="Y" isDefault="N" rejReason="N" name="Another with checklist" id="28" isCLMandatory="Y" checklistId="1" />
		<row roleId="9" active="N" description="Automatically updated on Fri Aug 23 14:24:38 CDT 2013UTC" isRSLEnabled="Y" isDefault="N" rejReason="N" name="Another with checklist" id="29" isCLMandatory="Y" checklistId="1" />
		<row roleId="9" active="N" description="Automatically updated on Fri Aug 23 14:26:53 CDT 2013UTC" isRSLEnabled="Y" isDefault="N" rejReason="N" name="Another with checklist" id="30" isCLMandatory="Y" checklistId="1" />
		<row roleId="9" active="N" description="Automatically updated on Fri Aug 23 14:27:16 CDT 2013UTC" isRSLEnabled="Y" isDefault="N" rejReason="N" name="Another with checklist" id="31" isCLMandatory="Y" checklistId="1" />
		<row roleId="9" active="N" description="Automatically updated on Fri Aug 23 14:30:38 CDT 2013UTC" isRSLEnabled="Y" isDefault="N" rejReason="N" name="Another with checklist" id="32" isCLMandatory="Y" checklistId="1" />
		<row roleId="9" active="N" description="Automatically updated on Fri Aug 23 14:31:37 CDT 2013UTC" isRSLEnabled="Y" isDefault="N" rejReason="N" name="Another with checklist" id="33" isCLMandatory="Y" checklistId="1" />
		<row roleId="9" active="N" description="Automatically updated on Fri Aug 23 14:32:34 CDT 2013UTC" isRSLEnabled="Y" isDefault="N" rejReason="N" name="Another with checklist" id="34" isCLMandatory="Y" checklistId="1" />
		<row roleId="9" active="N" description="Automatically updated on Fri Aug 23 14:33:13 CDT 2013UTC" isRSLEnabled="Y" isDefault="N" rejReason="N" name="Another with checklist" id="35" isCLMandatory="Y" checklistId="1" />
		<row roleId="9" active="N" description="Automatically updated on Fri Aug 23 14:33:44 CDT 2013UTC" isRSLEnabled="Y" isDefault="N" rejReason="N" name="Another with checklist" id="36" isCLMandatory="Y" checklistId="1" />
		<row roleId="9" active="N" description="Automatically updated on Fri Aug 23 14:36:06 CDT 2013UTC" isRSLEnabled="Y" isDefault="N" rejReason="N" name="Another with checklist" id="37" isCLMandatory="Y" checklistId="1" />
		<row roleId="9" active="N" description="Automatically updated on Fri Aug 23 14:37:22 CDT 2013UTC" isRSLEnabled="Y" isDefault="N" rejReason="N" name="Another with checklist" id="38" isCLMandatory="Y" checklistId="1" />
		<row roleId="9" active="N" description="" isRSLEnabled="Y" isDefault="N" rejReason="N" name="Another with checklist" id="39" isCLMandatory="Y" checklistId="1" />
		<row roleId="9" active="N" description="" isRSLEnabled="Y" isDefault="N" rejReason="N" name="New Template2" id="40" isCLMandatory="N" checklistId="0" />
		<row roleId="9" active="N" description="Automatically updated on Fri Mar 23 20:59:15 UTC 2018UTC" isRSLEnabled="Y" isDefault="N" rejReason="N" name="Has DropDown  Series Custom Fileds" id="41" isCLMandatory="N" checklistId="-1" />
		<row roleId="1" active="N" description="The default template." isRSLEnabled="Y" isDefault="N" rejReason="Y" name="Default" id="42" isCLMandatory="N" checklistId="4" />
		<row roleId="1" active="N" description="The default template.&#13;&#10;The default template." isRSLEnabled="Y" isDefault="N" rejReason="Y" name="Default" id="43" isCLMandatory="N" checklistId="5" />
		<row roleId="1" active="N" description="Automatically updated on Sat Dec 06 18:55:27 CST 2014UTC" isRSLEnabled="Y" isDefault="N" rejReason="N" name="Default Collab Template" id="44" isCLMandatory="N" checklistId="0" />
		<row roleId="1" active="N" description="Automatically updated on Thu May 21 09:39:46 CDT 2015UTC" isRSLEnabled="Y" isDefault="N" rejReason="N" name="Default Collab Template" id="45" isCLMandatory="N" checklistId="-1" />
		<row roleId="5" active="N" description="" isRSLEnabled="Y" isDefault="N" rejReason="N" name="New Template" id="46" isCLMandatory="N" checklistId="0" />
		<row roleId="25" active="N" description="Automatically updated on Tue Mar 17 16:19:34 CDT 2015UTC" isRSLEnabled="Y" isDefault="N" rejReason="N" name="Testing Roles" id="47" isCLMandatory="N" checklistId="0" />
		<row roleId="29" active="N" description="Automatically updated on Thu May 21 10:08:11 CDT 2015UTC" isRSLEnabled="Y" isDefault="N" rejReason="N" name="Testing Roles" id="48" isCLMandatory="N" checklistId="-1" />
		<row roleId="1" active="N" description="Automatically updated on Wed Apr 19 17:46:50 UTC 2017UTC" isRSLEnabled="Y" isDefault="N" rejReason="N" name="Default Collab Template" id="49" isCLMandatory="N" checklistId="-1" />
		<row roleId="25" active="N" description="Automatically updated on Wed Mar 29 17:47:36 UTC 2017UTC" isRSLEnabled="Y" isDefault="N" rejReason="N" name="Testing Roles" id="50" isCLMandatory="N" checklistId="0" />
		<row roleId="1" active="N" description="Automatically updated on Thu May 21 09:39:46 CDT 2015UTC" isRSLEnabled="Y" isDefault="N" rejReason="N" name="Default Collab Template" id="51" isCLMandatory="N" checklistId="-1" />
		<row roleId="9" active="N" description="Automatically updated on Mon May 16 08:33:47 UTC 2016UTC" isRSLEnabled="Y" isDefault="N" rejReason="N" name="A Template For Testing" id="52" isCLMandatory="N" checklistId="0" />
		<row roleId="9" active="N" description="Automatically updated on Wed Aug 15 10:22:30 UTC 2018UTC" isRSLEnabled="Y" isDefault="N" rejReason="N" name="A Template For Testing" id="53" isCLMandatory="N" checklistId="3" />
		<row roleId="1" active="N" description="Automatically updated on Sun Jun 04 13:40:54 UTC 2017UTC" isRSLEnabled="Y" isDefault="N" rejReason="N" name="collab-2461-send-to-complete" id="54" isCLMandatory="N" checklistId="0" />
		<row roleId="37" active="N" description="Automatically updated on Sun Jun 04 13:40:43 UTC 2017UTC" isRSLEnabled="Y" isDefault="N" rejReason="N" name="Testing Roles" id="55" isCLMandatory="N" checklistId="-1" />
		<row roleId="1" active="N" description="Automatically updated on Sun Jun 04 13:41:04 UTC 2017UTC" isRSLEnabled="Y" isDefault="N" rejReason="N" name="Default Collab Teasd" id="56" isCLMandatory="N" checklistId="-1" />
		<row roleId="9" active="N" description="Automatically updated on Fri Sep 08 17:14:09 UTC 2017UTC" isRSLEnabled="Y" isDefault="N" rejReason="N" name="ruhpong_test" id="57" isCLMandatory="N" checklistId="0" />
		<row roleId="37" active="N" description="" isRSLEnabled="Y" isDefault="N" rejReason="Y" name="Testing Roles" id="58" isCLMandatory="N" checklistId="-1" />
		<row roleId="1" active="N" description="" isRSLEnabled="Y" isDefault="N" rejReason="N" name="collab-2461-send-to-complete" id="59" isCLMandatory="N" checklistId="-1" />
		<row roleId="1" active="N" description="" isRSLEnabled="Y" isDefault="N" rejReason="N" name="Default Collab Teasd" id="60" isCLMandatory="N" checklistId="-1" />
		<row roleId="9" active="N" description="Automatically updated on Mon Apr 23 17:30:47 UTC 2018UTC" isRSLEnabled="Y" isDefault="N" rejReason="N" name="New Template" id="61" isCLMandatory="N" checklistId="3" />
		<row roleId="9" active="N" description="" isRSLEnabled="Y" isDefault="N" rejReason="N" name="New Template2" id="62" isCLMandatory="N" checklistId="0" />
		<row roleId="9" active="N" description="" isRSLEnabled="Y" isDefault="N" rejReason="N" name="New Template2" id="63" isCLMandatory="N" checklistId="0" />
		<row roleId="9" active="N" description="Automatically updated on Thu Jul 12 08:33:47 UTC 2018UTC" isRSLEnabled="Y" isDefault="N" rejReason="Y" name="New Template" id="64" isCLMandatory="N" checklistId="0" />
		<row roleId="9" active="N" description="Automatically updated on Mon Feb 19 11:19:45 UTC 2018UTC" isRSLEnabled="Y" isDefault="N" rejReason="N" name="New Template777" id="65" isCLMandatory="N" checklistId="1" />
		<row roleId="1" active="N" description="Automatically updated on Sun Jun 04 16:29:14 UTC 2017UTC" isRSLEnabled="Y" isDefault="N" rejReason="N" name="New Template Origin" id="66" isCLMandatory="N" checklistId="0" />
		<row roleId="1" active="N" description="" isRSLEnabled="Y" isDefault="N" rejReason="N" name="New Template Origin" id="67" isCLMandatory="N" checklistId="-1" />
		<row roleId="1" active="N" description="Automatically updated on Mon Jun 05 13:04:46 UTC 2017UTC" isRSLEnabled="Y" isDefault="N" rejReason="N" name="unique template" id="68" isCLMandatory="N" checklistId="0" />
		<row roleId="1" active="N" description="" isRSLEnabled="Y" isDefault="N" rejReason="N" name="unique template" id="69" isCLMandatory="N" checklistId="-1" />
		<row roleId="9" active="N" description="" isRSLEnabled="Y" isDefault="N" rejReason="N" name="New Template" id="70" isCLMandatory="N" checklistId="0" />
		<row roleId="9" active="N" description="Automatically updated on Mon Jun 05 17:34:54 UTC 2017UTC" isRSLEnabled="Y" isDefault="N" rejReason="N" name="unique template" id="71" isCLMandatory="N" checklistId="0" />
		<row roleId="9" active="N" description="" isRSLEnabled="Y" isDefault="N" rejReason="N" name="unique template" id="72" isCLMandatory="N" checklistId="0" />
		<row roleId="1" active="N" description="The default template.&#13;&#10;The default template." isRSLEnabled="Y" isDefault="N" rejReason="Y" name="Default" id="73" isCLMandatory="N" checklistId="-1" />
		<row roleId="37" active="N" description="" isRSLEnabled="Y" isDefault="N" rejReason="Y" name="Testing Roles" id="74" isCLMandatory="N" checklistId="-1" />
		<row roleId="29" active="N" description="" isRSLEnabled="Y" isDefault="N" rejReason="Y" name="Testing Roles" id="75" isCLMandatory="N" checklistId="-1" />
		<row roleId="1" active="N" description="" isRSLEnabled="Y" isDefault="N" rejReason="N" name="Testing Mandatory On phase_Insp_Rework" id="76" isCLMandatory="N" checklistId="0" />
		<row roleId="41" active="N" description="Template used in the RFP approval process enforced by legal." isRSLEnabled="Y" isDefault="N" rejReason="N" name="SmartBear RFP Template" id="77" isCLMandatory="N" checklistId="0" />
		<row roleId="9" active="N" description="Automatically updated on Tue Feb 27 18:26:29 UTC 2018UTC" isRSLEnabled="Y" isDefault="N" rejReason="N" name="ruhpong_test" id="78" isCLMandatory="N" checklistId="-1" />
		<row roleId="9" active="N" description="" isRSLEnabled="Y" isDefault="N" rejReason="N" name="New Template" id="79" isCLMandatory="N" checklistId="0" />
		<row roleId="1" active="N" description="The default template.&#13;&#10;The default template." isRSLEnabled="Y" isDefault="N" rejReason="Y" name="Default" id="80" isCLMandatory="N" checklistId="-1" />
		<row roleId="1" active="N" description="The default template.&#13;&#10;The default template." isRSLEnabled="Y" isDefault="N" rejReason="Y" name="Default" id="81" isCLMandatory="N" checklistId="-1" />
		<row roleId="1" active="N" description="The default template.&#13;&#10;The default template." isRSLEnabled="Y" isDefault="N" rejReason="Y" name="Default" id="82" isCLMandatory="N" checklistId="0" />
		<row roleId="1" active="N" description="The default template.&#13;&#10;The default template." isRSLEnabled="Y" isDefault="N" rejReason="Y" name="Default" id="83" isCLMandatory="N" checklistId="-1" />
		<row roleId="1" active="N" description="The default template.&#13;&#10;The default template." isRSLEnabled="Y" isDefault="N" rejReason="Y" name="Default" id="84" isCLMandatory="N" checklistId="0" />
		<row roleId="1" active="N" description="" isRSLEnabled="Y" isDefault="N" rejReason="N" name="New Template777" id="85" isCLMandatory="N" checklistId="1" />
		<row roleId="9" active="N" description="Automatically updated on Wed Feb 28 20:39:21 UTC 2018UTC" isRSLEnabled="Y" isDefault="N" rejReason="N" name="ruhpong_test" id="86" isCLMandatory="N" checklistId="-1" />
		<row roleId="5" active="N" description="Automatically updated on Fri Mar 09 14:24:09 UTC 2018UTC" isRSLEnabled="Y" isDefault="N" rejReason="N" name="ruhpong_test" id="87" isCLMandatory="N" checklistId="-1" />
		<row roleId="9" active="N" description="Automatically updated on Fri Mar 02 13:02:00 UTC 2018UTC" isRSLEnabled="Y" isDefault="N" rejReason="N" name="artem test" id="88" isCLMandatory="N" checklistId="0" />
		<row roleId="9" active="N" description="Automatically updated on Mon Mar 05 12:51:45 UTC 2018UTC" isRSLEnabled="Y" isDefault="N" rejReason="N" name="artem test" id="89" isCLMandatory="N" checklistId="0" />
		<row roleId="9" active="N" description="" isRSLEnabled="Y" isDefault="N" rejReason="N" name="artem test" id="90" isCLMandatory="N" checklistId="0" />
		<row roleId="9" active="N" description="" isRSLEnabled="Y" isDefault="N" rejReason="N" name="multi select custom field template" id="91" isCLMandatory="N" checklistId="0" />
		<row roleId="5" active="N" description="Automatically updated on Thu Mar 22 23:18:00 UTC 2018UTC" isRSLEnabled="Y" isDefault="N" rejReason="N" name="ruhpong_test" id="92" isCLMandatory="N" checklistId="-1" />
		<row roleId="5" active="N" description="Automatically updated on Fri Mar 23 06:13:16 UTC 2018UTC" isRSLEnabled="Y" isDefault="N" rejReason="N" name="ruhpong_test" id="93" isCLMandatory="N" checklistId="-1" />
		<row roleId="5" active="N" description="Automatically updated on Tue Mar 27 23:53:29 UTC 2018UTC" isRSLEnabled="Y" isDefault="N" rejReason="N" name="ruhpong_test" id="94" isCLMandatory="N" checklistId="-1" />
		<row roleId="9" active="N" description="" isRSLEnabled="Y" isDefault="N" rejReason="N" name="Has DropDown  Series Custom Fileds" id="95" isCLMandatory="N" checklistId="-1" />
		<row roleId="5" active="N" description="" isRSLEnabled="Y" isDefault="N" rejReason="N" name="ruhpong_test" id="96" isCLMandatory="Y" checklistId="3" />
		<row roleId="9" active="N" description="test1" isRSLEnabled="Y" isDefault="N" rejReason="N" name="test1" id="97" isCLMandatory="N" checklistId="0" />
		<row roleId="1" active="N" description="The default template.&#13;&#10;The default template." isRSLEnabled="Y" isDefault="N" rejReason="Y" name="Default" id="98" isCLMandatory="N" checklistId="-1" />
		<row roleId="1" active="N" description="The default template." isRSLEnabled="Y" isDefault="N" rejReason="Y" name="Default" id="99" isCLMandatory="N" checklistId="-1" />
		<row roleId="1" active="N" description="Automatically updated on Thu May 21 09:39:46 CDT 2015UTC" isRSLEnabled="Y" isDefault="N" rejReason="N" name="Default Collab Template" id="100" isCLMandatory="N" checklistId="-1" />
		<row roleId="1" active="N" description="The default template." isRSLEnabled="Y" isDefault="N" rejReason="Y" name="Default" id="101" isCLMandatory="N" checklistId="-1" />
		<row roleId="1" active="N" description="The default template." isRSLEnabled="Y" isDefault="N" rejReason="Y" name="Default" id="102" isCLMandatory="N" checklistId="-1" />
		<row roleId="1" active="N" description="The default template." isRSLEnabled="Y" isDefault="N" rejReason="Y" name="Default" id="103" isCLMandatory="N" checklistId="-1" />
		<row roleId="29" active="N" description="" isRSLEnabled="Y" isDefault="N" rejReason="N" name="Participant Custom Fields" id="104" isCLMandatory="N" checklistId="0" />
		<row roleId="9" active="N" description="Automatically updated on Sun Nov 04 05:04:02 UTC 2018UTC" isRSLEnabled="Y" isDefault="N" rejReason="N" name="New Template" id="105" isCLMandatory="N" checklistId="3" />
		<row roleId="9" active="N" description="Automatically updated on Wed Feb 28 20:39:21 UTC 2018UTC" isRSLEnabled="Y" isDefault="N" rejReason="N" name="ruhpong_test" id="106" isCLMandatory="N" checklistId="1" />
		<row roleId="5" active="N" description="" isRSLEnabled="Y" isDefault="N" rejReason="Y" name="New Template" id="107" isCLMandatory="N" checklistId="-1" />
		<row roleId="9" active="N" description="Automatically updated on Wed Feb 28 20:39:21 UTC 2018UTC" isRSLEnabled="Y" isDefault="N" rejReason="N" name="ruhpong_test" id="108" isCLMandatory="N" checklistId="6" />
		<row roleId="9" active="N" description="Automatically updated on Wed Feb 28 20:39:21 UTC 2018UTC" isRSLEnabled="Y" isDefault="N" rejReason="N" name="ruhpong_test" id="109" isCLMandatory="N" checklistId="7" />
		<row roleId="9" active="N" description="" isRSLEnabled="Y" isDefault="N" rejReason="N" name="checklist_no_cf" id="110" isCLMandatory="N" checklistId="8" />
		<row roleId="1" active="N" description="" isRSLEnabled="N" isDefault="N" rejReason="N" name="test_link" id="111" isCLMandatory="N" checklistId="0" />
		<row roleId="9" active="N" description="" isRSLEnabled="N" isDefault="N" rejReason="N" name="Test RSL" id="112" isCLMandatory="N" checklistId="0" />
		<row roleId="9" active="N" description="" isRSLEnabled="Y" isDefault="N" rejReason="N" name="Vitaly Template" id="113" isCLMandatory="N" checklistId="0" />
		<row roleId="1" active="N" description="" isRSLEnabled="Y" isDefault="N" rejReason="N" name="SENKIN_TEST" id="114" isCLMandatory="N" checklistId="3" />
		<row roleId="1" active="N" description="Automatically updated on Fri Sep 21 17:10:47 UTC 2018UTC" isRSLEnabled="Y" isDefault="N" rejReason="N" name="JoeBlueTemplate" id="115" isCLMandatory="N" checklistId="0" />
		<row roleId="1" active="N" description="" isRSLEnabled="Y" isDefault="N" rejReason="N" name="JoeBlueTemplate" id="116" isCLMandatory="N" checklistId="-1" />
		<row roleId="45" active="N" description="Automatically updated on Thu Nov 15 15:23:59 UTC 2018UTC" isRSLEnabled="Y" isDefault="N" rejReason="Y" name="Rick&apos;s New Template" id="117" isCLMandatory="Y" checklistId="10" />
		<row roleId="45" active="Y" description="" isRSLEnabled="Y" isDefault="N" rejReason="Y" name="New Feature Workflow" id="118" isCLMandatory="Y" checklistId="10" />
		<row roleId="1" active="N" description="Automatically updated on Mon Nov 26 14:11:27 UTC 2018UTC" isRSLEnabled="Y" isDefault="N" rejReason="Y" name="Maintenance Workflow" id="119" isCLMandatory="N" checklistId="1" />
		<row roleId="9" active="N" description="" isRSLEnabled="Y" isDefault="N" rejReason="N" name="JoeTemplate" id="120" isCLMandatory="N" checklistId="11" />
		<row roleId="49" active="N" description="Automatically updated on Tue Nov 27 10:28:08 UTC 2018UTC" isRSLEnabled="Y" isDefault="N" rejReason="Y" name="Maintenance Workflow" id="121" isCLMandatory="Y" checklistId="12" />
		<row roleId="49" active="N" description="Automatically updated on Tue Dec 04 01:19:40 UTC 2018UTC" isRSLEnabled="Y" isDefault="N" rejReason="Y" name="Maintenance Workflow" id="122" isCLMandatory="Y" checklistId="12" />
		<row roleId="49" active="Y" description="" isRSLEnabled="Y" isDefault="N" rejReason="Y" name="Maintenance Workflow" id="123" isCLMandatory="Y" checklistId="12" />
	</rows>
</table>