<?xml version="1.1"?>
<table name="com.smartbear.ccollab.datamodel.FileMetricsData" nrows="4" ncols="8">
	<columns>
		<column name="linesRemoved" type="int" />
		<column name="linesModified" type="int" />
		<column name="versionId" type="int" />
		<column name="pages" type="int" />
		<column name="linesAdded" type="int" />
		<column name="linesDelta" type="int" />
		<column name="id" type="int" />
		<column name="lines" type="int" />
	</columns>
	<rows>
		<row linesRemoved="0" linesModified="0" versionId="253615" pages="0" linesAdded="320" linesDelta="320" id="251617" lines="320" />
		<row linesRemoved="0" linesModified="0" versionId="253614" pages="0" linesAdded="460" linesDelta="460" id="251616" lines="460" />
		<row linesRemoved="0" linesModified="0" versionId="253613" pages="0" linesAdded="465" linesDelta="465" id="251615" lines="465" />
		<row linesRemoved="0" linesModified="0" versionId="253616" pages="0" linesAdded="276" linesDelta="276" id="251618" lines="276" />
	</rows>
</table>