<?xml version="1.1"?>
<table name="com.smartbear.ccollab.datamodel.ReviewChecklistItemData" nrows="7" ncols="6">
	<columns>
		<column name="lastUpdated" type="date" />
		<column name="actorId" type="int" />
		<column name="id" type="int" />
		<column name="title" type="string" />
		<column name="reviewId" type="int" />
		<column name="isChecked" type="char" />
	</columns>
	<rows>
		<row lastUpdated="2018-12-19T06:03:53UTC" actorId="138" id="5493" title="Justin or Rick knows that you are making this change, and why." reviewId="14098" isChecked="Y" />
		<row lastUpdated="2018-12-19T06:01:14UTC" actorId="138" id="5494" title="Documentation Team Sign-Off (for version history.)" reviewId="14098" isChecked="Y" />
		<row lastUpdated="2018-12-19T06:00:27UTC" actorId="138" id="5495" title="Unit Tests Approved by Dev - https://tinyurl.com/ydhd58zh" reviewId="14098" isChecked="Y" />
		<row lastUpdated="2018-12-19T06:00:53UTC" actorId="138" id="5496" title="Commits are squashed if necessary: https://tinyurl.com/y8wlloju" reviewId="14098" isChecked="Y" />
		<row lastUpdated="2018-12-19T06:00:55UTC" actorId="138" id="5497" title="Branch name and commit message conform to standard: https://tinyurl.com/yc79tkmo" reviewId="14098" isChecked="Y" />
		<row lastUpdated="2018-12-19T06:00:55UTC" actorId="138" id="5498" title="General code style follows internal guide: https://tinyurl.com/ybbmjb5c" reviewId="14098" isChecked="Y" />
		<row lastUpdated="2018-12-19T06:00:56UTC" actorId="138" id="5499" title="Change package meets DoD and is ready to merge: https://tinyurl.com/yas457gl" reviewId="14098" isChecked="Y" />
	</rows>
</table>