<?xml version="1.1"?>
<table name="com.smartbear.ccollab.datamodel.ActivityData" nrows="8" ncols="7">
	<columns>
		<column name="startSecs" type="int" />
		<column name="code" type="char" />
		<column name="durationSecs" type="int" />
		<column name="id" type="int" />
		<column name="reviewId" type="int" />
		<column name="userId" type="int" />
		<column name="startDate" type="date" />
	</columns>
	<rows>
		<row startSecs="1547645267" code="P" durationSecs="5" id="100745" reviewId="14132" userId="309" startDate="2019-01-16T13:27:47UTC" />
		<row startSecs="1547711196" code="R" durationSecs="233" id="100753" reviewId="14132" userId="154" startDate="2019-01-17T07:46:36UTC" />
		<row startSecs="1547723339" code="A" durationSecs="66" id="100763" reviewId="14132" userId="309" startDate="2019-01-17T11:08:59UTC" />
		<row startSecs="1547735608" code="R" durationSecs="5" id="100777" reviewId="14132" userId="154" startDate="2019-01-17T14:33:28UTC" />
		<row startSecs="1548061580" code="A" durationSecs="5" id="100788" reviewId="14132" userId="309" startDate="2019-01-21T09:06:20UTC" />
		<row startSecs="1548070506" code="R" durationSecs="5" id="100793" reviewId="14132" userId="154" startDate="2019-01-21T11:35:06UTC" />
		<row startSecs="1548083053" code="A" durationSecs="5" id="100798" reviewId="14132" userId="309" startDate="2019-01-21T15:04:13UTC" />
		<row startSecs="1548083303" code="R" durationSecs="5" id="100800" reviewId="14132" userId="154" startDate="2019-01-21T15:08:23UTC" />
	</rows>
</table>