<?xml version="1.1"?>
<table name="com.smartbear.ccollab.datamodel.CommentData" nrows="13" ncols="12">
	<columns>
		<column name="publishState" type="string" />
		<column name="conversationId" type="int" />
		<column name="type" type="string" />
		<column name="userId" type="int" />
		<column name="createdOn" type="date" />
		<column name="versionId" type="int" />
		<column name="outdated" type="char" />
		<column name="locatorType" type="char" />
		<column name="text" type="string" />
		<column name="id" type="int" />
		<column name="lineNumber" type="int" />
		<column name="reviewId" type="int" />
	</columns>
	<rows>
		<row publishState="sent" conversationId="15464" type="USER" userId="309" createdOn="2019-01-16T13:27:47UTC" versionId="0" outdated="N" locatorType="O" text="Link to Github pull request: https://github.com/SmartBear/collab-core/pull/1337" id="229987" lineNumber="0" reviewId="14132" />
		<row publishState="sent" conversationId="15465" type="USER" userId="309" createdOn="2019-01-16T13:38:38UTC" versionId="256319" outdated="N" locatorType="L" text="When &quot;Perform mouse actions on both panels simultaneously&quot; is enabled in DiffViewer, scrolling from page to page causes two calls to chagePageAndExecute method (for After panel and for Before panel). changePageAndExecute make an asynchronous call to server. If response for Before panel come first, we get an exception during search results presenting because AfterActivity is stopped (is null)." id="229988" lineNumber="651" reviewId="14132" />
		<row publishState="sent" conversationId="15466" type="USER" userId="309" createdOn="2019-01-16T13:40:09UTC" versionId="256319" outdated="N" locatorType="L" text="Because of search results are presented only on After panel, search results should be represented only after changing page on After panel." id="229989" lineNumber="729" reviewId="14132" />
		<row publishState="sent" conversationId="15467" type="USER" userId="309" createdOn="2019-01-16T13:48:50UTC" versionId="256319" outdated="N" locatorType="L" text="Firing an event may cause After and Before panels scrolling if the first search result is not on the current page. And showSearchResult will throw an exception because there may be no response from server for After panel. If we clear current search results before scrolling there is no exceptions." id="229990" lineNumber="310" reviewId="14132" />
		<row publishState="sent" conversationId="15464" type="CHKC" userId="154" createdOn="2019-01-17T07:46:36UTC" versionId="0" outdated="N" locatorType="O" text="** Vitaly Sheyneman marked checklist item Commits are squashed if necessary: https://tinyurl.com/y8wlloju as done **" id="229991" lineNumber="0" reviewId="14132" />
		<row publishState="sent" conversationId="15464" type="CHKC" userId="154" createdOn="2019-01-17T07:46:37UTC" versionId="0" outdated="N" locatorType="O" text="** Vitaly Sheyneman marked checklist item Branch name and commit message conform to standard: https://tinyurl.com/yc79tkmo as done **" id="229992" lineNumber="0" reviewId="14132" />
		<row publishState="sent" conversationId="15464" type="CHKC" userId="154" createdOn="2019-01-17T07:46:41UTC" versionId="0" outdated="N" locatorType="O" text="** Vitaly Sheyneman marked checklist item General code style follows internal guide: https://tinyurl.com/ybbmjb5c as done **" id="229993" lineNumber="0" reviewId="14132" />
		<row publishState="sent" conversationId="15464" type="CHKC" userId="154" createdOn="2019-01-17T07:46:45UTC" versionId="0" outdated="N" locatorType="O" text="** Vitaly Sheyneman marked checklist item Unit Tests Approved by Dev - https://tinyurl.com/ydhd58zh as done **" id="229994" lineNumber="0" reviewId="14132" />
		<row publishState="sent" conversationId="15468" type="ACPT" userId="154" createdOn="2019-01-17T07:50:24UTC" versionId="256319" outdated="N" locatorType="O" text="** Accepted ** 4827c27778f4fa5ea9614210a4b16..." id="229995" lineNumber="0" reviewId="14132" />
		<row publishState="sent" conversationId="15464" type="CHKC" userId="154" createdOn="2019-01-17T07:50:47UTC" versionId="0" outdated="N" locatorType="O" text="** Vitaly Sheyneman marked checklist item Change package meets DoD and is ready to merge: https://tinyurl.com/yas457gl as done **" id="229996" lineNumber="0" reviewId="14132" />
		<row publishState="sent" conversationId="15466" type="MRED" userId="154" createdOn="2019-01-17T14:33:28UTC" versionId="256319" outdated="N" locatorType="L" text="**marked as read**" id="230005" lineNumber="729" reviewId="14132" />
		<row publishState="sent" conversationId="15464" type="CHKC" userId="154" createdOn="2019-01-21T15:08:55UTC" versionId="0" outdated="N" locatorType="O" text="** Vitaly Sheyneman marked checklist item Documentation Team Sign-Off (for version history.) as done **" id="230039" lineNumber="0" reviewId="14132" />
		<row publishState="sent" conversationId="15464" type="CHKC" userId="154" createdOn="2019-01-21T15:08:56UTC" versionId="0" outdated="N" locatorType="O" text="** Vitaly Sheyneman marked checklist item Justin or Rick knows that you are making this change, and why. as done **" id="230040" lineNumber="0" reviewId="14132" />
	</rows>
</table>