<?xml version="1.1"?>
<table name="com.smartbear.ccollab.datamodel.ScmConfigData" nrows="2" ncols="11">
	<columns>
		<column name="attachFromServer" type="char" />
		<column name="scmPatternB" type="string" />
		<column name="scmPatternA" type="string" />
		<column name="title" type="string" />
		<column name="scmPatternD" type="string" />
		<column name="scmPatternC" type="string" />
		<column name="provider" type="string" />
		<column name="scmPatternE" type="string" />
		<column name="enforceAccessPerm" type="char" />
		<column name="id" type="int" />
		<column name="config" type="string" />
	</columns>
	<rows>
		<row attachFromServer="N" scmPatternB="" scmPatternA="" title="Git" scmPatternD="" scmPatternC="" provider="git" scmPatternE="" enforceAccessPerm="N" id="85" config="#Thu Jul 20 09:14:29 UTC 2017&#10;globalprovider=git&#10;scm=git&#10;" />
		<row attachFromServer="N" scmPatternB=".*" scmPatternA=".*" title="Git" scmPatternD="" scmPatternC="" provider="git" scmPatternE="" enforceAccessPerm="N" id="89" config="#Tue Nov 13 10:48:59 UTC 2018&#10;globalprovider=git&#10;scm=git&#10;" />
	</rows>
</table>