<?xml version="1.1"?>
<table name="com.smartbear.ccollab.datamodel.RemoteSystemData" nrows="28" ncols="7">
	<columns>
		<column name="repo" type="string" />
		<column name="active" type="char" />
		<column name="id" type="int" />
		<column name="type" type="string" />
		<column name="title" type="string" />
		<column name="config" type="string" />
		<column name="token" type="string" />
	</columns>
	<rows>
		<row repo="https://github.com/testcc1/OwnerRepo" active="N" id="20" type="PR" title="testcc1/OwnerRepo" config="{&quot;repoURI&quot;:&quot;https://github.com/testcc1/OwnerRepo&quot;,&quot;apiToken&quot;:&quot;ddc4015e7e53327a3e4e7704f876669dd5f8c306&quot;,&quot;branch&quot;:&quot;&quot;,&quot;branchToIgnorePushes&quot;:&quot;&quot;,&quot;autoMerge&quot;:&quot;Do nothing&quot;,&quot;autoClose&quot;:&quot;Do nothing&quot;}" token="GITHUB" />
		<row repo="https://github.com/SmartBear/collab-windows" active="Y" id="24" type="PR" title="SmartBear/collab-windows (VS and TFS plugins)" config="{&quot;repoURI&quot;:&quot;https://github.com/SmartBear/collab-windows&quot;,&quot;apiToken&quot;:&quot;1dbe6fe7fbbfbd5d1b0e601dcc5e3d2f305a03b1&quot;,&quot;secretToken&quot;:&quot;collab-windows-create-review-secret&quot;,&quot;branch&quot;:&quot;develop, release-11.5.11500&quot;,&quot;branchToIgnorePushes&quot;:&quot;&quot;,&quot;statusCheckRequired&quot;:true,&quot;autoMerge&quot;:&quot;Merge Pull Request and Delete Its Branch&quot;,&quot;autoClose&quot;:&quot;Close Pull Request and Delete Its Branch&quot;,&quot;allowReopenReview&quot;:true}" token="GITHUB" />
		<row repo="https://github.com/SmartBear/collab-bitbucket-plugin" active="Y" id="25" type="PR" title="SmartBear/collab-bitbucket-plugin" config="{&quot;repoURI&quot;:&quot;https://github.com/SmartBear/collab-bitbucket-plugin.git&quot;,&quot;apiToken&quot;:&quot;1dbe6fe7fbbfbd5d1b0e601dcc5e3d2f305a03b1&quot;,&quot;secretToken&quot;:&quot;collab-bitbucket-plugin-secret&quot;,&quot;branch&quot;:&quot;develop, release-11.3.11300&quot;,&quot;branchToIgnorePushes&quot;:&quot;&quot;,&quot;statusCheckRequired&quot;:true,&quot;autoMerge&quot;:&quot;Merge Pull Request and Delete Its Branch&quot;,&quot;autoClose&quot;:&quot;Close Pull Request&quot;}" token="GITHUB" />
		<row repo="https://github.com/SmartBear/collab-core" active="Y" id="27" type="PR" title="SmartBear/collab-core (main repository)" config="{&quot;repoURI&quot;:&quot;https://github.com/SmartBear/collab-core&quot;,&quot;apiToken&quot;:&quot;1dbe6fe7fbbfbd5d1b0e601dcc5e3d2f305a03b1&quot;,&quot;secretToken&quot;:&quot;&quot;,&quot;branch&quot;:&quot;develop, release-11.5.11500, maintenance-11.2&quot;,&quot;branchToIgnorePushes&quot;:&quot;&quot;,&quot;statusCheckRequired&quot;:true,&quot;autoMerge&quot;:&quot;Merge Pull Request and Delete Its Branch&quot;,&quot;autoClose&quot;:&quot;Close Pull Request&quot;,&quot;allowReopenReview&quot;:true}" token="GITHUB" />
		<row repo="https://gitlab.com/andfed/my-test-project" active="N" id="29" type="PR" title="andfed/my-test-project" config="{&quot;repoURI&quot;:&quot;https://gitlab.com/andfed/my-test-project&quot;,&quot;apiToken&quot;:&quot;xh5nHySzJHLYGzyYjfsT&quot;,&quot;secretToken&quot;:&quot;&quot;,&quot;branch&quot;:&quot;&quot;,&quot;branchToIgnorePushes&quot;:&quot;&quot;,&quot;autoMerge&quot;:&quot;Do nothing&quot;,&quot;autoClose&quot;:&quot;Do nothing&quot;,&quot;allowReopenReview&quot;:true}" token="GITLAB" />
		<row repo="https://bitbucket.org/divi_vitaly/test" active="Y" id="34" type="PR" title="Bitbucket" config="{&quot;branch&quot;:&quot;&quot;,&quot;branchToIgnorePushes&quot;:&quot;&quot;,&quot;autoClose&quot;:&quot;Do nothing&quot;,&quot;allowReopenReview&quot;:true,&quot;repoURI&quot;:&quot;https://bitbucket.org/divi_vitaly/test&quot;,&quot;apiToken&quot;:&quot;wBWkZ6tWV3TKUaTTgnfp&quot;,&quot;username&quot;:&quot;&quot;,&quot;autoMerge&quot;:&quot;Do nothing&quot;}" token="BITBUCKET" />
		<row repo="https://smartbear.atlassian.net" active="Y" id="35" type="WORKITEM" title="SmartBear JIRA" config="{&quot;url&quot;:&quot;https://smartbear.atlassian.net&quot;,&quot;username&quot;:&quot;Konstantin.Plotnyk@smartbear.com&quot;,&quot;password&quot;:&quot;Dzuk3426&quot;,&quot;projects&quot;:&quot;WEB, SWAG, QAC, API, TSERV, ECOM, LABSJSAPM, LOADUI, GR, MPROMO, MAI, RIA, MTD, MAPI, MUXM, MCC, WR, MC, MMM, MOPS, BLTAS, BLTLC, OP, PROD, RC, CC, SLTU, PLATFORM, SPS, BLTTC, BLTQAC, SPU, BLTAQT, SPUX, SAASB, DEVBLT, SWAIN, UXM, ASCORE, SLT, MDEV, ALM, BLTTL, COLLAB, DEJA, SETUP, SOAP, MP&quot;}" token="JIRA" />
		<row repo="https://8b771b92.ngrok.io" active="N" id="42" type="WORKITEM" title="artem local JIRA" config="{&quot;url&quot;:&quot;https://8b771b92.ngrok.io&quot;,&quot;username&quot;:&quot;artem.gubanov&quot;,&quot;password&quot;:&quot;admin&quot;,&quot;projects&quot;:&quot;PROJ, PROJ2&quot;}" token="JIRA" />
		<row repo="" active="N" id="43" type="NONE" title="JIRA Legacy" config="{&quot;url&quot;:&quot;&quot;,&quot;username&quot;:&quot;&quot;,&quot;password&quot;:&quot;&quot;,&quot;updateReviewPhase&quot;:false,&quot;updateReviewParticipants&quot;:false,&quot;projects&quot;:&quot;&quot;,&quot;issueType&quot;:&quot;&quot;}" token="JIRA_LEGACY" />
		<row repo="" active="N" id="45" type="PR" title="GitLab" config="" token="GITLAB" />
		<row repo="http://ec2-54-162-70-181/root/proj1" active="N" id="46" type="PR" title="root/proj1" config="{&quot;repoURI&quot;:&quot;http://ec2-54-162-70-181/root/proj1&quot;,&quot;apiToken&quot;:&quot;ijEKx2yAzEBSh1j49QaH&quot;,&quot;secretToken&quot;:&quot;&quot;,&quot;branch&quot;:&quot;&quot;,&quot;branchToIgnorePushes&quot;:&quot;&quot;,&quot;autoMerge&quot;:&quot;Do nothing&quot;,&quot;autoClose&quot;:&quot;Do nothing&quot;}" token="GITLAB" />
		<row repo="http://ec2-54-162-70-181/root/proj1" active="N" id="47" type="PR" title="GitHub" config="{&quot;repoURI&quot;:&quot;http://ec2-54-162-70-181/root/proj1&quot;,&quot;apiToken&quot;:&quot;7186c51af0d58aacdebde7282a791dd1ed4f9993&quot;,&quot;secretToken&quot;:&quot;&quot;,&quot;branch&quot;:&quot;&quot;,&quot;branchToIgnorePushes&quot;:&quot;&quot;,&quot;statusCheckRequired&quot;:false,&quot;autoMerge&quot;:&quot;Do nothing&quot;,&quot;autoClose&quot;:&quot;Do nothing&quot;}" token="GITHUB" />
		<row repo="https://github.com/yimyromero/integration" active="Y" id="48" type="PR" title="GitHub-Yimy" config="{&quot;repoURI&quot;:&quot;https://github.com/yimyromero/integration&quot;,&quot;apiToken&quot;:&quot;f3ae3d122c28063b270e16d4b14428578415300d&quot;,&quot;secretToken&quot;:&quot;&quot;,&quot;branch&quot;:&quot;develop&quot;,&quot;branchToIgnorePushes&quot;:&quot;develop&quot;,&quot;statusCheckRequired&quot;:false,&quot;autoMerge&quot;:&quot;Do nothing&quot;,&quot;autoClose&quot;:&quot;Do nothing&quot;}" token="GITHUB" />
		<row repo="" active="N" id="49" type="PR" title="GitHub Polling" config="" token="GITHUB_POLLING" />
		<row repo="" active="N" id="50" type="PR" title="GitHub Polling" config="" token="GITHUB_POLLING" />
		<row repo="https://github.com/testcc1/OwnerRepo" active="Y" id="51" type="PR" title="testcc1/OwnerRepo" config="{&quot;repoURI&quot;:&quot;https://github.com/testcc1/OwnerRepo&quot;,&quot;apiToken&quot;:&quot;bc2e67a860c25b7152ff4afad6bf39cfe861f2b9&quot;,&quot;secretToken&quot;:&quot;&quot;,&quot;branch&quot;:&quot;&quot;,&quot;branchToIgnorePushes&quot;:&quot;&quot;,&quot;statusCheckRequired&quot;:&quot;false&quot;,&quot;autoMerge&quot;:&quot;Do nothing&quot;,&quot;autoClose&quot;:&quot;Do nothing&quot;}" token="GITHUB" />
		<row repo="https://github.com/collabTester18/4086_1" active="N" id="52" type="PR" title="collabTester18/4086_1" config="{&quot;repoURI&quot;:&quot;https://github.com/collabTester18/4086_1&quot;,&quot;apiToken&quot;:&quot;c6bc1343435c9747099c23d4557946717f2f273b&quot;,&quot;secretToken&quot;:&quot;&quot;,&quot;branch&quot;:&quot;&quot;,&quot;branchToIgnorePushes&quot;:&quot;&quot;,&quot;statusCheckRequired&quot;:&quot;false&quot;,&quot;autoMerge&quot;:&quot;Do nothing&quot;,&quot;autoClose&quot;:&quot;Do nothing&quot;}" token="GITHUB" />
		<row repo="" active="N" id="53" type="WORKITEM" title="JIRA" config="" token="JIRA" />
		<row repo="" active="N" id="54" type="PR" title="GitHub" config="" token="GITHUB" />
		<row repo="" active="N" id="55" type="PR" title="GitHub" config="" token="GITHUB" />
		<row repo="https://bitbucket.org/AKSmartBear/00307334" active="N" id="56" type="PR" title="BitbucketBitbucket: AKSmartBear/00307334" config="{&quot;branch&quot;:&quot;*&quot;,&quot;branchToIgnorePushes&quot;:&quot;&quot;,&quot;autoClose&quot;:&quot;Do nothing&quot;,&quot;allowReopenReview&quot;:true,&quot;repoURI&quot;:&quot;https://bitbucket.org/AKSmartBear/00307334&quot;,&quot;apiToken&quot;:&quot;Ldvsd75cnDxgBmmyJqD9&quot;,&quot;username&quot;:&quot;&quot;,&quot;autoMerge&quot;:&quot;Do nothing&quot;}" token="BITBUCKET" />
		<row repo="http://ec2-54-93-57-208.eu-central-1.compute.amazonaws.com:7990/bitbucket/scm/project_1/rep_1.git" active="N" id="57" type="PR" title="Bitbucket Server (On-Premise)" config="{&quot;branch&quot;:&quot;*&quot;,&quot;branchToIgnorePushes&quot;:&quot;&quot;,&quot;autoClose&quot;:&quot;Do nothing&quot;,&quot;allowReopenReview&quot;:true,&quot;repoURI&quot;:&quot;http://ec2-54-93-57-208.eu-central-1.compute.amazonaws.com:7990/bitbucket/scm/project_1/rep_1.git&quot;,&quot;username&quot;:&quot;admin&quot;,&quot;password&quot;:&quot;ADMIN&quot;,&quot;autoMerge&quot;:&quot;Do nothing&quot;,&quot;user&quot;:&quot;admin&quot;,&quot;apiToken&quot;:&quot;ADMIN&quot;}" token="BITBUCKET_SERVER" />
		<row repo="" active="N" id="58" type="PR" title="Bitbucket Server (On-Premise)" config="" token="BITBUCKET_SERVER" />
		<row repo="" active="N" id="59" type="WORKITEM" title="TFS" config="" token="TFS" />
		<row repo="" active="N" id="60" type="PR" title="GitHub Polling" config="" token="GITHUB_POLLING" />
		<row repo="https://github.com/JosephMichaudSmartBear/hello-world" active="N" id="61" type="PR" title="JosephMichaudSmartBear/hello-world" config="{&quot;repoURI&quot;:&quot;https://github.com/JosephMichaudSmartBear/hello-world&quot;,&quot;apiToken&quot;:&quot;429142a7c0f7e49ab20dd0c3f1d8a1562856b0bf&quot;,&quot;secretToken&quot;:&quot;&quot;,&quot;branch&quot;:&quot;&quot;,&quot;branchToIgnorePushes&quot;:&quot;&quot;,&quot;statusCheckRequired&quot;:&quot;false&quot;,&quot;autoMerge&quot;:&quot;Do nothing&quot;,&quot;autoClose&quot;:&quot;Do nothing&quot;,&quot;allowReopenReview&quot;:&quot;true&quot;}" token="GITHUB" />
		<row repo="https://github.com/JosephMichaudSmartBear/hello-word-11.4" active="Y" id="62" type="PR" title="JosephMichaudSmartBear/hello-word-11.4" config="{&quot;repoURI&quot;:&quot;https://github.com/JosephMichaudSmartBear/hello-word-11.4&quot;,&quot;apiToken&quot;:&quot;fa1335b3f8b728cb2d21353e8937287194620457&quot;,&quot;secretToken&quot;:&quot;&quot;,&quot;branch&quot;:&quot;&quot;,&quot;branchToIgnorePushes&quot;:&quot;&quot;,&quot;statusCheckRequired&quot;:&quot;false&quot;,&quot;autoMerge&quot;:&quot;Do nothing&quot;,&quot;autoClose&quot;:&quot;Do nothing&quot;,&quot;allowReopenReview&quot;:&quot;true&quot;}" token="GITHUB" />
		<row repo="" active="Y" id="63" type="WORKITEM" title="TFS" config="" token="TFS" />
	</rows>
</table>