<?xml version="1.1"?>
<table name="com.smartbear.ccollab.datamodel.ReviewChecklistEventData" nrows="7" ncols="6">
	<columns>
		<column name="itemName" type="string" />
		<column name="actorUserId" type="int" />
		<column name="dateModified" type="date" />
		<column name="id" type="int" />
		<column name="reviewId" type="int" />
		<column name="wasChecked" type="char" />
	</columns>
	<rows>
		<row itemName="Commits are squashed if necessary: https://tinyurl.com/y8wlloju" actorUserId="154" dateModified="2019-01-17T07:46:36UTC" id="1307" reviewId="14132" wasChecked="Y" />
		<row itemName="Branch name and commit message conform to standard: https://tinyurl.com/yc79tkmo" actorUserId="154" dateModified="2019-01-17T07:46:37UTC" id="1308" reviewId="14132" wasChecked="Y" />
		<row itemName="General code style follows internal guide: https://tinyurl.com/ybbmjb5c" actorUserId="154" dateModified="2019-01-17T07:46:41UTC" id="1309" reviewId="14132" wasChecked="Y" />
		<row itemName="Unit Tests Approved by Dev - https://tinyurl.com/ydhd58zh" actorUserId="154" dateModified="2019-01-17T07:46:45UTC" id="1310" reviewId="14132" wasChecked="Y" />
		<row itemName="Change package meets DoD and is ready to merge: https://tinyurl.com/yas457gl" actorUserId="154" dateModified="2019-01-17T07:50:47UTC" id="1311" reviewId="14132" wasChecked="Y" />
		<row itemName="Documentation Team Sign-Off (for version history.)" actorUserId="154" dateModified="2019-01-21T15:08:55UTC" id="1333" reviewId="14132" wasChecked="Y" />
		<row itemName="Justin or Rick knows that you are making this change, and why." actorUserId="154" dateModified="2019-01-21T15:08:56UTC" id="1334" reviewId="14132" wasChecked="Y" />
	</rows>
</table>