<?xml version="1.1"?>
<table name="com.smartbear.ccollab.datamodel.MetaDataValueCharacterData" nrows="86" ncols="5">
	<columns>
		<column name="targetId" type="int" />
		<column name="id" type="int" />
		<column name="userId" type="int" />
		<column name="value" type="char" />
		<column name="fieldId" type="int" />
	</columns>
	<rows>
		<row targetId="0" id="1" userId="0" value="Y" fieldId="27" />
		<row targetId="0" id="2" userId="0" value="Y" fieldId="28" />
		<row targetId="0" id="3" userId="0" value="N" fieldId="31" />
		<row targetId="0" id="4" userId="0" value="N" fieldId="32" />
		<row targetId="0" id="5" userId="0" value="N" fieldId="33" />
		<row targetId="0" id="26" userId="0" value="N" fieldId="9" />
		<row targetId="0" id="27" userId="0" value="Y" fieldId="3" />
		<row targetId="0" id="28" userId="0" value="Y" fieldId="4" />
		<row targetId="0" id="34" userId="0" value="Y" fieldId="54" />
		<row targetId="0" id="51" userId="0" value="N" fieldId="59" />
		<row targetId="0" id="52" userId="0" value="Y" fieldId="60" />
		<row targetId="0" id="68" userId="0" value="N" fieldId="62" />
		<row targetId="0" id="69" userId="0" value="Y" fieldId="61" />
		<row targetId="0" id="166" userId="0" value="I" fieldId="76" />
		<row targetId="0" id="167" userId="0" value="I" fieldId="77" />
		<row targetId="0" id="357" userId="0" value="Y" fieldId="79" />
		<row targetId="0" id="570" userId="0" value="N" fieldId="63" />
		<row targetId="0" id="683" userId="0" value="N" fieldId="114" />
		<row targetId="0" id="695" userId="0" value="0" fieldId="115" />
		<row targetId="0" id="707" userId="0" value="A" fieldId="117" />
		<row targetId="0" id="728" userId="0" value="Y" fieldId="120" />
		<row targetId="0" id="969" userId="0" value="Y" fieldId="123" />
		<row targetId="0" id="1392" userId="0" value="N" fieldId="132" />
		<row targetId="0" id="1755" userId="0" value="Y" fieldId="131" />
		<row targetId="0" id="1764" userId="0" value="D" fieldId="135" />
		<row targetId="0" id="1846" userId="0" value="Y" fieldId="133" />
		<row targetId="0" id="2077" userId="0" value="Y" fieldId="139" />
		<row targetId="0" id="2078" userId="0" value="Y" fieldId="138" />
		<row targetId="0" id="2461" userId="0" value="Y" fieldId="142" />
		<row targetId="0" id="4561" userId="0" value="Y" fieldId="151" />
		<row targetId="0" id="6303" userId="0" value="Y" fieldId="192" />
		<row targetId="0" id="7653" userId="0" value="N" fieldId="199" />
		<row targetId="0" id="9259" userId="0" value="N" fieldId="222" />
		<row targetId="0" id="9699" userId="0" value="N" fieldId="233" />
		<row targetId="0" id="9921" userId="0" value="Y" fieldId="235" />
		<row targetId="0" id="10190" userId="0" value="Y" fieldId="256" />
		<row targetId="0" id="10191" userId="0" value="Y" fieldId="260" />
		<row targetId="0" id="10192" userId="0" value="Y" fieldId="261" />
		<row targetId="0" id="10193" userId="0" value="N" fieldId="263" />
		<row targetId="0" id="10199" userId="0" value="Y" fieldId="265" />
		<row targetId="0" id="10239" userId="0" value="Y" fieldId="266" />
		<row targetId="0" id="10241" userId="0" value="Y" fieldId="268" />
		<row targetId="0" id="10242" userId="0" value="Y" fieldId="269" />
		<row targetId="0" id="10261" userId="0" value="N" fieldId="380" />
		<row targetId="0" id="10272" userId="0" value="Y" fieldId="678" />
		<row targetId="0" id="10273" userId="0" value="N" fieldId="551" />
		<row targetId="0" id="10274" userId="0" value="N" fieldId="540" />
		<row targetId="0" id="10277" userId="0" value="Y" fieldId="773" />
		<row targetId="0" id="10280" userId="0" value="N" fieldId="799" />
		<row targetId="0" id="10281" userId="0" value="Y" fieldId="826" />
		<row targetId="0" id="10282" userId="0" value="N" fieldId="832" />
		<row targetId="0" id="10283" userId="0" value="N" fieldId="833" />
		<row targetId="0" id="10287" userId="0" value="Y" fieldId="831" />
		<row targetId="0" id="10304" userId="0" value="Y" fieldId="1026" />
		<row targetId="0" id="10383" userId="0" value="Y" fieldId="1112" />
		<row targetId="0" id="10406" userId="0" value="Y" fieldId="1234" />
		<row targetId="0" id="10415" userId="0" value="N" fieldId="1246" />
		<row targetId="0" id="10585" userId="0" value="N" fieldId="1372" />
		<row targetId="0" id="10699" userId="0" value="Y" fieldId="1381" />
		<row targetId="0" id="10700" userId="0" value="Y" fieldId="1382" />
		<row targetId="0" id="10701" userId="0" value="Y" fieldId="1383" />
		<row targetId="0" id="10702" userId="0" value="Y" fieldId="1384" />
		<row targetId="0" id="10703" userId="0" value="Y" fieldId="1385" />
		<row targetId="0" id="10704" userId="0" value="Y" fieldId="1386" />
		<row targetId="0" id="10705" userId="0" value="Y" fieldId="1387" />
		<row targetId="0" id="10706" userId="0" value="Y" fieldId="1388" />
		<row targetId="0" id="10707" userId="0" value="Y" fieldId="1389" />
		<row targetId="0" id="10708" userId="0" value="Y" fieldId="1390" />
		<row targetId="0" id="10712" userId="0" value="Y" fieldId="1391" />
		<row targetId="0" id="10713" userId="0" value="Y" fieldId="1392" />
		<row targetId="0" id="10730" userId="0" value="N" fieldId="1375" />
		<row targetId="309" id="10502" userId="0" value="A" fieldId="117" />
		<row targetId="309" id="10503" userId="0" value="A" fieldId="218" />
		<row targetId="309" id="10630" userId="0" value="Y" fieldId="32" />
		<row targetId="309" id="10631" userId="0" value="N" fieldId="33" />
		<row targetId="309" id="10632" userId="0" value="N" fieldId="1372" />
		<row targetId="154" id="10284" userId="0" value="A" fieldId="117" />
		<row targetId="154" id="10285" userId="0" value="A" fieldId="218" />
		<row targetId="154" id="10596" userId="0" value="Y" fieldId="32" />
		<row targetId="154" id="10597" userId="0" value="N" fieldId="33" />
		<row targetId="154" id="10598" userId="0" value="N" fieldId="1372" />
		<row targetId="126" id="10218" userId="0" value="U" fieldId="117" />
		<row targetId="126" id="10219" userId="0" value="A" fieldId="218" />
		<row targetId="126" id="10641" userId="0" value="N" fieldId="32" />
		<row targetId="126" id="10642" userId="0" value="N" fieldId="33" />
		<row targetId="126" id="10643" userId="0" value="N" fieldId="1372" />
	</rows>
</table>