<?xml version="1.1"?>
<table name="com.smartbear.ccollab.datamodel.ScmData" nrows="311" ncols="10">
	<columns>
		<column name="title" type="string" />
		<column name="configA" type="string" />
		<column name="configB" type="string" />
		<column name="configC" type="string" />
		<column name="configD" type="string" />
		<column name="configE" type="string" />
		<column name="provider" type="string" />
		<column name="scmConfigId" type="int" />
		<column name="cmdlinePath" type="string" />
		<column name="id" type="int" />
	</columns>
	<rows>
		<row title="Default" configA="" configB="" configC="" configD="" configE="" provider="none" scmConfigId="0" cmdlinePath="" id="1" />
		<row title="CVS" configA="" configB="" configC="" configD="" configE="" provider="cvs" scmConfigId="0" cmdlinePath="" id="2" />
		<row title="Perforce: :1666" configA=":1666" configB="" configC="" configD="" configE="" provider="perforce" scmConfigId="0" cmdlinePath="" id="3" />
		<row title="CVS: koala:/usr/cvs/sb" configA="koala" configB="/usr/cvs/sb" configC="" configD="" configE="" provider="cvs" scmConfigId="0" cmdlinePath="" id="4" />
		<row title="CVS: koala.smartbearsoftware.com:/usr/cvs/sb" configA="koala.smartbearsoftware.com" configB="/usr/cvs/sb" configC="" configD="" configE="" provider="cvs" scmConfigId="0" cmdlinePath="" id="5" />
		<row title="CVS: smartbearsoftware.com:/usr/cvs/sb" configA="smartbearsoftware.com" configB="/usr/cvs/sb" configC="" configD="" configE="" provider="cvs" scmConfigId="0" cmdlinePath="" id="6" />
		<row title="Perforce: teddy:1667" configA="teddy:1667" configB="" configC="" configD="" configE="" provider="perforce" scmConfigId="0" cmdlinePath="" id="7" />
		<row title="Perforce: localhost:1666" configA="localhost:1666" configB="" configC="" configD="" configE="" provider="perforce" scmConfigId="0" cmdlinePath="" id="8" />
		<row title="Perforce: 1666" configA="1666" configB="" configC="" configD="" configE="" provider="perforce" scmConfigId="0" cmdlinePath="" id="9" />
		<row title="Subversion: svn+ssh://bdurette@yogi/usr/svn/repos" configA="svn+ssh://bdurette@yogi/usr/svn/repos" configB="6bbfa079-dbb0-41f0-90ff-c2b04ac707e5" configC="" configD="" configE="" provider="subversion" scmConfigId="0" cmdlinePath="" id="10" />
		<row title="Subversion: svn+ssh://rpaterson@yogi/usr/svn/repos" configA="svn+ssh://rpaterson@yogi/usr/svn/repos" configB="6bbfa079-dbb0-41f0-90ff-c2b04ac707e5" configC="" configD="" configE="" provider="subversion" scmConfigId="0" cmdlinePath="" id="11" />
		<row title="Subversion: svn+ssh://ebrown@yogi/usr/svn/repos" configA="svn+ssh://ebrown@yogi/usr/svn/repos" configB="6bbfa079-dbb0-41f0-90ff-c2b04ac707e5" configC="" configD="" configE="" provider="subversion" scmConfigId="0" cmdlinePath="" id="12" />
		<row title="Subversion: svn+ssh://yogi/usr/svn/repos" configA="svn+ssh://yogi/usr/svn/repos" configB="6bbfa079-dbb0-41f0-90ff-c2b04ac707e5" configC="" configD="" configE="" provider="subversion" scmConfigId="0" cmdlinePath="" id="13" />
		<row title="Perforce: 1667" configA="1667" configB="" configC="" configD="" configE="" provider="perforce" scmConfigId="0" cmdlinePath="" id="14" />
		<row title="Subversion: svn+ssh://bdurette@yogi/usr/svn/repos/smartbear/branches/stable-2.0/ccollab-cmdline" configA="svn+ssh://bdurette@yogi/usr/svn/repos/smartbear/branches/stable-2.0/ccollab-cmdline" configB="6bbfa079-dbb0-41f0-90ff-c2b04ac707e5" configC="" configD="" configE="" provider="subversion" scmConfigId="0" cmdlinePath="" id="15" />
		<row title="Subversion: svn+ssh://bdurette@yogi/usr/svn/repos/smartbear/branches/stable-2.0/common" configA="svn+ssh://bdurette@yogi/usr/svn/repos/smartbear/branches/stable-2.0/common" configB="6bbfa079-dbb0-41f0-90ff-c2b04ac707e5" configC="" configD="" configE="" provider="subversion" scmConfigId="0" cmdlinePath="" id="16" />
		<row title="Subversion: svn+ssh://bdurette@yogi/usr/svn/repos/smartbear/branches/stable-2.0/code-analysis" configA="svn+ssh://bdurette@yogi/usr/svn/repos/smartbear/branches/stable-2.0/code-analysis" configB="6bbfa079-dbb0-41f0-90ff-c2b04ac707e5" configC="" configD="" configE="" provider="subversion" scmConfigId="0" cmdlinePath="" id="17" />
		<row title="Uploaded Files" configA="" configB="" configC="" configD="" configE="" provider="none" scmConfigId="0" cmdlinePath="" id="18" />
		<row title="Subversion: svn+ssh://bdurette@yogi/usr/svn/repos/smartbear/branches/stable-2.0/ccollab-datamodel" configA="svn+ssh://bdurette@yogi/usr/svn/repos/smartbear/branches/stable-2.0/ccollab-datamodel" configB="6bbfa079-dbb0-41f0-90ff-c2b04ac707e5" configC="" configD="" configE="" provider="subversion" scmConfigId="0" cmdlinePath="" id="19" />
		<row title="Subversion: svn+ssh://bdurette@yogi/usr/svn/repos/smartbear/branches/stable-2.0/ccollab-server" configA="svn+ssh://bdurette@yogi/usr/svn/repos/smartbear/branches/stable-2.0/ccollab-server" configB="6bbfa079-dbb0-41f0-90ff-c2b04ac707e5" configC="" configD="" configE="" provider="subversion" scmConfigId="0" cmdlinePath="" id="20" />
		<row title="Subversion: svn+ssh://yogi/usr/svn/repos/smartbear/branches/stable-2.0/ccollab-cmdline" configA="svn+ssh://yogi/usr/svn/repos/smartbear/branches/stable-2.0/ccollab-cmdline" configB="6bbfa079-dbb0-41f0-90ff-c2b04ac707e5" configC="" configD="" configE="" provider="subversion" scmConfigId="0" cmdlinePath="" id="21" />
		<row title="Local Filesystem" configA="diffs" configB="none" configC="" configD="" configE="" provider="local" scmConfigId="0" cmdlinePath="" id="22" />
		<row title="Subversion: svn+ssh://jcohen@yogi/usr/svn/repos" configA="svn+ssh://jcohen@yogi/usr/svn/repos" configB="6bbfa079-dbb0-41f0-90ff-c2b04ac707e5" configC="" configD="" configE="" provider="subversion" scmConfigId="0" cmdlinePath="" id="23" />
		<row title="Subversion: file:///C:/Programming/smartbear/common/results/integration/subversion/test_add/repo" configA="file:///C:/Programming/smartbear/common/results/integration/subversion/test_add/repo" configB="074bfac1-1101-0010-9956-43126e5dbe29" configC="" configD="" configE="" provider="subversion" scmConfigId="0" cmdlinePath="" id="24" />
		<row title="Subversion: file:///C:/Programming/smartbear/common/results/integration/subversion/test_add/repo" configA="file:///C:/Programming/smartbear/common/results/integration/subversion/test_add/repo" configB="60cefac1-1101-0010-a079-db473d869ec2" configC="" configD="" configE="" provider="subversion" scmConfigId="0" cmdlinePath="" id="25" />
		<row title="Subversion: file:///C:/Programming/smartbear/common/results/integration/subversion/test_modify_in_subdir_checkout/repo" configA="file:///C:/Programming/smartbear/common/results/integration/subversion/test_modify_in_subdir_checkout/repo" configB="15c998e6-1101-0010-aa8e-6bd6b6256a52" configC="" configD="" configE="" provider="subversion" scmConfigId="0" cmdlinePath="" id="26" />
		<row title="Perforce: teddy:1670" configA="teddy:1670" configB="" configC="" configD="" configE="" provider="perforce" scmConfigId="0" cmdlinePath="" id="27" />
		<row title="Local Filesystem" configA="diffs" configB="subversion" configC="" configD="" configE="" provider="local" scmConfigId="0" cmdlinePath="" id="28" />
		<row title="Subversion: file:///tmp/test42265" configA="file:///tmp/test42265" configB="554b38f5-1e3e-4cb6-89b2-4940aebc82da" configC="" configD="" configE="" provider="subversion" scmConfigId="0" cmdlinePath="" id="29" />
		<row title="Subversion: file:///tmp/test25410" configA="file:///tmp/test25410" configB="23f9c96a-2d52-4f35-98c7-5b28683a4b66" configC="" configD="" configE="" provider="subversion" scmConfigId="0" cmdlinePath="" id="30" />
		<row title="CVS: www.smartbear.com:/usr/cvs/sb" configA="www.smartbear.com" configB="/usr/cvs/sb" configC="" configD="" configE="" provider="cvs" scmConfigId="0" cmdlinePath="" id="31" />
		<row title="CVS: cvs.smartbear.com:/usr/cvs/sb" configA="cvs.smartbear.com" configB="/usr/cvs/sb" configC="" configD="" configE="" provider="cvs" scmConfigId="0" cmdlinePath="" id="32" />
		<row title="Subversion: file:///C:/Programming/smartbear/ccollab-test/results/junit/svnrepo11722" configA="file:///C:/Programming/smartbear/ccollab-test/results/junit/svnrepo11722" configB="d726ffe7-3630-0410-aa14-370dc3dc5a66" configC="" configD="" configE="" provider="subversion" scmConfigId="0" cmdlinePath="" id="33" />
		<row title="Local Filesystem" configA="diffs" configB="cvs" configC="" configD="" configE="" provider="local" scmConfigId="0" cmdlinePath="" id="34" />
		<row title="Subversion: svn+ssh://svn/usr/svn/repos" configA="svn+ssh://svn/usr/svn/repos" configB="6bbfa079-dbb0-41f0-90ff-c2b04ac707e5" configC="" configD="" configE="" provider="subversion" scmConfigId="0" cmdlinePath="" id="35" />
		<row title="Subversion: http://subclipse.tigris.org/svn/subclipse" configA="http://subclipse.tigris.org/svn/subclipse" configB="a34601ff-79c0-0310-90bb-fac03367fbd1" configC="" configD="" configE="" provider="subversion" scmConfigId="0" cmdlinePath="" id="36" />
		<row title="ClearCase: C:\snapshot\tester_denali_release" configA="C:\snapshot\tester_denali_release" configB="" configC="" configD="" configE="" provider="clearcase" scmConfigId="0" cmdlinePath="" id="37" />
		<row title="ClearCase" configA="" configB="" configC="" configD="" configE="" provider="clearcase" scmConfigId="0" cmdlinePath="" id="38" />
		<row title="Local Filesystem" configA="diffs" configB="perforce" configC="" configD="" configE="" provider="local" scmConfigId="0" cmdlinePath="" id="39" />
		<row title="Subversion: svn+ssh://svn.smartbear.com/usr/svn/repos" configA="svn+ssh://svn.smartbear.com/usr/svn/repos" configB="6bbfa079-dbb0-41f0-90ff-c2b04ac707e5" configC="" configD="" configE="" provider="subversion" scmConfigId="0" cmdlinePath="" id="40" />
		<row title="Subversion: file:///home/pj/tmp/svnrepo" configA="file:///home/pj/tmp/svnrepo" configB="b519ec90-5311-414c-9079-5301d8fae9a1" configC="" configD="" configE="" provider="subversion" scmConfigId="0" cmdlinePath="" id="41" />
		<row title="Vault: vaultdemo.sourcegear.com;Initial Repository" configA="vaultdemo.sourcegear.com" configB="Initial Repository" configC="" configD="" configE="" provider="vault" scmConfigId="0" cmdlinePath="" id="42" />
		<row title="Local Filesystem" configA="diffs" configB="starteam" configC="" configD="" configE="" provider="local" scmConfigId="0" cmdlinePath="" id="43" />
		<row title="CVS: Baloo:C:\Programming\smartbear\ccollab-test\results\junit\cvsrepo35960" configA="Baloo" configB="C:\Programming\smartbear\ccollab-test\results\junit\cvsrepo35960" configC="" configD="" configE="" provider="cvs" scmConfigId="0" cmdlinePath="" id="44" />
		<row title="Subversion: http://svn.apache.org/repos/asf" configA="http://svn.apache.org/repos/asf" configB="13f79535-47bb-0310-9956-ffa450edef68" configC="" configD="" configE="" provider="subversion" scmConfigId="0" cmdlinePath="" id="45" />
		<row title="Subversion: svn://yogi" configA="svn://yogi" configB="6bbfa079-dbb0-41f0-90ff-c2b04ac707e5" configC="" configD="" configE="" provider="subversion" scmConfigId="0" cmdlinePath="" id="46" />
		<row title="CVS: polar:/usr/cvs/sb" configA="polar" configB="/usr/cvs/sb" configC="" configD="" configE="" provider="cvs" scmConfigId="0" cmdlinePath="" id="47" />
		<row title="CVS: kodiak:/home/pj/tmp/cvsrepo/" configA="kodiak" configB="/home/pj/tmp/cvsrepo/" configC="" configD="" configE="" provider="cvs" scmConfigId="0" cmdlinePath="" id="48" />
		<row title="Team Foundation Server: ursa-2k3" configA="ursa-2k3" configB="" configC="" configD="" configE="" provider="tfs" scmConfigId="0" cmdlinePath="" id="49" />
		<row title="AccuRev: stateomaine:Maine" configA="stateomaine" configB="Maine" configC="" configD="" configE="" provider="accurev" scmConfigId="0" cmdlinePath="" id="50" />
		<row title="Subversion: file:///C:/Programming/smartbear/ccollab-test/results/junit/svnrepo57859" configA="file:///C:/Programming/smartbear/ccollab-test/results/junit/svnrepo57859" configB="4d5667ba-a892-de47-8963-038ea2a5993a" configC="" configD="" configE="" provider="subversion" scmConfigId="0" cmdlinePath="" id="51" />
		<row title="Subversion: file:///home/rpaterson/smartbear/ccollab-test/results/junit/svnrepo31929" configA="file:///home/rpaterson/smartbear/ccollab-test/results/junit/svnrepo31929" configB="c6042a22-fbaa-4c62-a7cb-709589863493" configC="" configD="" configE="" provider="subversion" scmConfigId="0" cmdlinePath="" id="52" />
		<row title="Vault: VaultDemo Repository - vaultdemo.sourcegear.com" configA="VaultDemo" configB="http://vaultdemo.sourcegear.com/VaultService" configC="VaultDemo Repository" configD="" configE="" provider="vault" scmConfigId="0" cmdlinePath="" id="53" />
		<row title="Subversion: svn+ssh://svn.in.smartbear.com/usr/svn/repos" configA="svn+ssh://svn.in.smartbear.com/usr/svn/repos" configB="6bbfa079-dbb0-41f0-90ff-c2b04ac707e5" configC="" configD="" configE="" provider="subversion" scmConfigId="0" cmdlinePath="" id="54" />
		<row title="Subversion: svn+ssh://svn/usr/svn/www" configA="svn+ssh://svn/usr/svn/www" configB="c9a1609b-4e8e-446c-8b40-f000ba728a80" configC="" configD="" configE="" provider="subversion" scmConfigId="0" cmdlinePath="" id="55" />
		<row title="Perforce: 44444" configA="44444" configB="" configC="" configD="" configE="" provider="perforce" scmConfigId="0" cmdlinePath="" id="56" />
		<row title="Subversion: file:///Demo/vcs/repositories/svn-local" configA="file:///Demo/vcs/repositories/svn-local" configB="9d91c3b1-2138-5e45-86d9-3c26f6552368" configC="" configD="" configE="" provider="subversion" scmConfigId="0" cmdlinePath="" id="57" />
		<row title="Local Filesystem" configA="diffs" configB="git" configC="" configD="" configE="" provider="local" scmConfigId="0" cmdlinePath="" id="58" />
		<row title="Subversion: file:///c:/cygwin/home/will/sandbox-repo" configA="file:///c:/cygwin/home/will/sandbox-repo" configB="9e49395b-fed2-4845-b97f-7bd5693bc5da" configC="" configD="" configE="" provider="subversion" scmConfigId="0" cmdlinePath="" id="59" />
		<row title="Subversion: svn://localhost" configA="svn://localhost" configB="9e49395b-fed2-4845-b97f-7bd5693bc5da" configC="" configD="" configE="" provider="subversion" scmConfigId="0" cmdlinePath="" id="60" />
		<row title="Perforce: greggs-vaio:1666" configA="greggs-vaio:1666" configB="" configC="" configD="" configE="" provider="perforce" scmConfigId="0" cmdlinePath="" id="61" />
		<row title="Subversion: file:///c:/Demo/vcs/repositories/svn-local" configA="file:///c:/Demo/vcs/repositories/svn-local" configB="9d91c3b1-2138-5e45-86d9-3c26f6552368" configC="" configD="" configE="" provider="subversion" scmConfigId="0" cmdlinePath="" id="62" />
		<row title="Subversion: file:///C:/Programming/merge2.2/ccollab-test/results/junit/svnrepo4050" configA="file:///C:/Programming/merge2.2/ccollab-test/results/junit/svnrepo4050" configB="28e0fca4-1588-11de-9083-e71031415d2c" configC="" configD="" configE="" provider="subversion" scmConfigId="0" cmdlinePath="" id="63" />
		<row title="Subversion: file:///C:/Programming/merge2.2/ccollab-test/results/junit/svnrepo4054" configA="file:///C:/Programming/merge2.2/ccollab-test/results/junit/svnrepo4054" configB="2aa4a5a4-1588-11de-8a66-bf8a223a2f5a" configC="" configD="" configE="" provider="subversion" scmConfigId="0" cmdlinePath="" id="64" />
		<row title="Subversion: file:///C:/Programming/merge2.2/ccollab-test/results/junit/svnrepo4047" configA="file:///C:/Programming/merge2.2/ccollab-test/results/junit/svnrepo4047" configB="27b06702-1588-11de-b9c0-6b5fbcefc49a" configC="" configD="" configE="" provider="subversion" scmConfigId="0" cmdlinePath="" id="65" />
		<row title="Subversion: svn+ssh://svn.in.smartbear.com/usr/svn/www" configA="svn+ssh://svn.in.smartbear.com/usr/svn/www" configB="c9a1609b-4e8e-446c-8b40-f000ba728a80" configC="" configD="" configE="" provider="subversion" scmConfigId="0" cmdlinePath="" id="66" />
		<row title="CVS: dev.eclipse.org:/cvsroot/eclipse" configA="dev.eclipse.org" configB="/cvsroot/eclipse" configC="" configD="" configE="" provider="cvs" scmConfigId="0" cmdlinePath="" id="67" />
		<row title="Perforce: 1666" configA="1666" configB="localhost:1666" configC="" configD="" configE="" provider="perforce" scmConfigId="0" cmdlinePath="" id="68" />
		<row title="Subversion: https://willbox/svn/demo" configA="https://willbox/svn/demo" configB="e9919d03-f319-e843-a5cc-9640edd7e3b9" configC="" configD="" configE="" provider="subversion" scmConfigId="0" cmdlinePath="" id="69" />
		<row title="Perforce: Baloo.smartbear.com:1666" configA="baloo:1666" configB="Baloo.smartbear.com:1666" configC="" configD="" configE="" provider="perforce" scmConfigId="0" cmdlinePath="" id="70" />
		<row title="Subversion: svn+ssh://192.168.10.85/usr/svn/repos" configA="svn+ssh://192.168.10.85/usr/svn/repos" configB="6bbfa079-dbb0-41f0-90ff-c2b04ac707e5" configC="" configD="" configE="" provider="subversion" scmConfigId="0" cmdlinePath="" id="71" />
		<row title="Uploaded Files" configA="diffs" configB="git" configC="" configD="" configE="" provider="none" scmConfigId="0" cmdlinePath="" id="72" />
		<row title="Perforce: localhost:1667" configA="1667" configB="localhost:1667" configC="" configD="" configE="" provider="perforce" scmConfigId="0" cmdlinePath="" id="73" />
		<row title="Perforce: perforce:1666" configA="perforce:1666" configB="perforce:1666" configC="" configD="" configE="" provider="perforce" scmConfigId="0" cmdlinePath="" id="74" />
		<row title="Perforce: perforce:1666" configA="willbox:1666" configB="perforce:1666" configC="" configD="" configE="" provider="perforce" scmConfigId="0" cmdlinePath="" id="75" />
		<row title="Uploaded Files" configA="diffs" configB="subversion" configC="" configD="" configE="" provider="none" scmConfigId="0" cmdlinePath="" id="76" />
		<row title="Surround SCM: sscm://192.168.10.119:4900" configA="192.168.10.119:4900" configB="" configC="" configD="" configE="" provider="surround" scmConfigId="0" cmdlinePath="" id="77" />
		<row title="Perforce: greggs-vaio.in.smartbear.com:1666" configA="greggs-vaio:1666" configB="greggs-vaio.in.smartbear.com:1666" configC="" configD="" configE="" provider="perforce" scmConfigId="0" cmdlinePath="" id="78" />
		<row title="Perforce: perforce:1666" configA="buttons:1666" configB="perforce:1666" configC="" configD="" configE="" provider="perforce" scmConfigId="0" cmdlinePath="" id="79" />
		<row title="MKS Source: testw2k3ent:7001" configA="testw2k3ent:7001" configB="" configC="" configD="" configE="" provider="mks" scmConfigId="0" cmdlinePath="" id="80" />
		<row title="Git: localhost" configA="localhost" configB="" configC="" configD="" configE="" provider="git" scmConfigId="89" cmdlinePath="" id="81" />
		<row title="MKS Source: testw2k3ent.in.smartbear.com:7001" configA="testw2k3ent.in.smartbear.com:7001" configB="" configC="" configD="" configE="" provider="mks" scmConfigId="0" cmdlinePath="" id="82" />
		<row title="Subversion: file:///C:/dev/sandbox/svn/repo" configA="file:///C:/dev/sandbox/svn/repo" configB="c7ff516b-7dac-4f40-8a78-6ed3ac9120ec" configC="" configD="" configE="" provider="subversion" scmConfigId="0" cmdlinePath="" id="83" />
		<row title="Perforce: buttons.in.smartbear.com:1666" configA="buttons:1666" configB="buttons.in.smartbear.com:1666" configC="" configD="" configE="" provider="perforce" scmConfigId="0" cmdlinePath="" id="84" />
		<row title="ClearCase: CC-TESTER" configA="CC-TESTER" configB="" configC="" configD="" configE="" provider="clearcase" scmConfigId="0" cmdlinePath="" id="85" />
		<row title="Mercurialnull" configA="" configB="" configC="" configD="" configE="" provider="mercurial" scmConfigId="0" cmdlinePath="" id="86" />
		<row title="Git: cleanmachine:file:///E:/dev/sandbox/git/repo" configA="cleanmachine:file:///E:/dev/sandbox/git/repo" configB="" configC="" configD="" configE="" provider="git" scmConfigId="89" cmdlinePath="" id="87" />
		<row title="Uploaded Files" configA="diffs" configB="vss" configC="" configD="" configE="" provider="none" scmConfigId="0" cmdlinePath="" id="88" />
		<row title="Uploaded Files" configA="diffs" configB="cvs" configC="" configD="" configE="" provider="none" scmConfigId="0" cmdlinePath="" id="89" />
		<row title="Subversion: http://colossal-cave.googlecode.com/svn" configA="http://colossal-cave.googlecode.com/svn" configB="00a8babe-dc63-11dd-9059-71fac19e68c6" configC="" configD="" configE="" provider="subversion" scmConfigId="0" cmdlinePath="" id="90" />
		<row title="AccuRev: CaveBear:demo" configA="CaveBear" configB="demo" configC="" configD="" configE="" provider="accurev" scmConfigId="0" cmdlinePath="" id="91" />
		<row title="Uploaded Files" configA="diffs" configB="starteam" configC="" configD="" configE="" provider="none" scmConfigId="0" cmdlinePath="" id="92" />
		<row title="Subversion: svn+ssh://svn.smartbear.com/usr/svn/www" configA="svn+ssh://svn.smartbear.com/usr/svn/www" configB="c9a1609b-4e8e-446c-8b40-f000ba728a80" configC="" configD="" configE="" provider="subversion" scmConfigId="0" cmdlinePath="" id="93" />
		<row title="Perforce: stateomaine.in.smartbear.com:1666" configA="stateomaine:1666" configB="stateomaine.in.smartbear.com:1666" configC="" configD="" configE="" provider="perforce" scmConfigId="0" cmdlinePath="" id="94" />
		<row title="Git: cleanmachine:file:///E:/dev/sandbox/git/repo" configA="cleanmachine:file:///E:/dev/sandbox/git/repo" configB="9b93dabc342ca20281e32af4b2b09d450e02ac2c" configC="" configD="" configE="" provider="git" scmConfigId="89" cmdlinePath="" id="95" />
		<row title="Surround SCM: sscm://192.168.10.122:4900" configA="192.168.10.122:4900" configB="" configC="" configD="" configE="" provider="surround" scmConfigId="0" cmdlinePath="" id="96" />
		<row title="Git: ssh://nkrishna@git.smartbear.com/usr/git/collab.git" configA="ssh://nkrishna@git.smartbear.com/usr/git/collab.git" configB="6dc3c23cf2bb04b50cd3164eb0b3671c8eee75c1" configC="" configD="" configE="" provider="git" scmConfigId="89" cmdlinePath="" id="97" />
		<row title="Git: ssh://git/usr/git/collab.git" configA="ssh://git/usr/git/collab.git" configB="6dc3c23cf2bb04b50cd3164eb0b3671c8eee75c1" configC="" configD="" configE="" provider="git" scmConfigId="89" cmdlinePath="" id="98" />
		<row title="Subversion: file:///C:/Programming/svn/repo" configA="file:///C:/Programming/svn/repo" configB="3e742398-e075-11df-91cc-91256c15800f" configC="" configD="" configE="" provider="subversion" scmConfigId="0" cmdlinePath="" id="99" />
		<row title="Git: ssh://git.in.smartbear.com/usr/git/collab.git" configA="ssh://git.in.smartbear.com/usr/git/collab.git" configB="6dc3c23cf2bb04b50cd3164eb0b3671c8eee75c1" configC="" configD="" configE="" provider="git" scmConfigId="89" cmdlinePath="" id="100" />
		<row title="Git: E:/dev/sandbox/git/repo2" configA="E:/dev/sandbox/git/repo2" configB="9b93dabc342ca20281e32af4b2b09d450e02ac2c" configC="" configD="" configE="" provider="git" scmConfigId="89" cmdlinePath="" id="101" />
		<row title="Git: ssh://bdurette@git/usr/git/collab.git" configA="ssh://bdurette@git/usr/git/collab.git" configB="6dc3c23cf2bb04b50cd3164eb0b3671c8eee75c1" configC="" configD="" configE="" provider="git" scmConfigId="89" cmdlinePath="" id="102" />
		<row title="AccuRev: accudevbox:truth" configA="accudevbox" configB="truth" configC="" configD="" configE="" provider="accurev" scmConfigId="0" cmdlinePath="" id="103" />
		<row title="Subversion: file:///C:/Programming/git/ccollab-test/results/junit/svnrepo23241" configA="file:///C:/Programming/git/ccollab-test/results/junit/svnrepo23241" configB="6a016762-12ae-11e0-9dc6-ad4720df5fff" configC="" configD="" configE="" provider="subversion" scmConfigId="0" cmdlinePath="" id="104" />
		<row title="Perforce: arktos:2010" configA="" configB="arktos:2010" configC="" configD="" configE="" provider="perforce" scmConfigId="0" cmdlinePath="" id="105" />
		<row title="Perforce: arktos:2002" configA="" configB="arktos:2002" configC="" configD="" configE="" provider="perforce" scmConfigId="0" cmdlinePath="" id="106" />
		<row title="Perforce: baloo2:1666" configA="baloo2:1666" configB="baloo2:1666" configC="" configD="" configE="" provider="perforce" scmConfigId="0" cmdlinePath="" id="107" />
		<row title="Git: cleanmachine:file:///E:/dev/sandbox/git/demo" configA="cleanmachine:file:///E:/dev/sandbox/git/demo" configB="39045c8882faa051b2f1c9758058c44e217431aa" configC="" configD="" configE="" provider="git" scmConfigId="89" cmdlinePath="" id="108" />
		<row title="Perforce: bonvivo:1666" configA="bonvivo:1666" configB="bonvivo:1666" configC="" configD="" configE="" provider="perforce" scmConfigId="0" cmdlinePath="" id="109" />
		<row title="Git: bonvivo:file:////home/codyc/test/sample/git" configA="bonvivo:file:////home/codyc/test/sample/git" configB="022f3a8d17f5df5668ea25854cd17b5caf4df1ee" configC="" configD="" configE="" provider="git" scmConfigId="89" cmdlinePath="" id="110" />
		<row title="Git: ssh://westw@git/usr/git/collab.git" configA="ssh://westw@git/usr/git/collab.git" configB="6dc3c23cf2bb04b50cd3164eb0b3671c8eee75c1" configC="" configD="" configE="" provider="git" scmConfigId="89" cmdlinePath="" id="111" />
		<row title="Git: ssh://git.smartbear.com/usr/git/collab.git" configA="ssh://git.smartbear.com/usr/git/collab.git" configB="6dc3c23cf2bb04b50cd3164eb0b3671c8eee75c1" configC="" configD="" configE="" provider="git" scmConfigId="89" cmdlinePath="" id="112" />
		<row title="Perforce: tiffany-jdpk64l:1666" configA="192.168.10.211:1666" configB="tiffany-jdpk64l:1666" configC="" configD="" configE="" provider="perforce" scmConfigId="0" cmdlinePath="" id="113" />
		<row title="Perforce: gregwyne-OptiPlex-GX620:1666" configA="gregwyne-Optiplex-GX620:1666" configB="gregwyne-OptiPlex-GX620:1666" configC="" configD="" configE="" provider="perforce" scmConfigId="0" cmdlinePath="" id="114" />
		<row title="Subversion: file:///home/codyc/test/svn/repo" configA="file:///home/codyc/test/svn/repo" configB="23945cf7-1f25-462d-b524-538136310b4f" configC="" configD="" configE="" provider="subversion" scmConfigId="0" cmdlinePath="" id="115" />
		<row title="Git: ssh://git.aus.smartbear.com/usr/git/collab.git" configA="ssh://git.aus.smartbear.com/usr/git/collab.git" configB="6dc3c23cf2bb04b50cd3164eb0b3671c8eee75c1" configC="" configD="" configE="" provider="git" scmConfigId="89" cmdlinePath="" id="116" />
		<row title="Git: ssh://westw@git.aus.smartbear.com/usr/git/collab.git" configA="ssh://westw@git.aus.smartbear.com/usr/git/collab.git" configB="6dc3c23cf2bb04b50cd3164eb0b3671c8eee75c1" configC="" configD="" configE="" provider="git" scmConfigId="89" cmdlinePath="" id="117" />
		<row title="Subversion: svn://localhost:35478" configA="svn://localhost:35478" configB="71aaefde-6f20-42f4-8de6-4449d6af9df2" configC="" configD="" configE="" provider="subversion" scmConfigId="0" cmdlinePath="" id="118" />
		<row title="Subversion: file:///C:/svnRepository" configA="file:///C:/svnRepository" configB="f9bea7a3-6621-4642-b6ca-699246ce133d" configC="" configD="" configE="" provider="subversion" scmConfigId="0" cmdlinePath="" id="119" />
		<row title="Subversion: file:///C:/svnRepository" configA="file:///C:/svnRepository" configB="218cd2f2-4b24-4a54-a548-78c736653a61" configC="" configD="" configE="" provider="subversion" scmConfigId="0" cmdlinePath="" id="120" />
		<row title="Subversion: file:///C:/checkout/collab/ccollab-test/results/junit/svnrepo7573248310206910837.tmp" configA="file:///C:/checkout/collab/ccollab-test/results/junit/svnrepo7573248310206910837.tmp" configB="7ef547ba-acd4-47fa-9a5e-57f990d01f44" configC="" configD="" configE="" provider="subversion" scmConfigId="0" cmdlinePath="" id="121" />
		<row title="Subversion: file:///C:/svnRepository" configA="file:///C:/svnRepository" configB="90545d88-e8ac-4dec-9a9f-6f35572a23da" configC="" configD="" configE="" provider="subversion" scmConfigId="0" cmdlinePath="" id="122" />
		<row title="Subversion: file:///home/will/t/1.6/repo" configA="file:///home/will/t/1.6/repo" configB="f68943ad-831a-40ad-a978-ad3999a6c88a" configC="" configD="" configE="" provider="subversion" scmConfigId="0" cmdlinePath="" id="123" />
		<row title="Subversion: svn+ssh://svn.aus.smartbear.com/usr/svn/www" configA="svn+ssh://svn.aus.smartbear.com/usr/svn/www" configB="c9a1609b-4e8e-446c-8b40-f000ba728a80" configC="" configD="" configE="" provider="subversion" scmConfigId="0" cmdlinePath="" id="124" />
		<row title="ClearCase: 10.0.32.151" configA="10.0.32.151" configB="" configC="" configD="" configE="" provider="clearcase" scmConfigId="0" cmdlinePath="" id="125" />
		<row title="Subversion: file:///home/rpaterson/Programming/svn/repo" configA="file:///home/rpaterson/Programming/svn/repo" configB="22b71e06-e470-4181-b483-f8a3be79260a" configC="" configD="" configE="" provider="subversion" scmConfigId="0" cmdlinePath="" id="126" />
		<row title="Team Foundation Server: server-2008\DefaultCollection" configA="server-2008\DefaultCollection" configB="" configC="" configD="" configE="" provider="tfs" scmConfigId="0" cmdlinePath="" id="127" />
		<row title="ClearCase: cc-server" configA="cc-server" configB="" configC="" configD="" configE="" provider="clearcase" scmConfigId="0" cmdlinePath="" id="128" />
		<row title="ClearCase: Ruhongvmwin2008" configA="Ruhongvmwin2008" configB="" configC="" configD="" configE="" provider="clearcase" scmConfigId="0" cmdlinePath="" id="129" />
		<row title="Rational Team Concert: Team Repository: https://localhost:9443/jazz/" configA="https://localhost:9443/jazz/" configB="" configC="" configD="" configE="" provider="rtc" scmConfigId="0" cmdlinePath="" id="130" />
		<row title="Uploaded Files" configA="diffs" configB="mercurial" configC="" configD="" configE="" provider="none" scmConfigId="0" cmdlinePath="" id="131" />
		<row title="Git: ssh://hjung@git/usr/git/collab.git" configA="ssh://hjung@git/usr/git/collab.git" configB="6dc3c23cf2bb04b50cd3164eb0b3671c8eee75c1" configC="" configD="" configE="" provider="git" scmConfigId="89" cmdlinePath="" id="132" />
		<row title="Team Foundation Server: win-oi1f311jmr0\DefaultCollection" configA="win-oi1f311jmr0\DefaultCollection" configB="" configC="" configD="" configE="" provider="tfs" scmConfigId="0" cmdlinePath="" id="133" />
		<row title="Team Foundation Server: http://localhost:8080/tfs/" configA="http://localhost:8080/tfs/" configB="" configC="" configD="" configE="" provider="tfs" scmConfigId="0" cmdlinePath="" id="134" />
		<row title="Perforce: practivate.adobe.com:1666" configA="" configB="practivate.adobe.com:1666" configC="" configD="" configE="" provider="perforce" scmConfigId="0" cmdlinePath="" id="135" />
		<row title="Perforce: InternBear.aus.smartbear.com:1666" configA="INTERNBEAR:1666" configB="InternBear.aus.smartbear.com:1666" configC="" configD="" configE="" provider="perforce" scmConfigId="0" cmdlinePath="" id="136" />
		<row title="Perforce: InternBear.aus.smartbear.com:1666" configA="" configB="InternBear.aus.smartbear.com:1666" configC="" configD="" configE="" provider="perforce" scmConfigId="0" cmdlinePath="" id="137" />
		<row title="Perforce: localhost:1666" configA="" configB="localhost:1666" configC="" configD="" configE="" provider="perforce" scmConfigId="0" cmdlinePath="" id="138" />
		<row title="Perforce: beartic:1666" configA="" configB="beartic:1666" configC="" configD="" configE="" provider="perforce" scmConfigId="0" cmdlinePath="" id="139" />
		<row title="Perforce: beartic:1666" configA="beartic:1666" configB="beartic:1666" configC="" configD="" configE="" provider="perforce" scmConfigId="0" cmdlinePath="" id="140" />
		<row title="Subversion: file:///home/djohns/prj/svntest/testrepo" configA="file:///home/djohns/prj/svntest/testrepo" configB="976da77d-9d55-471b-b0f7-3fef4ec83d1c" configC="" configD="" configE="" provider="subversion" scmConfigId="0" cmdlinePath="" id="141" />
		<row title="Perforce: Hamuul:1666" configA="Hamuul:1666" configB="Hamuul:1666" configC="" configD="" configE="" provider="perforce" scmConfigId="0" cmdlinePath="" id="142" />
		<row title="Perforce: Hamuul:1666" configA="" configB="Hamuul:1666" configC="" configD="" configE="" provider="perforce" scmConfigId="0" cmdlinePath="" id="143" />
		<row title="Uploaded Files" configA="diffs" configB="accurev" configC="" configD="" configE="" provider="none" scmConfigId="0" cmdlinePath="" id="144" />
		<row title="Git" configA="ssh://10.0.10.133/usr/git/collab.git" configB="6dc3c23cf2bb04b50cd3164eb0b3671c8eee75c1" configC="" configD="" configE="" provider="git" scmConfigId="89" cmdlinePath="" id="145" />
		<row title="ClearCase: 10.0.32.133" configA="10.0.32.133" configB="" configC="" configD="" configE="" provider="clearcase" scmConfigId="0" cmdlinePath="" id="146" />
		<row title="Git" configA="ssh://git/usr/git/dbcp.git" configB="8d67193ea9f1d9706ef762b5bcbb066d2993c312" configC="" configD="" configE="" provider="git" scmConfigId="89" cmdlinePath="" id="147" />
		<row title="Surround SCM: sscm://scmsurround.aus.smartbear.com:4900" configA="scmsurround.aus.smartbear.com:4900" configB="" configC="" configD="" configE="" provider="surround" scmConfigId="0" cmdlinePath="" id="148" />
		<row title="Subversion: file:///home/codyc/Downloads/cases/66838/repo" configA="file:///home/codyc/Downloads/cases/66838/repo" configB="f4c877b5-ad67-453a-9e6c-4e859e2bbc8c" configC="" configD="" configE="" provider="subversion" scmConfigId="0" cmdlinePath="" id="149" />
		<row title="ClearCase: clearcase8" configA="clearcase8" configB="" configC="" configD="" configE="" provider="clearcase" scmConfigId="0" cmdlinePath="" id="150" />
		<row title="CVS: Hamuul:/home/lluna/cvs/repo" configA="Hamuul" configB="/home/lluna/cvs/repo" configC="" configD="" configE="" provider="cvs" scmConfigId="0" cmdlinePath="" id="151" />
		<row title="Team Foundation Server: http://server-2008:8080/tfs/" configA="http://server-2008:8080/tfs/" configB="" configC="" configD="" configE="" provider="tfs" scmConfigId="0" cmdlinePath="" id="152" />
		<row title="Git" configA="/home/lluna/checkout/collab.clean/../collab/" configB="6dc3c23cf2bb04b50cd3164eb0b3671c8eee75c1" configC="" configD="" configE="" provider="git" scmConfigId="89" cmdlinePath="" id="153" />
		<row title="Perforce: HannahJung-PC.aus.smartbear.com:1666" configA="" configB="HannahJung-PC.aus.smartbear.com:1666" configC="" configD="" configE="" provider="perforce" scmConfigId="0" cmdlinePath="" id="154" />
		<row title="Subversion: http://cairuhong-pc:81/svn/newCode" configA="http://cairuhong-pc:81/svn/newCode" configB="4dbc67c6-9325-8446-89e9-dea2783d866c" configC="" configD="" configE="" provider="subversion" scmConfigId="0" cmdlinePath="" id="155" />
		<row title="Subversion: file:///C:/svn/repo" configA="file:///C:/svn/repo" configB="e96ba1e6-118f-c843-a47a-3129f2567dd9" configC="" configD="" configE="" provider="subversion" scmConfigId="0" cmdlinePath="" id="156" />
		<row title="Team Foundation Server: http://server-2008:8080/tfs/defaultcollection" configA="http://server-2008:8080/tfs/defaultcollection" configB="" configC="" configD="" configE="" provider="tfs" scmConfigId="0" cmdlinePath="" id="157" />
		<row title="Git" configA="ssh://172.16.9.17/home/lluna/checkout/collab" configB="6dc3c23cf2bb04b50cd3164eb0b3671c8eee75c1" configC="" configD="" configE="" provider="git" scmConfigId="89" cmdlinePath="" id="158" />
		<row title="Team Foundation Server: https://smartbeartest.visualstudio.com/defaultcollection" configA="https://smartbeartest.visualstudio.com/defaultcollection" configB="" configC="" configD="" configE="" provider="tfs" scmConfigId="0" cmdlinePath="" id="159" />
		<row title="Team Foundation Server: https://smartbeartest.visualstudio.com/defaultcollection/" configA="https://smartbeartest.visualstudio.com/defaultcollection/" configB="" configC="" configD="" configE="" provider="tfs" scmConfigId="0" cmdlinePath="" id="160" />
		<row title="Team Foundation Server: smartbeartest.visualstudio.com/DefaultCollection" configA="smartbeartest.visualstudio.com/DefaultCollection" configB="" configC="" configD="" configE="" provider="tfs" scmConfigId="0" cmdlinePath="" id="161" />
		<row title="Subversion: file:///C:%5Csvn%5Crepo" configA="file:///C:%5Csvn%5Crepo" configB="e96ba1e6-118f-c843-a47a-3129f2567dd9" configC="" configD="" configE="" provider="subversion" scmConfigId="0" cmdlinePath="" id="162" />
		<row title="Subversion: file:///C:/svn17/repo" configA="file:///C:/svn17/repo" configB="96d8f695-7baf-43eb-a89f-56a5030ebd5b" configC="" configD="" configE="" provider="subversion" scmConfigId="0" cmdlinePath="" id="163" />
		<row title="Git" configA="/home/santiago/Proyectos/SmartBear/Collaborator/cloned-repo/collab/" configB="6dc3c23cf2bb04b50cd3164eb0b3671c8eee75c1" configC="" configD="" configE="" provider="git" scmConfigId="89" cmdlinePath="" id="164" />
		<row title="Git" configA="ssh://pj@svn.in.smartbear.com/usr/git/collab.git" configB="6dc3c23cf2bb04b50cd3164eb0b3671c8eee75c1" configC="" configD="" configE="" provider="git" scmConfigId="89" cmdlinePath="" id="165" />
		<row title="Subversion: file:///C:%5Csvn17%5Crepo" configA="file:///C:%5Csvn17%5Crepo" configB="96d8f695-7baf-43eb-a89f-56a5030ebd5b" configC="" configD="" configE="" provider="subversion" scmConfigId="0" cmdlinePath="" id="166" />
		<row title="Git" configA="ssh://smurchio@git.aus.smartbear.com/usr/git/collab.git" configB="6dc3c23cf2bb04b50cd3164eb0b3671c8eee75c1" configC="" configD="" configE="" provider="git" scmConfigId="89" cmdlinePath="" id="167" />
		<row title="Git" configA="ssh://codyc@git.in.smartbear.com/usr/git/collab.git" configB="6dc3c23cf2bb04b50cd3164eb0b3671c8eee75c1" configC="" configD="" configE="" provider="git" scmConfigId="89" cmdlinePath="" id="168" />
		<row title="Git" configA="ssh://codyc@git.in.smartbear.com/usr/git/manual.git" configB="9fe02f7fee86aa0161618bb3dea89f36f6eb1713" configC="" configD="" configE="" provider="git" scmConfigId="89" cmdlinePath="" id="169" />
		<row title="Git" configA="ssh://git.aus.smartbear.com/usr/git/manual.git" configB="9fe02f7fee86aa0161618bb3dea89f36f6eb1713" configC="" configD="" configE="" provider="git" scmConfigId="89" cmdlinePath="" id="170" />
		<row title="Git" configA="ssh://codyc@winterpark.smartbear.com/usr/git/collab.git" configB="6dc3c23cf2bb04b50cd3164eb0b3671c8eee75c1" configC="" configD="" configE="" provider="git" scmConfigId="89" cmdlinePath="" id="171" />
		<row title="Git" configA="ssh://git.aus.smartbear.com/usr/git/collab" configB="6dc3c23cf2bb04b50cd3164eb0b3671c8eee75c1" configC="" configD="" configE="" provider="git" scmConfigId="89" cmdlinePath="" id="172" />
		<row title="Git" configA="ssh://lluna@172.16.8.27/home/lluna/checkout/collab" configB="6dc3c23cf2bb04b50cd3164eb0b3671c8eee75c1" configC="" configD="" configE="" provider="git" scmConfigId="89" cmdlinePath="" id="173" />
		<row title="Git" configA="ssh://git/usr/git/manual.git" configB="9fe02f7fee86aa0161618bb3dea89f36f6eb1713" configC="" configD="" configE="" provider="git" scmConfigId="89" cmdlinePath="" id="174" />
		<row title="Git" configA="ssh://mjackson@git/usr/git/collab.git" configB="6dc3c23cf2bb04b50cd3164eb0b3671c8eee75c1" configC="" configD="" configE="" provider="git" scmConfigId="89" cmdlinePath="" id="175" />
		<row title="Git" configA="ssh://lluna@172.16.8.27/~/checkout/collab" configB="6dc3c23cf2bb04b50cd3164eb0b3671c8eee75c1" configC="" configD="" configE="" provider="git" scmConfigId="89" cmdlinePath="" id="176" />
		<row title="Git" configA="ssh://172.16.8.27/home/lluna/checkout/collab" configB="6dc3c23cf2bb04b50cd3164eb0b3671c8eee75c1" configC="" configD="" configE="" provider="git" scmConfigId="89" cmdlinePath="" id="177" />
		<row title="Git" configA="ssh://cairuhong@git/usr/git/collab.git" configB="6dc3c23cf2bb04b50cd3164eb0b3671c8eee75c1" configC="" configD="" configE="" provider="git" scmConfigId="89" cmdlinePath="" id="178" />
		<row title="Git" configA="ssh://git.aus.smartbear.com/usr/git/web.git" configB="89026918cc96183705a2a0dd4464e505b85826aa" configC="" configD="" configE="" provider="git" scmConfigId="89" cmdlinePath="" id="179" />
		<row title="Subversion: file:///home/svn/myproject" configA="file:///home/svn/myproject" configB="10486d52-4f52-40ce-801e-d7dedccb6c3d" configC="" configD="" configE="" provider="subversion" scmConfigId="0" cmdlinePath="" id="180" />
		<row title="Git" configA="ssh://git/usr/git/web.git" configB="89026918cc96183705a2a0dd4464e505b85826aa" configC="" configD="" configE="" provider="git" scmConfigId="89" cmdlinePath="" id="181" />
		<row title="Git" configA="ssh://10.0.10.133/usr/git/manual.git" configB="9fe02f7fee86aa0161618bb3dea89f36f6eb1713" configC="" configD="" configE="" provider="git" scmConfigId="89" cmdlinePath="" id="182" />
		<row title="Subversion: svn+ssh://localhost/home/lluna/svnTest/testSvnRepo" configA="svn+ssh://localhost/home/lluna/svnTest/testSvnRepo" configB="c86a5757-2fe8-494a-bde9-f842ca19a6af" configC="" configD="" configE="" provider="subversion" scmConfigId="0" cmdlinePath="" id="183" />
		<row title="CVS: localhost:/cvsrepo" configA="localhost" configB="/cvsrepo" configC="" configD="" configE="" provider="cvs" scmConfigId="0" cmdlinePath="" id="184" />
		<row title="Subversion: svn://10.0.32.182/test" configA="svn://10.0.32.182/test" configB="72cf6ded-38bd-4d59-a66b-1dc1c01c6912" configC="" configD="" configE="" provider="subversion" scmConfigId="0" cmdlinePath="" id="185" />
		<row title="Git" configA="" configB="1dafc283d1b87619d340aa4e93c015e4de1d257a" configC="" configD="" configE="" provider="git" scmConfigId="89" cmdlinePath="" id="186" />
		<row title="Git" configA="ssh://mzuniga@git/usr/git/collab.git" configB="6dc3c23cf2bb04b50cd3164eb0b3671c8eee75c1" configC="" configD="" configE="" provider="git" scmConfigId="89" cmdlinePath="" id="187" />
		<row title="Subversion: file:///C:/svnRepository" configA="file:///C:/svnRepository" configB="0208b02d-388f-1440-9596-0cb4b9e7ebee" configC="" configD="" configE="" provider="subversion" scmConfigId="0" cmdlinePath="" id="188" />
		<row title="Subversion: file:///home/lluna/testSvn/legacy" configA="file:///home/lluna/testSvn/legacy" configB="f909ebd9-c347-4704-90c4-a6ba21dfa922" configC="" configD="" configE="" provider="subversion" scmConfigId="0" cmdlinePath="" id="189" />
		<row title="Subversion: file:///C:/svnRepository" configA="file:///C:/svnRepository" configB="2e9fcd8d-3b72-f74e-b15f-397527ca85f3" configC="" configD="" configE="" provider="subversion" scmConfigId="0" cmdlinePath="" id="190" />
		<row title="Subversion: file:///C:/svnRepository" configA="file:///C:/svnRepository" configB="6bcccbb0-a327-6642-8af2-aadfd407143b" configC="" configD="" configE="" provider="subversion" scmConfigId="0" cmdlinePath="" id="191" />
		<row title="Subversion: file:///C:/svnRepository" configA="file:///C:/svnRepository" configB="5a123d12-656f-d147-9d27-f67810dcf8e0" configC="" configD="" configE="" provider="subversion" scmConfigId="0" cmdlinePath="" id="192" />
		<row title="Git" configA="ssh://172.16.10.233/home/lluna/checkout/collab" configB="6dc3c23cf2bb04b50cd3164eb0b3671c8eee75c1" configC="" configD="" configE="" provider="git" scmConfigId="89" cmdlinePath="" id="193" />
		<row title="Git" configA="ssh://mzuniga@git.aus.smartbear.com/usr/git/collab.git" configB="6dc3c23cf2bb04b50cd3164eb0b3671c8eee75c1" configC="" configD="" configE="" provider="git" scmConfigId="89" cmdlinePath="" id="194" />
		<row title="Git" configA="artems@git.aus.smartbear.com:/usr/git/manual.git" configB="9fe02f7fee86aa0161618bb3dea89f36f6eb1713" configC="" configD="" configE="" provider="git" scmConfigId="89" cmdlinePath="" id="195" />
		<row title="Subversion: file:///home/lluna/testSvn/testRepo" configA="file:///home/lluna/testSvn/testRepo" configB="840f2376-99b8-473b-a3a6-6ce549109e89" configC="" configD="" configE="" provider="subversion" scmConfigId="0" cmdlinePath="" id="196" />
		<row title="Git" configA="ssh://git/usr/git/collab.git" configB="6520a20becce71ce4c58a261471d82271fedba72" configC="" configD="" configE="" provider="git" scmConfigId="89" cmdlinePath="" id="197" />
		<row title="Git" configA="artems@git.aus.smartbear.com:/usr/git/collab.git" configB="6dc3c23cf2bb04b50cd3164eb0b3671c8eee75c1" configC="" configD="" configE="" provider="git" scmConfigId="89" cmdlinePath="" id="198" />
		<row title="Git" configA="ssh://rick@git.aus.smartbear.com/usr/git/collab.git" configB="6dc3c23cf2bb04b50cd3164eb0b3671c8eee75c1" configC="" configD="" configE="" provider="git" scmConfigId="89" cmdlinePath="" id="199" />
		<row title="Git" configA="GIT_DIR" configB="C:\GitSources\collab\manual" configC="" configD="" configE="" provider="git" scmConfigId="89" cmdlinePath="" id="200" />
		<row title="Git" configA="GIT_DIR=C:\GitSources\collab\manual" configB="" configC="" configD="" configE="" provider="git" scmConfigId="89" cmdlinePath="" id="201" />
		<row title="Git" configA="currentdirectory=C:\GitSources\collab\manual" configB="globalprovider=git" configC="scm=git" configD="gitexe=C:\Program Files\Git\bin\git.exe" configE="" provider="git" scmConfigId="89" cmdlinePath="" id="202" />
		<row title="Git" configA="currentdirectory=C:\GitSources\myProject" configB="globalprovider=git" configC="scm=git" configD="gitexe=C:\Program Files\Git\bin\git.exe" configE="" provider="git" scmConfigId="89" cmdlinePath="" id="203" />
		<row title="Git" configA="" configB="df08dc38152fd371cb7fb3d27d1708b3ee83b744" configC="" configD="" configE="" provider="git" scmConfigId="89" cmdlinePath="" id="204" />
		<row title="Git" configA="ssh://alexeyk@git.aus.smartbear.com/usr/git/manual.git" configB="9fe02f7fee86aa0161618bb3dea89f36f6eb1713" configC="" configD="" configE="" provider="git" scmConfigId="89" cmdlinePath="" id="205" />
		<row title="Git" configA="ssh://aivashchenko@git.aus.smartbear.com/usr/git/collab.git" configB="6dc3c23cf2bb04b50cd3164eb0b3671c8eee75c1" configC="" configD="" configE="" provider="git" scmConfigId="89" cmdlinePath="" id="206" />
		<row title="Git" configA="ssh://kplotnyk@git.aus.smartbear.com/usr/git/collab.git" configB="6dc3c23cf2bb04b50cd3164eb0b3671c8eee75c1" configC="" configD="" configE="" provider="git" scmConfigId="89" cmdlinePath="" id="207" />
		<row title="Git" configA="" configB="2414d19f1221195a5b775be4a3939bbb81c3919c" configC="" configD="" configE="" provider="git" scmConfigId="89" cmdlinePath="" id="208" />
		<row title="Git" configA="" configB="5c637a1295e7f9e58ce01022e0d8f628e53ae50b" configC="" configD="" configE="" provider="git" scmConfigId="89" cmdlinePath="" id="209" />
		<row title="Git" configA="" configB="18dd3d078044ea00cebfc79b74af4956c628738a" configC="" configD="" configE="" provider="git" scmConfigId="89" cmdlinePath="" id="210" />
		<row title="Git" configA="" configB="309e0fbe995c89f69f537cad6bb51bae60da649d" configC="" configD="" configE="" provider="git" scmConfigId="89" cmdlinePath="" id="211" />
		<row title="Subversion: file:///C:/svnRepository" configA="file:///C:/svnRepository" configB="c2097fdb-ef73-4d48-a1b2-326046ed6f56" configC="" configD="" configE="" provider="subversion" scmConfigId="0" cmdlinePath="" id="212" />
		<row title="Perforce: nb-andi.kyiv.ciklum.net:1666" configA="" configB="nb-andi.kyiv.ciklum.net:1666" configC="" configD="" configE="" provider="perforce" scmConfigId="0" cmdlinePath="" id="213" />
		<row title="Git" configA="ssh://rick@git.aus.smartbear.com/usr/git/windows.git" configB="0fdf0b909aa2311112810b82651427d40547b0b6" configC="" configD="" configE="" provider="git" scmConfigId="89" cmdlinePath="" id="214" />
		<row title="Git" configA="https://github.com/mzumbado/java-design-patterns" configB="54d54097ebfba82ac3b28adb21826f10fec01965" configC="" configD="" configE="" provider="git" scmConfigId="89" cmdlinePath="" id="215" />
		<row title="Git" configA="" configB="git" configC="git" configD="" configE="" provider="git" scmConfigId="89" cmdlinePath="" id="216" />
		<row title="Subversion: file:///home/svnroot/repos/test" configA="file:///home/svnroot/repos/test" configB="392e206a-bc5b-4abd-8aa7-c0909348d0a2" configC="" configD="" configE="" provider="subversion" scmConfigId="0" cmdlinePath="" id="217" />
		<row title="Subversion: diffs" configA="diffs" configB="subversion" configC="" configD="" configE="" provider="subversion" scmConfigId="0" cmdlinePath="" id="218" />
		<row title="Git" configA="" configB="380e3f20895b6310c904ffb511afeefed7ad35c8" configC="" configD="" configE="" provider="git" scmConfigId="89" cmdlinePath="" id="219" />
		<row title="Git" configA="ssh://ygemba@git.aus.smartbear.com/usr/git/collab.git" configB="6dc3c23cf2bb04b50cd3164eb0b3671c8eee75c1" configC="" configD="" configE="" provider="git" scmConfigId="89" cmdlinePath="" id="220" />
		<row title="Git" configA="36946575" configB="https://github.com/rickalmeidaSB/SBDemoRepo.git" configC="" configD="" configE="" provider="git" scmConfigId="89" cmdlinePath="" id="221" />
		<row title="Git" configA="34789978" configB="https://github.com/yegorius/collab-test.git" configC="" configD="" configE="" provider="git" scmConfigId="89" cmdlinePath="" id="222" />
		<row title="Git" configA="ssh://kplotnyk@winterpark-collab-sb.cloudapp.net/usr/git/collab.git" configB="6dc3c23cf2bb04b50cd3164eb0b3671c8eee75c1" configC="" configD="" configE="" provider="git" scmConfigId="89" cmdlinePath="" id="223" />
		<row title="Git" configA="ssh://aivashchenko@winterpark-collab-sb.cloudapp.net/usr/git/collab.git" configB="6dc3c23cf2bb04b50cd3164eb0b3671c8eee75c1" configC="" configD="" configE="" provider="git" scmConfigId="89" cmdlinePath="" id="224" />
		<row title="Git" configA="mjackson@winterpark-collab-sb.cloudapp.net:/usr/git/collab.git" configB="6dc3c23cf2bb04b50cd3164eb0b3671c8eee75c1" configC="" configD="" configE="" provider="git" scmConfigId="89" cmdlinePath="" id="225" />
		<row title="Git" configA="ssh://git.aus.smartbear.com/usr/git/sysadmin.git" configB="719aeb8e9fd55758855d3920bc064af862ea2a27" configC="" configD="" configE="" provider="git" scmConfigId="89" cmdlinePath="" id="226" />
		<row title="Subversion: svn://localhost" configA="svn://localhost" configB="84d2aa63-94eb-9047-9aa6-7acbc1d830f1" configC="" configD="" configE="" provider="subversion" scmConfigId="0" cmdlinePath="" id="227" />
		<row title="Git" configA="asataev@winterpark-collab-sb.cloudapp.net:/usr/git/manual.git" configB="9fe02f7fee86aa0161618bb3dea89f36f6eb1713" configC="" configD="" configE="" provider="git" scmConfigId="89" cmdlinePath="" id="228" />
		<row title="Subversion: /C:/svnrepo" configA="/C:/svnrepo" configB="b340eb24-d376-b449-baab-7f84da42173e" configC="" configD="" configE="" provider="subversion" scmConfigId="0" cmdlinePath="" id="229" />
		<row title="Subversion: /C:/svnrepo" configA="/C:/svnrepo" configB="b340eb24-d376-b449-baab-7f84da42173e" configC="" configD="" configE="" provider="subversion" scmConfigId="0" cmdlinePath="" id="230" />
		<row title="Subversion: /C:/svnrepo" configA="/C:/svnrepo" configB="b340eb24-d376-b449-baab-7f84da42173e" configC="" configD="" configE="" provider="subversion" scmConfigId="0" cmdlinePath="" id="231" />
		<row title="Git" configA="ssh://mjackson@git.aus.smartbear.com/usr/git/collab.git" configB="6dc3c23cf2bb04b50cd3164eb0b3671c8eee75c1" configC="" configD="" configE="" provider="git" scmConfigId="89" cmdlinePath="" id="232" />
		<row title="Git" configA="ssh://cairuhong@git.aus.smartbear.com/usr/git/collab.git" configB="6dc3c23cf2bb04b50cd3164eb0b3671c8eee75c1" configC="" configD="" configE="" provider="git" scmConfigId="89" cmdlinePath="" id="233" />
		<row title="Git" configA="ssh://agubanov@git.aus.smartbear.com/usr/git/collab.git" configB="6dc3c23cf2bb04b50cd3164eb0b3671c8eee75c1" configC="" configD="" configE="" provider="git" scmConfigId="89" cmdlinePath="" id="234" />
		<row title="Git" configA="asataev@git.aus.smartbear.com:/usr/git/manual.git" configB="9fe02f7fee86aa0161618bb3dea89f36f6eb1713" configC="" configD="" configE="" provider="git" scmConfigId="89" cmdlinePath="" id="235" />
		<row title="Git" configA="git+ssh://git.aus.smartbear.com/usr/git/web.git" configB="89026918cc96183705a2a0dd4464e505b85826aa" configC="" configD="" configE="" provider="git" scmConfigId="89" cmdlinePath="" id="236" />
		<row title="Git" configA="ssh://tmorozova@git.aus.smartbear.com/usr/git/collab.git" configB="6dc3c23cf2bb04b50cd3164eb0b3671c8eee75c1" configC="" configD="" configE="" provider="git" scmConfigId="89" cmdlinePath="" id="237" />
		<row title="Git" configA="ssh://vsheyneman@git.aus.smartbear.com/usr/git/collab.git" configB="6dc3c23cf2bb04b50cd3164eb0b3671c8eee75c1" configC="" configD="" configE="" provider="git" scmConfigId="89" cmdlinePath="" id="238" />
		<row title="Team Foundation Server: cairuhong.visualstudio.com/DefaultCollection" configA="cairuhong.visualstudio.com/DefaultCollection" configB="" configC="" configD="" configE="" provider="tfs" scmConfigId="0" cmdlinePath="" id="239" />
		<row title="Git" configA="github.com/zapelin/collab-github-v2.git" configB="1fc18573c91796e3c019e85b047dba28a0c543c5" configC="" configD="" configE="" provider="git" scmConfigId="89" cmdlinePath="" id="240" />
		<row title="Git" configA="github.com/zapelin/collab-github-v2.git" configB="1fc18573c91796e3c019e85b047dba28a0c543c5" configC="" configD="" configE="" provider="git" scmConfigId="89" cmdlinePath="" id="241" />
		<row title="Git" configA="github.com/zapelin/collab-github-v2.git" configB="1fc18573c91796e3c019e85b047dba28a0c543c5" configC="" configD="" configE="" provider="git" scmConfigId="89" cmdlinePath="" id="242" />
		<row title="Git" configA="github.com/zapelin/collab-github-v2.git" configB="1fc18573c91796e3c019e85b047dba28a0c543c5" configC="" configD="" configE="" provider="git" scmConfigId="89" cmdlinePath="" id="243" />
		<row title="Git" configA="itarhov@git.aus.smartbear.com:/usr/git/manual.git" configB="9fe02f7fee86aa0161618bb3dea89f36f6eb1713" configC="" configD="" configE="" provider="git" scmConfigId="89" cmdlinePath="" id="244" />
		<row title="Git" configA="ssh://itarhov@git.aus.smartbear.com:/usr/git/collab.git" configB="6dc3c23cf2bb04b50cd3164eb0b3671c8eee75c1" configC="" configD="" configE="" provider="git" scmConfigId="89" cmdlinePath="" id="245" />
		<row title="Git" configA="ssh://ralmeida@git.aus.smartbear.com/usr/git/collab.git" configB="6dc3c23cf2bb04b50cd3164eb0b3671c8eee75c1" configC="" configD="" configE="" provider="git" scmConfigId="89" cmdlinePath="" id="246" />
		<row title="Git" configA="61708406" configB="https://github.com/zapelin/collab-github-test.git" configC="" configD="" configE="" provider="git" scmConfigId="89" cmdlinePath="" id="247" />
		<row title="Subversion: file:///home/orion/svntestrepo" configA="file:///home/orion/svntestrepo" configB="99d166a2-a016-4868-a74e-de1fccf2e4f3" configC="" configD="" configE="" provider="subversion" scmConfigId="0" cmdlinePath="" id="248" />
		<row title="Subversionnull" configA="" configB="" configC="" configD="" configE="" provider="subversion" scmConfigId="0" cmdlinePath="" id="249" />
		<row title="Subversion: http://colossal-cave.googlecode.com/svn" configA="http://colossal-cave.googlecode.com/svn" configB="" configC="" configD="" configE="" provider="subversion" scmConfigId="0" cmdlinePath="" id="250" />
		<row title="Git" configA="ssh://ayeremeyev@git.aus.smartbear.com/usr/git/collab.git" configB="6dc3c23cf2bb04b50cd3164eb0b3671c8eee75c1" configC="" configD="" configE="" provider="git" scmConfigId="89" cmdlinePath="" id="251" />
		<row title="Git" configA="" configB="aa0ad70a49d870d2cb2fd39b16d48c7861d9fafa" configC="" configD="" configE="" provider="git" scmConfigId="89" cmdlinePath="" id="252" />
		<row title="PTC Integrity: 127.0.0.1:7001" configA="127.0.0.1:7001" configB="" configC="" configD="" configE="" provider="mks" scmConfigId="0" cmdlinePath="" id="253" />
		<row title="Rational Team Concert: Team Repository: https://localhost:9443/ccm/ - Component: PA-02 Default Component" configA="https://localhost:9443/ccm/" configB="PA-02 Default Component" configC="_e1Rt8PWzEeW8NJYvtV8QWg" configD="" configE="" provider="rtc" scmConfigId="0" cmdlinePath="" id="254" />
		<row title="Git" configA="https://divivitaly@github.com/SmartBear/ready-tc-com-lib.git" configB="a4e9d161b3e7fe82430ad9e663c27f5569a1fdcb" configC="" configD="" configE="" provider="git" scmConfigId="89" cmdlinePath="" id="255" />
		<row title="Git" configA="ssh://kplotnyk@winterpark-collab-sb.cloudapp.net/usr/git/collab.git" configB="3b7f9422f4d6c0472b64c4be29f294875f2dd4f5" configC="" configD="" configE="" provider="git" scmConfigId="89" cmdlinePath="" id="256" />
		<row title="Git" configA="https://github.com/rickalmeidaSB/SBDemoRepo.git" configB="41a537ba7055015b39848875ec8f0ec50d024725" configC="" configD="" configE="" provider="git" scmConfigId="89" cmdlinePath="" id="257" />
		<row title="Team Foundation Server: http://localhost/tfs/Defaultcollection" configA="http://localhost/tfs/Defaultcollection" configB="" configC="" configD="" configE="" provider="tfs" scmConfigId="0" cmdlinePath="" id="258" />
		<row title="Git" configA="https://rickalmeida@bitbucket.org/rickalmeida/test.git" configB="359b1888457a3bd2049bdb844153b306f6e0660d" configC="" configD="" configE="" provider="git" scmConfigId="89" cmdlinePath="" id="259" />
		<row title="Git" configA="ssh://estelmashok@git.aus.smartbear.com/usr/git/collab.git" configB="6dc3c23cf2bb04b50cd3164eb0b3671c8eee75c1" configC="" configD="" configE="" provider="git" scmConfigId="89" cmdlinePath="" id="260" />
		<row title="Git" configA="https://github.com/SmartBear/collab-windows.git" configB="7ae863d741b7a37fa94b6a14706d0a69bfd9f169" configC="" configD="" configE="" provider="git" scmConfigId="89" cmdlinePath="" id="261" />
		<row title="Git" configA="https://github.com/SmartBear/collab-bitbucket-plugin.git" configB="b0a687645bbfd1408ce3291f154a0039d08af6c6" configC="" configD="" configE="" provider="git" scmConfigId="89" cmdlinePath="" id="262" />
		<row title="Subversion: https://nb-kpl.kyiv.ciklum.net/svn/trunk" configA="https://nb-kpl.kyiv.ciklum.net/svn/trunk" configB="684f0797-4c1b-974c-bed2-7394ece2e5fb" configC="" configD="" configE="" provider="subversion" scmConfigId="0" cmdlinePath="" id="263" />
		<row title="Git" configA="" configB="9a5e355786046c8f89c038f211942740168c83d3" configC="" configD="" configE="" provider="git" scmConfigId="89" cmdlinePath="" id="264" />
		<row title="Subversion: file:///C:/new_svn_repo" configA="file:///C:/new_svn_repo" configB="dfb57e7a-5501-0010-b554-4795373b3fce" configC="" configD="" configE="" provider="subversion" scmConfigId="0" cmdlinePath="" id="265" />
		<row title="Git" configA="{7afb0fd2-ba26-4e57-be18-2527b341304c}" configB="https://bitbucket.org/artemCollab/collab-bitbucket" configC="" configD="" configE="" provider="git" scmConfigId="89" cmdlinePath="" id="266" />
		<row title="Git" configA="53127224" configB="https://github.com/zapelin/collab-github-v2" configC="" configD="" configE="" provider="git" scmConfigId="89" cmdlinePath="" id="267" />
		<row title="Git" configA="70707667" configB="https://github.com/SmartBear/collab-windows" configC="" configD="" configE="" provider="git" scmConfigId="89" cmdlinePath="" id="268" />
		<row title="Team Foundation Server: http://localhost:8081/tfs/DefaultCollection" configA="http://localhost:8081/tfs/DefaultCollection" configB="" configC="" configD="" configE="" provider="tfs" scmConfigId="0" cmdlinePath="" id="269" />
		<row title="Git" configA="82936909" configB="https://github.com/SmartBear/collab-core" configC="" configD="" configE="" provider="git" scmConfigId="89" cmdlinePath="" id="270" />
		<row title="Git" configA="https://github.com/SmartBear/collab-core.git" configB="6dc3c23cf2bb04b50cd3164eb0b3671c8eee75c1" configC="" configD="" configE="" provider="git" scmConfigId="89" cmdlinePath="" id="271" />
		<row title="Rational Team Concert: Team Repository: https://localhost:9443/ccm/ - Component: PA-01 Default Component" configA="https://localhost:9443/ccm/" configB="PA-01 Default Component" configC="_MepcMIGdEeaSUsGCx_XjHA" configD="" configE="" provider="rtc" scmConfigId="0" cmdlinePath="" id="272" />
		<row title="Rational Team Concert: Team Repository: https://localhost:9443/ccm/ - Component: PA-01 (Change Management) Default Component" configA="https://localhost:9443/ccm/" configB="PA-01 (Change Management) Default Component" configC="_W4XcAOawEeWJ_rnhhwvSIw" configD="" configE="" provider="rtc" scmConfigId="0" cmdlinePath="" id="273" />
		<row title="Team Foundation Server: http://cctest10-w12tfs:8088/tfs/DefaultCollection" configA="http://cctest10-w12tfs:8088/tfs/DefaultCollection" configB="" configC="" configD="" configE="" provider="tfs" scmConfigId="0" cmdlinePath="" id="274" />
		<row title="Git" configA="https://ArtemSataevSB@github.com/SmartBear/collab-core.git" configB="6dc3c23cf2bb04b50cd3164eb0b3671c8eee75c1" configC="" configD="" configE="" provider="git" scmConfigId="89" cmdlinePath="" id="275" />
		<row title="Git" configA="3294333" configB="https://gitlab.com/andfed/my-test-project" configC="" configD="" configE="" provider="git" scmConfigId="89" cmdlinePath="" id="276" />
		<row title="Git" configA="" configB="d46e08bc27cde77c5602ca1bffe0aafaa91f4d09" configC="" configD="" configE="" provider="git" scmConfigId="89" cmdlinePath="" id="277" />
		<row title="Git" configA="https://github.com/smartbear/demo-repo.git" configB="6c80c57e7ddc448b0c47b450ee2fccf6891a40ad" configC="" configD="" configE="" provider="git" scmConfigId="89" cmdlinePath="" id="278" />
		<row title="Git" configA="72446124" configB="https://github.com/SmartBear/collab-bitbucket-plugin" configC="" configD="" configE="" provider="git" scmConfigId="89" cmdlinePath="" id="279" />
		<row title="Team Foundation Server: https://divivitaly.visualstudio.com" configA="https://divivitaly.visualstudio.com" configB="" configC="" configD="" configE="" provider="tfs" scmConfigId="0" cmdlinePath="" id="280" />
		<row title="Git" configA="https://walmart.visualstudio.com/Retail_Sourcing/_git/quote_management" configB="69f9c53211de67c4f7a3b6690b8ae431b7eab48b" configC="" configD="" configE="" provider="git" scmConfigId="89" cmdlinePath="" id="281" />
		<row title="Git" configA="https://github.com/smartbear/collab-core" configB="6dc3c23cf2bb04b50cd3164eb0b3671c8eee75c1" configC="" configD="" configE="" provider="git" scmConfigId="89" cmdlinePath="" id="282" />
		<row title="Team Foundation Server: https://rickalmeidasb.visualstudio.com" configA="https://rickalmeidasb.visualstudio.com" configB="" configC="" configD="" configE="" provider="tfs" scmConfigId="0" cmdlinePath="" id="283" />
		<row title="Team Foundation Server: http://sb-ru-b-collab:8654/tfs/newcollection" configA="http://sb-ru-b-collab:8654/tfs/newcollection" configB="" configC="" configD="" configE="" provider="tfs" scmConfigId="0" cmdlinePath="" id="284" />
		<row title="Team Foundation Server: https://divivitaly.visualstudio.com/" configA="https://divivitaly.visualstudio.com/" configB="" configC="" configD="" configE="" provider="tfs" scmConfigId="0" cmdlinePath="" id="285" />
		<row title="Team Foundation Server: https://jsmith-ts.visualstudio.com/" configA="https://jsmith-ts.visualstudio.com/" configB="" configC="" configD="" configE="" provider="tfs" scmConfigId="0" cmdlinePath="" id="286" />
		<row title="Git" configA="https://ArtemSataevSB@github.com/SmartBear/collab-manual.git" configB="9fe02f7fee86aa0161618bb3dea89f36f6eb1713" configC="" configD="" configE="" provider="git" scmConfigId="89" cmdlinePath="" id="287" />
		<row title="Team Foundation Server: https://rickalmeidasb.visualstudio.com/" configA="https://rickalmeidasb.visualstudio.com/" configB="" configC="" configD="" configE="" provider="tfs" scmConfigId="0" cmdlinePath="" id="288" />
		<row title="Git" configA="https://github.com/SmartBear/collab-windows" configB="7ae863d741b7a37fa94b6a14706d0a69bfd9f169" configC="" configD="" configE="" provider="git" scmConfigId="89" cmdlinePath="" id="289" />
		<row title="Git" configA="" configB="665b2fef686815e9d0e0c55182bced5aca744484" configC="" configD="" configE="" provider="git" scmConfigId="89" cmdlinePath="" id="290" />
		<row title="Rational Team Concert: Team Repository: https://localhost:9443/ccm/ - Component: PA_01 Default Component" configA="https://localhost:9443/ccm/" configB="PA_01 Default Component" configC="_j-6cMO1DEea9Oq8W1f-IbQ" configD="" configE="" provider="rtc" scmConfigId="0" cmdlinePath="" id="291" />
		<row title="Subversion: file:///C:/SVN/MyRepository" configA="file:///C:/SVN/MyRepository" configB="400403f5-5d6b-f747-9f23-c3a8c232549d" configC="" configD="" configE="" provider="subversion" scmConfigId="0" cmdlinePath="" id="292" />
		<row title="Git" configA="117144342" configB="https://github.com/yimyromero/integration" configC="" configD="" configE="" provider="git" scmConfigId="89" cmdlinePath="" id="293" />
		<row title="Git" configA="" configB="ccd9beef59406969e83f436171c8fd8438086dae" configC="" configD="" configE="" provider="git" scmConfigId="89" cmdlinePath="" id="294" />
		<row title="Team Foundation Server: any" configA="any" configB="" configC="" configD="" configE="" provider="tfs" scmConfigId="0" cmdlinePath="" id="295" />
		<row title="Git" configA="81325780" configB="https://github.com/testcc1/OwnerRepo" configC="" configD="" configE="" provider="git" scmConfigId="89" cmdlinePath="" id="296" />
		<row title="Git" configA="130671983" configB="https://github.com/collabTester18/4086_1" configC="" configD="" configE="" provider="git" scmConfigId="89" cmdlinePath="" id="297" />
		<row title="Subversion: https://mike.ad.smartbear.com:8443/svn/HelloWorld" configA="https://mike.ad.smartbear.com:8443/svn/HelloWorld" configB="07f85e5c-ba36-1f49-95e5-be5017811125" configC="" configD="" configE="" provider="subversion" scmConfigId="0" cmdlinePath="" id="298" />
		<row title="Git" configA="" configB="9cea62ac5cc03663734bd1ead15ed754b65dd8d0" configC="" configD="" configE="" provider="git" scmConfigId="89" cmdlinePath="" id="299" />
		<row title="ClearCase: DESKTOP-U6PM8RR" configA="DESKTOP-U6PM8RR" configB="" configC="" configD="" configE="" provider="clearcase" scmConfigId="0" cmdlinePath="" id="300" />
		<row title="Git" configA="http://ploko@localhost:7990/scm/test/test_repo.git" configB="9cd84d761975fc429b06e121dd7cb7f5459af971" configC="" configD="" configE="" provider="git" scmConfigId="89" cmdlinePath="" id="301" />
		<row title="Team Foundation Server: http://esxi-ws12-base:8080/tfs/defaultcollection" configA="http://esxi-ws12-base:8080/tfs/defaultcollection" configB="" configC="" configD="" configE="" provider="tfs" scmConfigId="0" cmdlinePath="" id="302" />
		<row title="Git" configA="https://gitlab.com/AlexeyKryuchkov/00306518.git" configB="a6a16ac7b270a708198620dd3e8af55f9bb61d26" configC="" configD="" configE="" provider="git" scmConfigId="89" cmdlinePath="" id="303" />
		<row title="Git" configA="https://github.com/SmartBear/collab-hostedtrials.git" configB="920b43b96e860da4366c8366d9e38125f1ce2db4" configC="" configD="" configE="" provider="git" scmConfigId="89" cmdlinePath="" id="304" />
		<row title="Subversion: file:///D:/files/Code%20Collaborator/SCM_repo/SVN_repo_local" configA="file:///D:/files/Code%20Collaborator/SCM_repo/SVN_repo_local" configB="70dde5ce-e42d-084d-bc04-36e7d39cee93" configC="" configD="" configE="" provider="subversion" scmConfigId="0" cmdlinePath="" id="305" />
		<row title="Git" configA="https://divivitaly@github.com/SmartBear/collab-windows.git" configB="7ae863d741b7a37fa94b6a14706d0a69bfd9f169" configC="" configD="" configE="" provider="git" scmConfigId="89" cmdlinePath="" id="306" />
		<row title="Git" configA="144855454" configB="https://github.com/JosephMichaudSmartBear/hello-world" configC="" configD="" configE="" provider="git" scmConfigId="89" cmdlinePath="" id="307" />
		<row title="Git" configA="154883269" configB="https://github.com/JosephMichaudSmartBear/hello-word-11.4" configC="" configD="" configE="" provider="git" scmConfigId="89" cmdlinePath="" id="308" />
		<row title="Mercurial: diffs" configA="diffs" configB="mercurial" configC="" configD="" configE="" provider="mercurial" scmConfigId="0" cmdlinePath="" id="309" />
		<row title="Subversion: https://lt-259564.kyiv.ciklum.net/svn/test_svn" configA="https://lt-259564.kyiv.ciklum.net/svn/test_svn" configB="f809c802-e2be-a44f-bffa-66c212db31bf" configC="" configD="" configE="" provider="subversion" scmConfigId="0" cmdlinePath="" id="310" />
		<row title="Git" configA="https://github.com/zapelin/gitlab-api.git" configB="eb693a3b3594b46eb8d7ffb141e147e357cdfd40" configC="" configD="" configE="" provider="git" scmConfigId="89" cmdlinePath="" id="311" />
	</rows>
</table>