<?xml version="1.1"?>
<table name="com.smartbear.ccollab.datamodel.GroupGroupsData" nrows="8" ncols="3">
	<columns>
		<column name="id" type="int" />
		<column name="childId" type="int" />
		<column name="parentId" type="int" />
	</columns>
	<rows>
		<row id="1" childId="4" parentId="5" />
		<row id="4" childId="2" parentId="10" />
		<row id="35" childId="16" parentId="12" />
		<row id="36" childId="14" parentId="12" />
		<row id="37" childId="15" parentId="12" />
		<row id="39" childId="69" parentId="11" />
		<row id="40" childId="70" parentId="11" />
		<row id="41" childId="71" parentId="11" />
	</rows>
</table>