<?xml version="1.1"?>
<table name="com.smartbear.ccollab.datamodel.MetaDataDescriptionData" nrows="328" ncols="11">
	<columns>
		<column name="max" type="int" />
		<column name="validator" type="string" />
		<column name="description" type="string" />
		<column name="perUser" type="char" />
		<column name="targetType" type="string" />
		<column name="type" type="char" />
		<column name="title" type="string" />
		<column name="min" type="int" />
		<column name="id" type="int" />
		<column name="category" type="string" />
		<column name="seq" type="int" />
	</columns>
	<rows>
		<row max="2000000000" validator="" description="" perUser="N" targetType="" type="I" title="data-version" min="0" id="1" category="System" seq="0" />
		<row max="255" validator="" description="" perUser="N" targetType="" type="S" title="base-url" min="0" id="2" category="System" seq="0" />
		<row max="1" validator="" description="" perUser="N" targetType="" type="C" title="allow-mark-all-read" min="1" id="3" category="System" seq="0" />
		<row max="1" validator="" description="" perUser="N" targetType="" type="C" title="allow-sysadmin-reviews" min="1" id="4" category="System" seq="0" />
		<row max="1" validator="" description="" perUser="N" targetType="" type="C" title="show_issues_in_reviews" min="1" id="5" category="System" seq="0" />
		<row max="80" validator="" description="" perUser="N" targetType="" type="I" title="tab-width" min="1" id="6" category="System" seq="0" />
		<row max="100000" validator="" description="" perUser="N" targetType="" type="I" title="min-java-client-build" min="0" id="7" category="System" seq="0" />
		<row max="100000" validator="" description="" perUser="N" targetType="" type="I" title="min-dotnet-client-build" min="0" id="8" category="System" seq="0" />
		<row max="1" validator="" description="" perUser="N" targetType="" type="C" title="send-email-from-user" min="1" id="9" category="System" seq="0" />
		<row max="255" validator="" description="" perUser="N" targetType="" type="S" title="mail_from" min="0" id="10" category="System" seq="0" />
		<row max="255" validator="" description="" perUser="N" targetType="" type="S" title="company-name" min="0" id="11" category="System" seq="0" />
		<row max="255" validator="" description="" perUser="N" targetType="" type="S" title="bugid_from_comment" min="0" id="12" category="System" seq="0" />
		<row max="255" validator="" description="" perUser="N" targetType="" type="S" title="bug_url" min="0" id="13" category="System" seq="0" />
		<row max="255" validator="" description="" perUser="N" targetType="" type="S" title="bug_create_url" min="0" id="14" category="System" seq="0" />
		<row max="255" validator="" description="" perUser="N" targetType="" type="S" title="smtp-host" min="0" id="15" category="System" seq="0" />
		<row max="65535" validator="" description="" perUser="N" targetType="" type="I" title="smtp-port" min="1" id="16" category="System" seq="0" />
		<row max="2000000000" validator="" description="" perUser="N" targetType="" type="I" title="license-fixed-users" min="-2000000000" id="17" category="System" seq="0" />
		<row max="2000000000" validator="" description="" perUser="N" targetType="" type="I" title="license-floating-users" min="-2000000000" id="18" category="System" seq="0" />
		<row max="2000000000" validator="" description="" perUser="N" targetType="" type="I" title="license-fixed-users-grace" min="-2000000000" id="19" category="System" seq="0" />
		<row max="2000000000" validator="" description="" perUser="N" targetType="" type="I" title="license-floating-users-grace" min="-2000000000" id="20" category="System" seq="0" />
		<row max="255" validator="" description="" perUser="N" targetType="" type="S" title="license-signature" min="0" id="21" category="System" seq="0" />
		<row max="255" validator="" description="" perUser="N" targetType="" type="S" title="license-hostname" min="0" id="22" category="System" seq="0" />
		<row max="255" validator="" description="" perUser="N" targetType="" type="S" title="license-system" min="0" id="23" category="System" seq="0" />
		<row max="255" validator="" description="" perUser="N" targetType="" type="S" title="license-issue-date" min="0" id="24" category="System" seq="0" />
		<row max="255" validator="" description="" perUser="N" targetType="" type="S" title="license-company-key" min="0" id="25" category="System" seq="0" />
		<row max="255" validator="" description="" perUser="N" targetType="" type="S" title="license-expiration-date" min="0" id="26" category="System" seq="0" />
		<row max="1" validator="" description="" perUser="N" targetType="User" type="C" title="wrapLines" min="1" id="27" category="SystemUserPrefs" seq="0" />
		<row max="1" validator="" description="" perUser="N" targetType="User" type="C" title="skipUnchanged" min="1" id="28" category="SystemUserPrefs" seq="0" />
		<row max="2000000000" validator="" description="" perUser="N" targetType="User" type="I" title="numContextLines" min="0" id="29" category="SystemUserPrefs" seq="0" />
		<row max="255" validator="" description="" perUser="N" targetType="User" type="S" title="fontSideBySide" min="0" id="30" category="SystemUserPrefs" seq="0" />
		<row max="1" validator="" description="" perUser="N" targetType="User" type="C" title="olderOnRight" min="1" id="31" category="SystemUserPrefs" seq="0" />
		<row max="1" validator="" description="" perUser="N" targetType="User" type="C" title="ignoreWhitespace" min="1" id="32" category="SystemUserPrefs" seq="0" />
		<row max="1" validator="" description="" perUser="N" targetType="User" type="C" title="ignoreCapitalization" min="1" id="33" category="SystemUserPrefs" seq="0" />
		<row max="255" validator="" description="Severity of defect" perUser="N" targetType="Defect" type="B" title="Severity" min="0" id="50" category="AdminDefectFields" seq="-99999" />
		<row max="255" validator="" description="" perUser="N" targetType="Defect" type="B" title="Type" min="0" id="51" category="AdminDefectFields" seq="-99997" />
		<row max="255" validator="" description="The reason for doing this stuff" perUser="N" targetType="Review" type="S" title="Purpose" min="0" id="52" category="AdminReviewFields" seq="99999" />
		<row max="4000" validator="" description="A general Description of the review purpose." perUser="N" targetType="Review" type="T" title="Overview" min="0" id="53" category="AdminReviewFields" seq="0" />
		<row max="1" validator="" description="" perUser="N" targetType="User" type="C" title="syntaxColoring" min="1" id="54" category="SystemUserPrefs" seq="0" />
		<row max="255" validator="" description="" perUser="N" targetType="" type="S" title="support-email-addr" min="0" id="55" category="System" seq="0" />
		<row max="255" validator="" description="" perUser="N" targetType="" type="S" title="mail_prefix" min="0" id="56" category="System" seq="0" />
		<row max="255" validator="" description="" perUser="N" targetType="" type="S" title="mail-list" min="0" id="57" category="System" seq="0" />
		<row max="2000000000" validator="" description="" perUser="N" targetType="User" type="I" title="notification" min="0" id="58" category="SystemUserPrefs" seq="0" />
		<row max="1" validator="" description="" perUser="N" targetType="Review" type="C" title="Consolidated" min="1" id="59" category="ReviewInternalFields" seq="0" />
		<row max="1" validator="" description="" perUser="N" targetType="" type="C" title="show_create_user_on_home" min="1" id="60" category="System" seq="0" />
		<row max="1" validator="" description="" perUser="N" targetType="" type="C" title="show_consolidated_review_option" min="1" id="61" category="System" seq="0" />
		<row max="1" validator="" description="" perUser="N" targetType="" type="C" title="review_access_restricted" min="1" id="62" category="System" seq="0" />
		<row max="1" validator="" description="" perUser="N" targetType="Review" type="C" title="Restricted" min="1" id="63" category="ReviewInternalFields" seq="0" />
		<row max="255" validator="" description="" perUser="N" targetType="" type="S" title="server-guid" min="0" id="69" category="System" seq="0" />
		<row max="2000000000" validator="" description="" perUser="N" targetType="User" type="I" title="defaultVersion" min="0" id="70" category="SystemUserPrefs" seq="0" />
		<row max="2000000000" validator="" description="Review created.  No files or participants yet." perUser="N" targetType="" type="T" title="Review Created" min="0" id="71" category="AdminTriggerFields" seq="1" />
		<row max="2000000000" validator="" description="Review phase changed, e.g. Planning -&gt; Inspection or Inspection -&gt; Cancelled." perUser="N" targetType="" type="T" title="Review Phase Changed" min="0" id="72" category="AdminTriggerFields" seq="2" />
		<row max="2000000000" validator="" description="Files and/or changelists attached to a review." perUser="N" targetType="" type="T" title="Added Files" min="0" id="73" category="AdminTriggerFields" seq="3" />
		<row max="2000000000" validator="" description="A notification (email, RSS, etc.) was sent to someone." perUser="N" targetType="" type="T" title="Notifications Sent" min="0" id="74" category="AdminTriggerFields" seq="4" />
		<row max="2000000000" validator="" description="A defect was added, modified, or marked open/fixed.  Use the defect unique ID to determine the difference." perUser="N" targetType="" type="T" title="Defect Activity" min="0" id="75" category="AdminTriggerFields" seq="5" />
		<row max="2000000000" validator="" description="" perUser="N" targetType="ReviewTemplate" type="L" title="ReviewFields" min="-2000000000" id="76" category="TemplateCustomFields" seq="0" />
		<row max="2000000000" validator="" description="" perUser="N" targetType="ReviewTemplate" type="L" title="DefectFields" min="-2000000000" id="77" category="TemplateCustomFields" seq="0" />
		<row max="255" validator="" description="" perUser="N" targetType="" type="S" title="license-origin" min="0" id="78" category="System" seq="0" />
		<row max="1" validator="" description="" perUser="N" targetType="" type="C" title="show_system_dump_to_users" min="1" id="79" category="System" seq="0" />
		<row max="255" validator="" description="" perUser="N" targetType="" type="S" title="binary-file-patterns" min="0" id="80" category="System" seq="0" />
		<row max="255" validator="" description="" perUser="N" targetType="Defect" type="S" title="externalName" min="0" id="81" category="SystemDefectFields" seq="0" />
		<row max="255" validator="" description="" perUser="N" targetType="Review" type="B" title="Generic drop-down 1" min="0" id="86" category="AdminReviewFields" seq="99999" />
		<row max="255" validator="" description="" perUser="N" targetType="Review" type="S" title="Generic single line 1" min="0" id="87" category="AdminReviewFields" seq="99999" />
		<row max="255" validator="" description="" perUser="N" targetType="Review" type="B" title="Generic drop-down 2" min="0" id="92" category="AdminReviewFields" seq="99999" />
		<row max="255" validator="" description="" perUser="N" targetType="Review" type="S" title="Generic single line 2" min="0" id="93" category="AdminReviewFields" seq="99999" />
		<row max="65535" validator="" description="" perUser="N" targetType="Review" type="T" title="Generic multi-line 1" min="0" id="94" category="AdminReviewFields" seq="99999" />
		<row max="255" validator="" description="" perUser="N" targetType="Review" type="S" title="Generic single line 3" min="0" id="95" category="AdminReviewFields" seq="99999" />
		<row max="255" validator="" description="" perUser="N" targetType="Review" type="B" title="Generic drop-down 3" min="0" id="100" category="AdminReviewFields" seq="99999" />
		<row max="65535" validator="" description="" perUser="N" targetType="Review" type="T" title="Generic multi-line 2" min="0" id="101" category="AdminReviewFields" seq="99999" />
		<row max="255" validator="\d+" description="" perUser="N" targetType="Review" type="S" title="Generic non-empty number2" min="0" id="102" category="AdminReviewFields" seq="99999" />
		<row max="255" validator="" description="How gud they are with the programing language (Code inspections only)." perUser="N" targetType="Review" type="B" title="Inspectors knowledge of language" min="0" id="108" category="AdminReviewFields" seq="99999" />
		<row max="255" validator="" description="" perUser="N" targetType="" type="S" title="client-installer-link" min="0" id="111" category="System" seq="0" />
		<row max="2000000000" validator="" description="" perUser="N" targetType="" type="I" title="min-refresh-interval" min="-2000000000" id="112" category="System" seq="0" />
		<row max="365" validator="" description="" perUser="N" targetType="" type="I" title="review-deadline-default" min="0" id="113" category="System" seq="0" />
		<row max="1" validator="" description="" perUser="N" targetType="User" type="C" title="classicView" min="1" id="114" category="SystemUserPrefs" seq="0" />
		<row max="1" validator="" description="" perUser="N" targetType="User" type="C" title="diffType" min="1" id="115" category="SystemUserPrefs" seq="0" />
		<row max="255" validator="" description="" perUser="N" targetType="" type="S" title="user-login-prompt-text" min="0" id="116" category="System" seq="0" />
		<row max="1" validator="" description="" perUser="N" targetType="User" type="C" title="versionOrder" min="1" id="117" category="SystemUserPrefs" seq="0" />
		<row max="2000000000" validator="" description="" perUser="N" targetType="" type="I" title="stalled-inspection-minutes" min="-2000000000" id="118" category="System" seq="0" />
		<row max="2000000000" validator="" description="" perUser="N" targetType="" type="I" title="stalled-inspection-repeat-minutes" min="-2000000000" id="119" category="System" seq="0" />
		<row max="1" validator="" description="" perUser="N" targetType="" type="C" title="allow-reopen-reviews" min="1" id="120" category="System" seq="0" />
		<row max="2000000000" validator="" description="" perUser="N" targetType="" type="I" title="stalled-inspection-hours" min="-2000000000" id="121" category="System" seq="0" />
		<row max="2000000000" validator="" description="" perUser="N" targetType="" type="I" title="stalled-inspection-repeat-hours" min="-2000000000" id="122" category="System" seq="0" />
		<row max="1" validator="" description="" perUser="N" targetType="" type="C" title="collect-metrics" min="1" id="123" category="System" seq="0" />
		<row max="2000000000" validator="" description="" perUser="N" targetType="" type="T" title="license-list" min="0" id="124" category="System" seq="0" />
		<row max="255" validator="" description="" perUser="N" targetType="" type="S" title="license-product" min="0" id="125" category="System" seq="0" />
		<row max="2000000000" validator="" description="" perUser="N" targetType="" type="T" title="binary-file-patterns-big" min="0" id="128" category="System" seq="0" />
		<row max="255" validator="" description="" perUser="N" targetType="" type="S" title="SubscriptionsAccess" min="0" id="129" category="System" seq="0" />
		<row max="255" validator="" description="" perUser="N" targetType="" type="S" title="SubscriptionsMode" min="0" id="130" category="System" seq="0" />
		<row max="1" validator="" description="" perUser="N" targetType="" type="C" title="email-enabled" min="1" id="131" category="System" seq="0" />
		<row max="1" validator="" description="" perUser="N" targetType="" type="C" title="review-edit-details-after-complete" min="1" id="132" category="System" seq="0" />
		<row max="1" validator="" description="" perUser="N" targetType="" type="C" title="fun-fact-auto-enabled" min="1" id="133" category="System" seq="0" />
		<row max="2000000000" validator="" description="" perUser="N" targetType="User" type="I" title="copyAuthor" min="0" id="134" category="SystemUserPrefs" seq="0" />
		<row max="1" validator="" description="" perUser="N" targetType="Review" type="C" title="RestrictedUpload" min="1" id="135" category="ReviewInternalFields" seq="0" />
		<row max="2000000000" validator="" description="A new user was created.  This runs whether or not the creation was automated or manual." perUser="N" targetType="" type="T" title="User Created" min="0" id="136" category="AdminTriggerFields" seq="6" />
		<row max="100" validator="" description="" perUser="N" targetType="" type="I" title="min-abbrev-length" min="0" id="137" category="System" seq="0" />
		<row max="1" validator="" description="" perUser="N" targetType="" type="C" title="review_upload_restricted" min="1" id="138" category="System" seq="0" />
		<row max="1" validator="" description="" perUser="N" targetType="" type="C" title="allow-delete-reviews" min="1" id="139" category="System" seq="0" />
		<row max="255" validator="" description="" perUser="N" targetType="" type="S" title="show-reports-access" min="0" id="140" category="System" seq="0" />
		<row max="2000000000" validator="" description="" perUser="N" targetType="ReviewTemplate" type="L" title="DisabledExternalLinks" min="-2000000000" id="141" category="TemplateDisabledExternalLinks" seq="0" />
		<row max="1" validator="" description="" perUser="N" targetType="" type="C" title="review_fix_defect_restricted" min="1" id="142" category="System" seq="0" />
		<row max="2000000000" validator="" description="" perUser="N" targetType="" type="T" title="system-wide-message" min="0" id="143" category="System" seq="0" />
		<row max="2000000000" validator="" description="" perUser="N" targetType="MetaDataDescription" type="I" title="Visible on Phases" min="-2000000000" id="144" category="ReviewCustomFieldProperties" seq="0" />
		<row max="255" validator="" description="" perUser="N" targetType="User" type="S" title="ChildrenStyle" min="0" id="145" category="SystemUserPrefs" seq="0" />
		<row max="255" validator="" description="" perUser="N" targetType="User" type="S" title="timeZone" min="0" id="146" category="SystemUserPrefs" seq="0" />
		<row max="2000000000" validator="" description="" perUser="N" targetType="" type="T" title="diff-charsets" min="0" id="147" category="System" seq="0" />
		<row max="255" validator="" description="" perUser="N" targetType="" type="S" title="select-group-prompt" min="0" id="148" category="System" seq="0" />
		<row max="255" validator="" description="" perUser="N" targetType="" type="S" title="group-label-singular" min="0" id="149" category="System" seq="0" />
		<row max="255" validator="" description="" perUser="N" targetType="" type="S" title="groups-label-plural" min="0" id="150" category="System" seq="0" />
		<row max="1" validator="" description="" perUser="N" targetType="" type="C" title="use_global_tab_width" min="1" id="151" category="System" seq="0" />
		<row max="80" validator="" description="" perUser="N" targetType="User" type="I" title="tabWidth" min="1" id="152" category="SystemUserPrefs" seq="0" />
		<row max="255" validator="" description="" perUser="N" targetType="" type="S" title="configuration" min="0" id="153" category="ScmConfigTemplate_subversion" seq="0" />
		<row max="1" validator="" description="" perUser="N" targetType="" type="C" title="enforceAccessPermission" min="1" id="154" category="ScmConfigTemplate_subversion" seq="0" />
		<row max="255" validator="" description="" perUser="N" targetType="" type="S" title="configuration" min="0" id="155" category="ScmConfigTemplate_cvs" seq="0" />
		<row max="1" validator="" description="" perUser="N" targetType="" type="C" title="enforceAccessPermission" min="1" id="156" category="ScmConfigTemplate_cvs" seq="0" />
		<row max="255" validator="" description="" perUser="N" targetType="" type="S" title="configuration" min="0" id="157" category="ScmConfigTemplate_perforce" seq="0" />
		<row max="1" validator="" description="" perUser="N" targetType="" type="C" title="enforceAccessPermission" min="1" id="158" category="ScmConfigTemplate_perforce" seq="0" />
		<row max="255" validator="" description="" perUser="N" targetType="" type="S" title="configuration" min="0" id="159" category="ScmConfigTemplate_clearcase" seq="0" />
		<row max="1" validator="" description="" perUser="N" targetType="" type="C" title="enforceAccessPermission" min="1" id="160" category="ScmConfigTemplate_clearcase" seq="0" />
		<row max="255" validator="" description="" perUser="N" targetType="" type="S" title="configuration" min="0" id="161" category="ScmConfigTemplate_surround" seq="0" />
		<row max="1" validator="" description="" perUser="N" targetType="" type="C" title="enforceAccessPermission" min="1" id="162" category="ScmConfigTemplate_surround" seq="0" />
		<row max="255" validator="" description="" perUser="N" targetType="" type="S" title="configuration" min="0" id="163" category="ScmConfigTemplate_vault" seq="0" />
		<row max="1" validator="" description="" perUser="N" targetType="" type="C" title="enforceAccessPermission" min="1" id="164" category="ScmConfigTemplate_vault" seq="0" />
		<row max="255" validator="" description="" perUser="N" targetType="" type="S" title="configuration" min="0" id="165" category="ScmConfigTemplate_tfs" seq="0" />
		<row max="1" validator="" description="" perUser="N" targetType="" type="C" title="enforceAccessPermission" min="1" id="166" category="ScmConfigTemplate_tfs" seq="0" />
		<row max="255" validator="" description="" perUser="N" targetType="" type="S" title="configuration" min="0" id="167" category="ScmConfigTemplate_vss" seq="0" />
		<row max="1" validator="" description="" perUser="N" targetType="" type="C" title="enforceAccessPermission" min="1" id="168" category="ScmConfigTemplate_vss" seq="0" />
		<row max="255" validator="" description="" perUser="N" targetType="" type="S" title="configuration" min="0" id="169" category="ScmConfigTemplate_cmvc" seq="0" />
		<row max="1" validator="" description="" perUser="N" targetType="" type="C" title="enforceAccessPermission" min="1" id="170" category="ScmConfigTemplate_cmvc" seq="0" />
		<row max="255" validator="" description="" perUser="N" targetType="" type="S" title="configuration" min="0" id="171" category="ScmConfigTemplate_accurev" seq="0" />
		<row max="1" validator="" description="" perUser="N" targetType="" type="C" title="enforceAccessPermission" min="1" id="172" category="ScmConfigTemplate_accurev" seq="0" />
		<row max="255" validator="" description="" perUser="N" targetType="" type="S" title="configuration" min="0" id="173" category="ScmConfigTemplate_mks" seq="0" />
		<row max="1" validator="" description="" perUser="N" targetType="" type="C" title="enforceAccessPermission" min="1" id="174" category="ScmConfigTemplate_mks" seq="0" />
		<row max="255" validator="" description="" perUser="N" targetType="" type="S" title="configuration" min="0" id="175" category="ScmConfigTemplate_starteam" seq="0" />
		<row max="1" validator="" description="" perUser="N" targetType="" type="C" title="enforceAccessPermission" min="1" id="176" category="ScmConfigTemplate_starteam" seq="0" />
		<row max="255" validator="" description="" perUser="N" targetType="" type="S" title="configuration" min="0" id="177" category="ScmConfigTemplate_mercurial" seq="0" />
		<row max="1" validator="" description="" perUser="N" targetType="" type="C" title="enforceAccessPermission" min="1" id="178" category="ScmConfigTemplate_mercurial" seq="0" />
		<row max="255" validator="" description="" perUser="N" targetType="" type="S" title="configuration" min="0" id="179" category="ScmConfigTemplate_git" seq="0" />
		<row max="1" validator="" description="" perUser="N" targetType="" type="C" title="enforceAccessPermission" min="1" id="180" category="ScmConfigTemplate_git" seq="0" />
		<row max="4000" validator="" description="" perUser="N" targetType="" type="T" title="image-file-patterns-big" min="0" id="181" category="System" seq="0" />
		<row max="255" validator="" description="" perUser="N" targetType="Review" type="S" title="lalala" min="0" id="182" category="AdminReviewFields" seq="99999" />
		<row max="255" validator="" description="" perUser="N" targetType="" type="S" title="configuration" min="0" id="183" category="ScmConfigTemplate_synergy" seq="0" />
		<row max="1" validator="" description="" perUser="N" targetType="" type="C" title="enforceAccessPermission" min="1" id="184" category="ScmConfigTemplate_synergy" seq="0" />
		<row max="255" validator="" description="" perUser="N" targetType="" type="S" title="defect-label-singular" min="0" id="185" category="System" seq="0" />
		<row max="255" validator="" description="" perUser="N" targetType="" type="S" title="defects-label-plural" min="0" id="186" category="System" seq="0" />
		<row max="2000000000" validator="false" description="" perUser="N" targetType="Review" type="B" title="Generic non-empty number" min="0" id="187" category="AdminReviewFields" seq="99999" />
		<row max="255" validator="" description="" perUser="N" targetType="" type="S" title="configuration" min="0" id="188" category="ScmConfigTemplate_rtc" seq="0" />
		<row max="1" validator="" description="" perUser="N" targetType="" type="C" title="enforceAccessPermission" min="1" id="189" category="ScmConfigTemplate_rtc" seq="0" />
		<row max="0" validator="" description="" perUser="N" targetType="ReviewTemplate" type="L" title="ParticipantFields" min="0" id="190" category="TemplateCustomFields" seq="0" />
		<row max="2000000000" validator="" description="Did you feel the presence of the phantom inspector while performing this review?" perUser="Y" targetType="Review" type="B" title="Phantom Inspector" min="0" id="191" category="AdminReviewParticipantFields" seq="99999" />
		<row max="1" validator="" description="" perUser="N" targetType="" type="C" title="create-review-commit-action-item" min="1" id="192" category="System" seq="0" />
		<row max="2000000000" validator="" description="" perUser="N" targetType="" type="I" title="stalled-inspection-check-interval" min="-2000000000" id="193" category="System" seq="0" />
		<row max="255" validator="" description="" perUser="N" targetType="" type="S" title="instance-id" min="0" id="194" category="System" seq="0" />
		<row max="255" validator="" description="" perUser="N" targetType="" type="S" title="instance-info" min="0" id="195" category="System" seq="0" />
		<row max="255" validator="" description="Just testing!" perUser="Y" targetType="Review" type="S" title="test" min="0" id="196" category="AdminReviewParticipantFields" seq="99999" />
		<row max="2000000000" validator="" description="" perUser="Y" targetType="Review" type="M" title="Checklist" min="0" id="197" category="AdminReviewParticipantFields" seq="99999" />
		<row max="2000000000" validator="" description="" perUser="N" targetType="" type="I" title="login-ticket-ttl-seconds" min="-1" id="198" category="System" seq="0" />
		<row max="1" validator="" description="" perUser="N" targetType="" type="C" title="allow-reject-reviews" min="1" id="199" category="System" seq="0" />
		<row max="255" validator="" description="" perUser="N" targetType="Review" type="S" title="com.tasktop.smartbear.collaborator.ui.AttachementUtil.CONTEXT_KEY" min="0" id="200" category="ReviewAttachments" seq="0" />
		<row max="255" validator="" description="" perUser="N" targetType="Review" type="S" title="com.tasktop.smartbear.collaborator.attachments.ASSOCIATIONS_KEY" min="0" id="201" category="ReviewAttachments" seq="0" />
		<row max="255" validator="" description="strange title" perUser="N" targetType="Review" type="S" title="*wacky_title-with^#" min="1" id="202" category="AdminReviewFields" seq="99999" />
		<row max="2000000000" validator="" description="Checking on a bug/feature request" perUser="N" targetType="Review" type="M" title="Multiselect test" min="0" id="203" category="AdminReviewFields" seq="99999" />
		<row max="2000000000" validator="" description="List of reasons to choose from when rejecting a review. Leave this list empty if providing a reason is not required." perUser="N" targetType="Review" type="B" title="Review Reject Reasons" min="0" id="204" category="AdminReviewFields" seq="99999" />
		<row max="2000000000" validator="" description="Hierarchical Custom Field" perUser="N" targetType="Review" type="Q" title="Product|Version|Area" min="0" id="205" category="AdminReviewFields" seq="99999" />
		<row max="255" validator="" description="" perUser="N" targetType="Review" type="S" title="ReviewRejectReason" min="0" id="206" category="ReviewString" seq="0" />
		<row max="2000000000" validator="" description="" perUser="N" targetType="Defect" type="B" title="Pick A Number" min="0" id="207" category="AdminDefectFields" seq="99999" />
		<row max="2000000000" validator="" description="" perUser="N" targetType="Defect" type="Q" title="One|Two" min="0" id="208" category="AdminDefectFields" seq="99999" />
		<row max="2000000000" validator="" description="" perUser="N" targetType="Review" type="Q" title="Product1|Version1|Area1" min="0" id="209" category="AdminReviewFields" seq="99999" />
		<row max="2000000000" validator="" description="Why isn&apos;t this custom field used for reject reviews" perUser="N" targetType="Review" type="B" title="Reject Review Reasons" min="0" id="210" category="AdminReviewFields" seq="99999" />
		<row max="2000000000" validator="" description="asdf" perUser="N" targetType="Review" type="Q" title="asdfdsa" min="0" id="211" category="AdminReviewFields" seq="99999" />
		<row max="2000000000" validator="" description="asdfjsdkaf" perUser="N" targetType="Review" type="B" title="asdf" min="0" id="212" category="AdminReviewFields" seq="99999" />
		<row max="2000000000" validator="" description="ruhong_test" perUser="N" targetType="Review" type="B" title="ruhong_test" min="0" id="213" category="AdminReviewFields" seq="99999" />
		<row max="2000000000" validator="" description="The branch which the developer intends to put this fix into." perUser="N" targetType="Review" type="B" title="Destination Branch" min="0" id="214" category="AdminReviewFields" seq="99999" />
		<row max="2000000000" validator="" description="Mark which branch you think is appropriate for the changes in question." perUser="Y" targetType="Review" type="B" title="Branch Verification" min="0" id="215" category="AdminReviewParticipantFields" seq="99999" />
		<row max="255" validator="" description="url custom field" perUser="N" targetType="Review" type="S" title="http://www.pflugervilleisd.net" min="1" id="216" category="AdminReviewFields" seq="99999" />
		<row max="255" validator="" description="" perUser="N" targetType="Review" type="S" title="have checklist?" min="1" id="217" category="AdminReviewFields" seq="99999" />
		<row max="1" validator="" description="" perUser="N" targetType="User" type="C" title="scmConsolidationMethod" min="1" id="218" category="SystemUserPrefs" seq="0" />
		<row max="2000000000" validator="" description="Test Drop Down List" perUser="N" targetType="Defect" type="B" title="Test Drop Down List" min="0" id="219" category="AdminDefectFields" seq="99999" />
		<row max="2000000000" validator="" description="Test Drop Down List" perUser="N" targetType="Defect" type="B" title="Second Test Drop Down List" min="0" id="220" category="AdminDefectFields" seq="99999" />
		<row max="2000000000" validator="" description="HCF test 1" perUser="N" targetType="Defect" type="Q" title="a|b|C" min="0" id="221" category="AdminDefectFields" seq="99999" />
		<row max="1" validator="" description="" perUser="N" targetType="" type="C" title="e_sigs_enable" min="1" id="222" category="System" seq="0" />
		<row max="255" validator="" description="" perUser="N" targetType="" type="S" title="e_sigs_roles" min="0" id="223" category="System" seq="0" />
		<row max="255" validator="" description="" perUser="N" targetType="" type="S" title="e_sigs_sign_prompt" min="0" id="224" category="System" seq="0" />
		<row max="255" validator="" description="" perUser="N" targetType="" type="S" title="e_sigs_decline_prompt" min="0" id="225" category="System" seq="0" />
		<row max="255" validator="" description="" perUser="N" targetType="" type="S" title="extra-Link-Name" min="0" id="226" category="System" seq="0" />
		<row max="4000" validator="" description="" perUser="N" targetType="" type="T" title="extra-Dashboard-Links" min="0" id="227" category="System" seq="0" />
		<row max="255" validator="" description="" perUser="N" targetType="Review" type="S" title="dude" min="0" id="228" category="AdminReviewFields" seq="99999" />
		<row max="255" validator="" description="" perUser="N" targetType="" type="S" title="smtp-user-name" min="0" id="229" category="System" seq="0" />
		<row max="255" validator="" description="" perUser="N" targetType="" type="S" title="smtp-password" min="0" id="230" category="System" seq="0" />
		<row max="255" validator="" description="" perUser="N" targetType="" type="S" title="review-reject-reason-description" min="0" id="231" category="System" seq="0" />
		<row max="4000" validator="" description="" perUser="N" targetType="" type="T" title="review-reject-reasons" min="0" id="232" category="System" seq="0" />
		<row max="1" validator="" description="" perUser="N" targetType="" type="C" title="compact-view" min="1" id="233" category="System" seq="0" />
		<row max="255" validator="" description="" perUser="N" targetType="User" type="S" title="compactView" min="0" id="234" category="SystemUserPrefs" seq="0" />
		<row max="1" validator="" description="" perUser="N" targetType="" type="C" title="allow-participant-comments" min="1" id="235" category="System" seq="0" />
		<row max="2000000000" validator="" description="" perUser="N" targetType="Review" type="Q" title="Product|version|Content|Areapp" min="0" id="236" category="AdminReviewFields" seq="99999" />
		<row max="2000000000" validator="" description="" perUser="N" targetType="Defect" type="Q" title="Product|version|Content|Areapp" min="0" id="237" category="AdminDefectFields" seq="99999" />
		<row max="255" validator="" description="" perUser="N" targetType="Review" type="S" title="test" min="0" id="238" category="AdminReviewFields" seq="99999" />
		<row max="4000" validator="" description="" perUser="N" targetType="Review" type="T" title="Test multi-line" min="5" id="239" category="AdminReviewFields" seq="99999" />
		<row max="2000000000" validator="" description="" perUser="N" targetType="Review" type="M" title="test Multi-Select" min="0" id="240" category="AdminReviewFields" seq="99999" />
		<row max="2000000000" validator="" description="" perUser="Y" targetType="Review" type="Q" title="Product|version|Content|Areapp" min="0" id="241" category="AdminReviewParticipantFields" seq="99999" />
		<row max="255" validator="" description="" perUser="Y" targetType="Review" type="S" title="Test STRING" min="0" id="242" category="AdminReviewParticipantFields" seq="99999" />
		<row max="4000" validator="" description="" perUser="Y" targetType="Review" type="T" title="Test multi-line" min="0" id="243" category="AdminReviewParticipantFields" seq="99999" />
		<row max="2000000000" validator="" description="" perUser="Y" targetType="Review" type="B" title="Test Drop down List" min="0" id="244" category="AdminReviewParticipantFields" seq="99999" />
		<row max="255" validator="" description="" perUser="N" targetType="Review" type="S" title="Test Invisible" min="2" id="245" category="AdminReviewFields" seq="99999" />
		<row max="2000000000" validator="" description="" perUser="N" targetType="Review" type="B" title="Test Invisiable_2" min="0" id="246" category="AdminReviewFields" seq="99999" />
		<row max="2000000000" validator="" description="Custom Fields Visible" perUser="N" targetType="Review" type="B" title="Mark Test Custom Fields Visible" min="0" id="247" category="AdminReviewFields" seq="99999" />
		<row max="2000000000" validator="" description="BWAHAHAHAHAH!" perUser="N" targetType="Review" type="M" title="This is a test!" min="0" id="248" category="AdminReviewFields" seq="99999" />
		<row max="255" validator="" description="fsasdafsa" perUser="N" targetType="Defect" type="S" title="asdfsa" min="0" id="249" category="AdminDefectFields" seq="99999" />
		<row max="4000" validator="" description="fghdfghfdgh" perUser="N" targetType="Defect" type="T" title="fgfghdfghf" min="0" id="250" category="AdminDefectFields" seq="99999" />
		<row max="2000000000" validator="" description="gdgfdfsgdgf" perUser="N" targetType="Defect" type="B" title="ghsgsdgg" min="0" id="251" category="AdminDefectFields" seq="99999" />
		<row max="2000000000" validator="" description="" perUser="N" targetType="MetaDataDescription" type="I" title="Mandatory on Phases" min="-2000000000" id="252" category="ReviewCustomFieldProperties" seq="0" />
		<row max="2000000000" validator="" description="testing command line edits" perUser="N" targetType="Review" type="Q" title="Test|SubTest" min="0" id="253" category="AdminReviewFields" seq="99999" />
		<row max="4000" validator="" description="sdfdsfdf" perUser="N" targetType="Defect" type="T" title="fdfdsfd" min="2" id="254" category="AdminDefectFields" seq="99999" />
		<row max="255" validator="" description="ergewre" perUser="N" targetType="Review" type="S" title="String custom" min="0" id="255" category="AdminReviewFields" seq="99999" />
		<row max="1" validator="" description="" perUser="N" targetType="" type="C" title="show-web-debug-to-users" min="1" id="256" category="System" seq="0" />
		<row max="255" validator="" description="" perUser="N" targetType="" type="S" title="email_invite_pattern" min="0" id="257" category="System" seq="0" />
		<row max="255" validator="" description="" perUser="N" targetType="Review" type="S" title="ExternalTaskId" min="0" id="258" category="ReviewInternalFields" seq="0" />
		<row max="4000" validator="" description="A participant was added, modified or removed from a review." perUser="N" targetType="" type="T" title="Role Changed" min="0" id="259" category="AdminTriggerFields" seq="7" />
		<row max="1" validator="" description="" perUser="N" targetType="" type="C" title="enable-all-search-features" min="1" id="260" category="System" seq="0" />
		<row max="1" validator="" description="" perUser="N" targetType="" type="C" title="email_invite_enabled" min="1" id="261" category="System" seq="0" />
		<row max="255" validator="" description="" perUser="N" targetType="" type="S" title="disallowed-sub-roles" min="0" id="262" category="System" seq="0" />
		<row max="1" validator="" description="" perUser="N" targetType="MetaDataDescription" type="C" title="Ordering" min="1" id="263" category="SelectCustomFieldProperties" seq="0" />
		<row max="2000000000" validator="" description="" perUser="N" targetType="Defect" type="Q" title="Product|Version|Area" min="0" id="264" category="AdminDefectFields" seq="-99998" />
		<row max="1" validator="" description="" perUser="N" targetType="" type="C" title="allow-moving-comments" min="1" id="265" category="System" seq="0" />
		<row max="1" validator="" description="" perUser="N" targetType="" type="C" title="enable-user-file-activity-log" min="1" id="266" category="System" seq="0" />
		<row max="2000000000" validator="" description="test" perUser="N" targetType="Review" type="B" title="test" min="0" id="267" category="AdminReviewFields" seq="99999" />
		<row max="1" validator="" description="" perUser="N" targetType="" type="C" title="enable-jira-integration" min="1" id="268" category="System" seq="0" />
		<row max="1" validator="" description="" perUser="N" targetType="" type="C" title="enable-github-integration" min="1" id="269" category="System" seq="0" />
		<row max="255" validator="" description="" perUser="N" targetType="Review" type="S" title="JiraIssueId" min="0" id="271" category="ReviewInternalFields" seq="0" />
		<row max="4000" validator="" description="" perUser="N" targetType="" type="S" title="newsticker-rss-url" min="0" id="379" category="System" seq="0" />
		<row max="1" validator="" description="" perUser="N" targetType="" type="C" title="review_archive_access_restricted" min="1" id="380" category="System" seq="0" />
		<row max="4000" validator="" description="" perUser="N" targetType="" type="T" title="rss-feed" min="0" id="430" category="System" seq="0" />
		<row max="255" validator="" description="" perUser="N" targetType="" type="S" title="rss-last-update-time" min="0" id="431" category="System" seq="0" />
		<row max="4000" validator="" description="" perUser="N" targetType="" type="T" title="restricted-file-patterns-big" min="0" id="443" category="System" seq="0" />
		<row max="2000000000" validator="" description="MultiSelection Custom Fields" perUser="N" targetType="Review" type="M" title="MultiSelection Custom Fields" min="0" id="446" category="AdminReviewFields" seq="99999" />
		<row max="1" validator="" description="" perUser="N" targetType="" type="C" title="allow-duplicate-group-name" min="1" id="540" category="System" seq="0" />
		<row max="1" validator="" description="" perUser="N" targetType="" type="C" title="allow-create-reviews" min="1" id="551" category="System" seq="0" />
		<row max="2000000000" validator="" description="Please chose 1 of the following?" perUser="N" targetType="Review" type="B" title="Favorite Collab 10.0 Feature" min="0" id="654" category="AdminReviewFields" seq="99999" />
		<row max="1" validator="" description="" perUser="N" targetType="" type="C" title="enable-bitbucket-integration" min="1" id="678" category="System" seq="0" />
		<row max="2000000000" validator="" description="" perUser="N" targetType="" type="I" title="savings-report-developers" min="0" id="701" category="System" seq="0" />
		<row max="2000000000" validator="" description="" perUser="N" targetType="" type="I" title="savings-report-people-per-review" min="0" id="702" category="System" seq="0" />
		<row max="2000000000" validator="" description="" perUser="N" targetType="" type="I" title="savings-report-defect-discovery-rate-increase" min="0" id="703" category="System" seq="0" />
		<row max="2000000000" validator="" description="" perUser="N" targetType="" type="I" title="savings-report-defects-found-per-review" min="0" id="704" category="System" seq="0" />
		<row max="2000000000" validator="" description="" perUser="N" targetType="" type="I" title="savings-report-reviews-per-month" min="0" id="705" category="System" seq="0" />
		<row max="255" validator="" description="" perUser="N" targetType="" type="S" title="savings-report-hours-spent-per-review-per-person" min="0" id="706" category="System" seq="0" />
		<row max="255" validator="" description="" perUser="N" targetType="" type="S" title="savings-report-hourly-labor-cost" min="0" id="707" category="System" seq="0" />
		<row max="255" validator="" description="" perUser="N" targetType="" type="S" title="savings-report-dev-defect-cost" min="0" id="708" category="System" seq="0" />
		<row max="255" validator="" description="" perUser="N" targetType="" type="S" title="savings-report-customer-defect-cost" min="0" id="709" category="System" seq="0" />
		<row max="255" validator="" description="" perUser="N" targetType="" type="S" title="savings-report-qa-defect-cost" min="0" id="710" category="System" seq="0" />
		<row max="1" validator="" description="" perUser="N" targetType="" type="C" title="enable-gitlab-integration" min="1" id="773" category="System" seq="0" />
		<row max="1" validator="" description="" perUser="N" targetType="" type="C" title="enable-github-polling-integration" min="1" id="799" category="System" seq="0" />
		<row max="2000000000" validator="" description="" perUser="N" targetType="" type="I" title="deadline-inspection-hours" min="-2000000000" id="810" category="System" seq="0" />
		<row max="2000000000" validator="" description="" perUser="N" targetType="" type="I" title="deadline-inspection-repeat-hours" min="-2000000000" id="811" category="System" seq="0" />
		<row max="2000000000" validator="" description="" perUser="N" targetType="" type="I" title="deadline-inspection-check-interval" min="-2000000000" id="812" category="System" seq="0" />
		<row max="1" validator="" description="" perUser="N" targetType="" type="C" title="hided-files-changes-policy" min="1" id="826" category="System" seq="0" />
		<row max="255" validator="" description="" perUser="N" targetType="" type="S" title="HideFilesAllowedRole" min="0" id="827" category="System" seq="0" />
		<row max="255" validator="" description="" perUser="N" targetType="" type="S" title="HideFilesAllowedPhase" min="0" id="828" category="System" seq="0" />
		<row max="1" validator="" description="" perUser="N" targetType="" type="C" title="use-cal-organizer" min="1" id="831" category="System" seq="0" />
		<row max="1" validator="" description="" perUser="N" targetType="" type="C" title="show-company-login-logo" min="1" id="832" category="System" seq="0" />
		<row max="1" validator="" description="" perUser="N" targetType="" type="C" title="show-company-logo" min="1" id="833" category="System" seq="0" />
		<row max="2000000000" validator="false" description="" perUser="N" targetType="Review" type="B" title="JIRA Project" min="0" id="876" category="AdminReviewFields" seq="2" />
		<row max="1" validator="" description="" perUser="N" targetType="" type="C" title="allow_archive_review_in_any_phase" min="1" id="1026" category="System" seq="0" />
		<row max="255" validator="\d" description="" perUser="N" targetType="Review" type="S" title="test formatted field" min="0" id="1030" category="AdminReviewFields" seq="99999" />
		<row max="2000000000" validator="" description="Test Drop down Series" perUser="N" targetType="Review" type="Q" title="Product|Version|Area|Function" min="0" id="1073" category="AdminReviewFields" seq="99999" />
		<row max="1" validator="" description="" perUser="N" targetType="" type="C" title="enable-jira-new-integration" min="1" id="1112" category="System" seq="0" />
		<row max="0" validator="" description="" perUser="N" targetType="ReviewTemplate" type="L" title="DisabledRemoteSystemsLinking" min="0" id="1114" category="TemplateDisabledRemoteSystemsLinking" seq="0" />
		<row max="255" validator="" description="" perUser="N" targetType="User" type="S" title="dateFormatPattern" min="0" id="1129" category="SystemUserPrefs" seq="0" />
		<row max="255" validator="" description="" perUser="N" targetType="User" type="S" title="timeFormatPattern" min="0" id="1130" category="SystemUserPrefs" seq="0" />
		<row max="255" validator="" description="http://www.google.com&#13;&#10;&#13;&#10;My Info" perUser="N" targetType="Review" type="S" title="Mandatory on Phase - rework" min="1" id="1131" category="AdminReviewFields" seq="99999" />
		<row max="2000000000" validator="" description="" perUser="N" targetType="MetaDataDescription" type="I" title="Apply to Subitems" min="-2000000000" id="1162" category="ReviewCustomFieldProperties" seq="0" />
		<row max="2000000000" validator="" description="" perUser="N" targetType="MetaDataDescription" type="I" title="AllowReworkVisit" min="-2000000000" id="1163" category="ReviewCustomFieldProperties" seq="0" />
		<row max="1" validator="" description="" perUser="N" targetType="" type="C" title="enable-tfs-integration" min="1" id="1234" category="System" seq="0" />
		<row max="255" validator="" description="" perUser="N" targetType="Defect" type="S" title="dfg" min="0" id="1241" category="AdminDefectFields" seq="99999" />
		<row max="1" validator="" description="" perUser="N" targetType="" type="C" title="enable-sso" min="1" id="1246" category="System" seq="0" />
		<row max="255" validator="" description="" perUser="N" targetType="" type="S" title="sso-issues-url" min="0" id="1247" category="System" seq="0" />
		<row max="255" validator="" description="" perUser="N" targetType="" type="S" title="sso-login-endpoint" min="0" id="1248" category="System" seq="0" />
		<row max="255" validator="" description="" perUser="N" targetType="" type="S" title="sso-logout-endpoint" min="0" id="1249" category="System" seq="0" />
		<row max="4000" validator="" description="" perUser="N" targetType="" type="T" title="x509-certificate" min="0" id="1250" category="System" seq="0" />
		<row max="2000000000" validator="" description="" perUser="N" targetType="User" type="I" title="jiraDefaultProject" min="-2000000000" id="1353" category="SystemUserPrefs" seq="0" />
		<row max="2000000000" validator="" description="" perUser="N" targetType="User" type="I" title="itemCaptionContent" min="0" id="1354" category="SystemUserPrefs" seq="0" />
		<row max="4000" validator="" description="" perUser="N" targetType="User" type="T" title="recentReviewIds" min="0" id="1355" category="SystemUserPrefs" seq="0" />
		<row max="255" validator="" description="" perUser="N" targetType="" type="S" title="default-web-ui-theme-key" min="0" id="1356" category="System" seq="0" />
		<row max="255" validator="" description="" perUser="N" targetType="" type="S" title="ldap_display_name" min="0" id="1357" category="System" seq="0" />
		<row max="255" validator="" description="" perUser="N" targetType="" type="S" title="ldap_first_name" min="0" id="1358" category="System" seq="0" />
		<row max="255" validator="" description="" perUser="N" targetType="" type="S" title="ldap_last_name" min="0" id="1359" category="System" seq="0" />
		<row max="255" validator="" description="" perUser="N" targetType="" type="S" title="ldap_phone" min="0" id="1360" category="System" seq="0" />
		<row max="255" validator="" description="" perUser="N" targetType="" type="S" title="ldap_department" min="0" id="1361" category="System" seq="0" />
		<row max="255" validator="" description="" perUser="N" targetType="" type="S" title="ldap_email" min="0" id="1362" category="System" seq="0" />
		<row max="1" validator="" description="" perUser="N" targetType="" type="C" title="ldap-group-synchronize" min="1" id="1363" category="System" seq="0" />
		<row max="255" validator="" description="" perUser="Y" targetType="Review" type="S" title="Test" min="0" id="1364" category="AdminReviewParticipantFields" seq="-99999" />
		<row max="2000000000" validator="" description="" perUser="Y" targetType="Review" type="B" title="Responsibility" min="0" id="1365" category="AdminReviewParticipantFields" seq="-99998" />
		<row max="2000000000" validator="" description="" perUser="N" targetType="MetaDataDescription" type="I" title="Allowed to Modify" min="-2000000000" id="1366" category="ReviewCustomFieldProperties" seq="0" />
		<row max="255" validator="" description="" perUser="N" targetType="User" type="S" title="webUITheme" min="0" id="1367" category="SystemUserPrefs" seq="0" />
		<row max="4000" validator="" description="" perUser="Y" targetType="Review" type="T" title="Notes for Review Participants" min="0" id="1368" category="AdminReviewParticipantFields" seq="-99997" />
		<row max="2000000000" validator="" description="" perUser="Y" targetType="Review" type="Q" title="Product|Version|Area" min="0" id="1369" category="AdminReviewParticipantFields" seq="-99996" />
		<row max="2000000000" validator="" description="" perUser="Y" targetType="Review" type="M" title="Multi-Select List For Review Participant" min="0" id="1370" category="AdminReviewParticipantFields" seq="-99995" />
		<row max="1" validator="" description="" perUser="N" targetType="" type="C" title="enable-ldap-mapping" min="1" id="1371" category="System" seq="0" />
		<row max="1" validator="" description="" perUser="N" targetType="User" type="C" title="ignoreSequenceNumber" min="1" id="1372" category="SystemUserPrefs" seq="0" />
		<row max="0" validator="" description="" perUser="N" targetType="Checklist" type="L" title="ChecklistFields" min="0" id="1373" category="ChecklistCustomFields" seq="0" />
		<row max="255" validator="" description="" perUser="N" targetType="Checklist" type="S" title="Test" min="0" id="1374" category="AdminChecklistFields" seq="99999" />
		<row max="1" validator="" description="" perUser="N" targetType="" type="C" title="enable-sso-ldap-lookup" min="1" id="1375" category="System" seq="0" />
		<row max="255" validator="" description="" perUser="N" targetType="" type="S" title="sso_username_parameter" min="0" id="1376" category="System" seq="0" />
		<row max="0" validator="" description="" perUser="N" targetType="ReviewChecklistItem" type="L" title="ReviewChecklistItemFields" min="0" id="1377" category="ReviewChecklistItemCustomFields" seq="0" />
		<row max="4000" validator="" description="Chl ML" perUser="N" targetType="Checklist" type="T" title="Chl ML" min="0" id="1378" category="AdminChecklistFields" seq="99999" />
		<row max="255" validator="" description="" perUser="N" targetType="Checklist" type="S" title="Single-line" min="0" id="1379" category="AdminChecklistFields" seq="-99999" />
		<row max="4000" validator="" description="" perUser="N" targetType="Checklist" type="T" title="Multi-lines" min="0" id="1380" category="AdminChecklistFields" seq="-99998" />
		<row max="1" validator="" description="" perUser="N" targetType="User" type="C" title="searchReviewTitle" min="1" id="1381" category="SystemUserPrefs" seq="0" />
		<row max="1" validator="" description="" perUser="N" targetType="User" type="C" title="searchReviewCreator" min="1" id="1382" category="SystemUserPrefs" seq="0" />
		<row max="1" validator="" description="" perUser="N" targetType="User" type="C" title="searchReviewCustomFields" min="1" id="1383" category="SystemUserPrefs" seq="0" />
		<row max="1" validator="" description="" perUser="N" targetType="User" type="C" title="searchChangelistComments" min="1" id="1384" category="SystemUserPrefs" seq="0" />
		<row max="1" validator="" description="" perUser="N" targetType="User" type="C" title="searchChangelistAuthors" min="1" id="1385" category="SystemUserPrefs" seq="0" />
		<row max="1" validator="" description="" perUser="N" targetType="User" type="C" title="searchScmIdentifiers" min="1" id="1386" category="SystemUserPrefs" seq="0" />
		<row max="1" validator="" description="" perUser="N" targetType="User" type="C" title="searchFileNames" min="1" id="1387" category="SystemUserPrefs" seq="0" />
		<row max="1" validator="" description="" perUser="N" targetType="User" type="C" title="searchDefectText" min="1" id="1388" category="SystemUserPrefs" seq="0" />
		<row max="1" validator="" description="" perUser="N" targetType="User" type="C" title="searchDefectCustomFields" min="1" id="1389" category="SystemUserPrefs" seq="0" />
		<row max="1" validator="" description="" perUser="N" targetType="User" type="C" title="searchConversations" min="1" id="1390" category="SystemUserPrefs" seq="0" />
		<row max="1" validator="" description="" perUser="N" targetType="User" type="C" title="searchChecklistCustomFields" min="1" id="1391" category="SystemUserPrefs" seq="0" />
		<row max="1" validator="" description="" perUser="N" targetType="User" type="C" title="searchParticipantsCustomFields" min="1" id="1392" category="SystemUserPrefs" seq="0" />
		<row max="255" validator="" description="https://www.google.com/search?ei=TfBXW9qLFpHSsAWctbboBw&amp;q=truceted+j&amp;oq=truceted+j&amp;gs_l=psy-ab.3..33i160k1.5469.10033.0.10886.10.10.0.0.0.0.91.638.9.9.0....0...1.1.64.psy-ab..1.7.504...0j0i131k1j0i131i67k1j0i67k1j0i10k1.0.U9ScBsGb5Ks" perUser="Y" targetType="Review" type="S" title="test Link" min="0" id="1393" category="AdminReviewParticipantFields" seq="-99994" />
		<row max="255" validator="" description="" perUser="N" targetType="Review" type="S" title="Vitaly String" min="1" id="1394" category="AdminReviewFields" seq="99999" />
		<row max="2000000000" validator="" description="" perUser="N" targetType="User" type="I" title="notification_wait" min="0" id="1395" category="SystemUserPrefs" seq="0" />
		<row max="2000000000" validator="" description="" perUser="N" targetType="User" type="I" title="notification_sendto" min="0" id="1396" category="SystemUserPrefs" seq="0" />
		<row max="1" validator="" description="" perUser="N" targetType="" type="C" title="enable-new-ldap-group-creation" min="1" id="1397" category="System" seq="0" />
		<row max="255" validator="" description="" perUser="N" targetType="" type="S" title="ldap_group_creation_filter" min="0" id="1398" category="System" seq="0" />
		<row max="2000000000" validator="" description="" perUser="N" targetType="User" type="I" title="defaultScale" min="0" id="1399" category="SystemUserPrefs" seq="0" />
		<row max="4000" validator="" description="" perUser="N" targetType="Checklist" type="T" title="Notes" min="0" id="1400" category="AdminChecklistFields" seq="-99997" />
		<row max="255" validator="" description="A URL where you can play with the web server for this build in real time." perUser="N" targetType="Review" type="S" title="Demo Environment" min="0" id="1401" category="AdminReviewFields" seq="11" />
		<row max="255" validator="" description="A link where you can download the build artifacts for this commit." perUser="N" targetType="Review" type="S" title="Artifact Links" min="0" id="1402" category="AdminReviewFields" seq="10" />
		<row max="4000" validator="" description="" perUser="N" targetType="Review" type="T" title="ChangelistLog" min="0" id="1403" category="ReviewInternalFields" seq="0" />
	</rows>
</table>