<?xml version="1.1"?>
<table name="com.smartbear.ccollab.datamodel.FileMetricsData" nrows="2" ncols="8">
	<columns>
		<column name="linesRemoved" type="int" />
		<column name="linesModified" type="int" />
		<column name="versionId" type="int" />
		<column name="pages" type="int" />
		<column name="linesAdded" type="int" />
		<column name="linesDelta" type="int" />
		<column name="id" type="int" />
		<column name="lines" type="int" />
	</columns>
	<rows>
		<row linesRemoved="0" linesModified="0" versionId="256319" pages="0" linesAdded="922" linesDelta="922" id="254320" lines="922" />
		<row linesRemoved="0" linesModified="0" versionId="256320" pages="0" linesAdded="920" linesDelta="920" id="254321" lines="920" />
	</rows>
</table>