<?xml version="1.1"?>
<table name="com.smartbear.ccollab.datamodel.ReportFilterData" nrows="6" ncols="6">
	<columns>
		<column name="defaultValue" type="string" />
		<column name="className" type="string" />
		<column name="parameterName" type="string" />
		<column name="id" type="int" />
		<column name="reportTemplateId" type="int" />
		<column name="title" type="string" />
	</columns>
	<rows>
		<row defaultValue="" className="com.smartbear.ccollab.report.FilterLike" parameterName="UserLogin" id="3" reportTemplateId="1" title="User Login" />
		<row defaultValue="" className="com.smartbear.ccollab.report.FilterLike" parameterName="UserFullname" id="4" reportTemplateId="1" title="User Full Name" />
		<row defaultValue="" className="com.smartbear.ccollab.report.FilterLike" parameterName="ChangelistAuthor" id="5" reportTemplateId="3" title="Change List Author" />
		<row defaultValue="" className="com.smartbear.ccollab.report.FilterString" parameterName="ChangelistId" id="6" reportTemplateId="3" title="Changelist ID" />
		<row defaultValue="" className="com.smartbear.ccollab.report.FilterLike" parameterName="ChangelistAuthor" id="7" reportTemplateId="6" title="Author" />
		<row defaultValue="" className="com.smartbear.ccollab.report.FilterString" parameterName="ChangelistId" id="8" reportTemplateId="6" title="Changelist ID" />
	</rows>
</table>