<?xml version="1.1"?>
<table name="com.smartbear.ccollab.datamodel.GroupAdminsData" nrows="19" ncols="3">
	<columns>
		<column name="adminUserId" type="int" />
		<column name="id" type="int" />
		<column name="groupId" type="int" />
	</columns>
	<rows>
		<row adminUserId="106" id="4" groupId="13" />
		<row adminUserId="107" id="5" groupId="13" />
		<row adminUserId="83" id="6" groupId="13" />
		<row adminUserId="112" id="8" groupId="13" />
		<row adminUserId="113" id="9" groupId="19" />
		<row adminUserId="12" id="12" groupId="14" />
		<row adminUserId="59" id="15" groupId="1" />
		<row adminUserId="1" id="21" groupId="29" />
		<row adminUserId="141" id="23" groupId="37" />
		<row adminUserId="142" id="26" groupId="37" />
		<row adminUserId="143" id="28" groupId="36" />
		<row adminUserId="76" id="30" groupId="11" />
		<row adminUserId="170" id="35" groupId="4" />
		<row adminUserId="159" id="36" groupId="1" />
		<row adminUserId="163" id="37" groupId="16" />
		<row adminUserId="175" id="38" groupId="64" />
		<row adminUserId="313" id="41" groupId="13" />
		<row adminUserId="149" id="43" groupId="18" />
		<row adminUserId="330" id="45" groupId="67" />
	</rows>
</table>