<?xml version="1.1"?>
<table name="com.smartbear.ccollab.datamodel.ReviewData" nrows="1" ncols="11">
	<columns>
		<column name="ruleTemplate" type="string" />
		<column name="groupId" type="int" />
		<column name="phaseId" type="int" />
		<column name="creatorId" type="int" />
		<column name="title" type="string" />
		<column name="creationDate" type="date" />
		<column name="privateView" type="char" />
		<column name="checklistName" type="string" />
		<column name="id" type="int" />
		<column name="deadline" type="date" />
		<column name="customFieldTemplateId" type="int" />
	</columns>
	<rows>
		<row ruleTemplate="Standard" groupId="11" phaseId="5" creatorId="309" title="Github pull request #1337. (fixed) COLLAB-4958. Presenting search results after scrolling in DocumentDiffView was fixed." creationDate="2019-01-16T13:27:47UTC" privateView="N" checklistName="Quick Fix &amp; Maintenance Checklist" id="14132" deadline="2019-01-18T13:27:47UTC" customFieldTemplateId="123" />
	</rows>
</table>