<?xml version="1.1"?>
<table name="com.smartbear.ccollab.datamodel.NotificationData" nrows="22" ncols="13">
	<columns>
		<column name="severity" type="int" />
		<column name="calendar" type="char" />
		<column name="groupId" type="int" />
		<column name="creatorId" type="int" />
		<column name="title" type="string" />
		<column name="userId" type="int" />
		<column name="createdOn" type="date" />
		<column name="textPlain" type="string" />
		<column name="url" type="string" />
		<column name="textHtml" type="string" />
		<column name="ccList" type="string" />
		<column name="id" type="int" />
		<column name="reviewId" type="int" />
	</columns>
	<rows>
		<row severity="0" calendar="N" groupId="0" creatorId="154" title="Start inspection on new Review #14132" userId="126" createdOn="2019-01-17T07:45:53UTC" textPlain="You are a Review Process Lead for new Review #14132: &quot;Github pull request #1337. (fixed) COLLAB-4958. Presenting search results after scrolling in DocumentDiffView was fixed.&quot;.&#13;&#10;Created: Wed Jan 16 08:27:47 EST 2019 by Alexander Serzhanov&#13;&#10;Deadline: 2019-01-18 (due in 1 day)&#13;&#10;Workflow: Maintenance Workflow&#13;&#10;Defect Log: 0 Total Defects: 0 Open; 0 Fixed; 0 External.&#10;" url="http://collab.aus.smartbear.com/go?page=ReviewDisplay&amp;reviewid=14132" textHtml="" ccList="" id="177471" reviewId="14132" />
		<row severity="0" calendar="N" groupId="0" creatorId="154" title="Start inspection on new Review #14132" userId="154" createdOn="2019-01-17T07:45:53UTC" textPlain="You are a Reviewer for new Review #14132: &quot;Github pull request #1337. (fixed) COLLAB-4958. Presenting search results after scrolling in DocumentDiffView was fixed.&quot;.&#13;&#10;Created: Wed Jan 16 16:27:47 MSK 2019 by Alexander Serzhanov&#13;&#10;Deadline: 2019-01-18 (due in 1 day)&#13;&#10;Workflow: Maintenance Workflow&#13;&#10;Defect Log: 0 Total Defects: 0 Open; 0 Fixed; 0 External.&#10;" url="http://collab.aus.smartbear.com/go?page=ReviewDisplay&amp;reviewid=14132" textHtml="" ccList="" id="177469" reviewId="14132" />
		<row severity="0" calendar="N" groupId="0" creatorId="0" title="Review #14132: &quot;Github pull request #1337. (fixed) COLLAB-4958. Presenting search results after scrolling in DocumentDiffView was fixed.&quot; is approaching the Deadline: 2019-01-18 (due in 1 day) and needs your attention" userId="154" createdOn="2019-01-17T13:31:52UTC" textPlain="Review #14132 has not been completed and is approaching the Deadline: 2019-01-18 (due in 1 day).  Your role of Reviewer means your approval is required before the review is complete.&#10;&#10;Please visit Review #14132 as soon as you can.&#10;Created: Wed Jan 16 16:27:47 MSK 2019 by Alexander Serzhanov&#10;Deadline: 2019-01-18 (due in 1 day)&#10;Workflow: Maintenance Workflow&#10;Defect Log: 0 Total Defects: 0 Open; 0 Fixed; 0 External.&#10;&#10;" url="http://collab.aus.smartbear.com/go?page=ReviewDisplay&amp;reviewid=14132" textHtml="" ccList="" id="177481" reviewId="14132" />
		<row severity="0" calendar="N" groupId="0" creatorId="0" title="Review #14132: &quot;Github pull request #1337. (fixed) COLLAB-4958. Presenting search results after scrolling in DocumentDiffView was fixed.&quot; is approaching the Deadline: 2019-01-18 (due today) and needs your attention" userId="154" createdOn="2019-01-18T01:41:52UTC" textPlain="Review #14132 has not been completed and is approaching the Deadline: 2019-01-18 (due today).  Your role of Reviewer means your approval is required before the review is complete.&#10;&#10;Please visit Review #14132 as soon as you can.&#10;Created: Wed Jan 16 16:27:47 MSK 2019 by Alexander Serzhanov&#10;Deadline: 2019-01-18 (due today)&#10;Workflow: Maintenance Workflow&#10;Defect Log: 0 Total Defects: 0 Open; 0 Fixed; 0 External.&#10;&#10;" url="http://collab.aus.smartbear.com/go?page=ReviewDisplay&amp;reviewid=14132" textHtml="" ccList="" id="177492" reviewId="14132" />
		<row severity="0" calendar="N" groupId="0" creatorId="0" title="Review #14132: &quot;Github pull request #1337. (fixed) COLLAB-4958. Presenting search results after scrolling in DocumentDiffView was fixed.&quot; is approaching the Deadline: 2019-01-18 (due today) and needs your attention" userId="154" createdOn="2019-01-18T13:41:56UTC" textPlain="Review #14132 has not been completed and is approaching the Deadline: 2019-01-18 (due today).  Your role of Reviewer means your approval is required before the review is complete.&#10;&#10;Please visit Review #14132 as soon as you can.&#10;Created: Wed Jan 16 16:27:47 MSK 2019 by Alexander Serzhanov&#10;Deadline: 2019-01-18 (due today)&#10;Workflow: Maintenance Workflow&#10;Defect Log: 0 Total Defects: 0 Open; 0 Fixed; 0 External.&#10;&#10;" url="http://collab.aus.smartbear.com/go?page=ReviewDisplay&amp;reviewid=14132" textHtml="" ccList="" id="177507" reviewId="14132" />
		<row severity="0" calendar="N" groupId="0" creatorId="0" title="Review #14132: &quot;Github pull request #1337. (fixed) COLLAB-4958. Presenting search results after scrolling in DocumentDiffView was fixed.&quot; needs your attention" userId="154" createdOn="2019-01-19T01:51:56UTC" textPlain="Review #14132 has not been completed and needs your attention.  Your role of Reviewer means your approval is required before the review is complete.&#13;&#10;&#13;&#10;Please visit Review #14132 as soon as you can.&#13;&#10;Created: Wed Jan 16 16:27:47 MSK 2019 by Alexander Serzhanov&#13;&#10;Deadline: 2019-01-18 (overdue)&#13;&#10;Workflow: Maintenance Workflow&#13;&#10;Defect Log: 0 Total Defects: 0 Open; 0 Fixed; 0 External.&#10;" url="http://collab.aus.smartbear.com/go?page=ReviewDisplay&amp;reviewid=14132" textHtml="" ccList="" id="177526" reviewId="14132" />
		<row severity="0" calendar="N" groupId="0" creatorId="0" title="Review #14132: &quot;Github pull request #1337. (fixed) COLLAB-4958. Presenting search results after scrolling in DocumentDiffView was fixed.&quot; is approaching the Deadline: 2019-01-18 (overdue) and needs your attention" userId="154" createdOn="2019-01-19T01:51:56UTC" textPlain="Review #14132 has not been completed and is approaching the Deadline: 2019-01-18 (overdue).  Your role of Reviewer means your approval is required before the review is complete.&#10;&#10;Please visit Review #14132 as soon as you can.&#10;Created: Wed Jan 16 16:27:47 MSK 2019 by Alexander Serzhanov&#10;Deadline: 2019-01-18 (overdue)&#10;Workflow: Maintenance Workflow&#10;Defect Log: 0 Total Defects: 0 Open; 0 Fixed; 0 External.&#10;&#10;" url="http://collab.aus.smartbear.com/go?page=ReviewDisplay&amp;reviewid=14132" textHtml="" ccList="" id="177527" reviewId="14132" />
		<row severity="0" calendar="N" groupId="0" creatorId="0" title="Review #14132: &quot;Github pull request #1337. (fixed) COLLAB-4958. Presenting search results after scrolling in DocumentDiffView was fixed.&quot; needs your attention" userId="154" createdOn="2019-01-19T13:52:00UTC" textPlain="Review #14132 has not been completed and needs your attention.  Your role of Reviewer means your approval is required before the review is complete.&#13;&#10;&#13;&#10;Please visit Review #14132 as soon as you can.&#13;&#10;Created: Wed Jan 16 16:27:47 MSK 2019 by Alexander Serzhanov&#13;&#10;Deadline: 2019-01-18 (overdue)&#13;&#10;Workflow: Maintenance Workflow&#13;&#10;Defect Log: 0 Total Defects: 0 Open; 0 Fixed; 0 External.&#10;" url="http://collab.aus.smartbear.com/go?page=ReviewDisplay&amp;reviewid=14132" textHtml="" ccList="" id="177538" reviewId="14132" />
		<row severity="0" calendar="N" groupId="0" creatorId="0" title="Review #14132: &quot;Github pull request #1337. (fixed) COLLAB-4958. Presenting search results after scrolling in DocumentDiffView was fixed.&quot; is approaching the Deadline: 2019-01-18 (overdue) and needs your attention" userId="154" createdOn="2019-01-19T13:52:00UTC" textPlain="Review #14132 has not been completed and is approaching the Deadline: 2019-01-18 (overdue).  Your role of Reviewer means your approval is required before the review is complete.&#10;&#10;Please visit Review #14132 as soon as you can.&#10;Created: Wed Jan 16 16:27:47 MSK 2019 by Alexander Serzhanov&#10;Deadline: 2019-01-18 (overdue)&#10;Workflow: Maintenance Workflow&#10;Defect Log: 0 Total Defects: 0 Open; 0 Fixed; 0 External.&#10;&#10;" url="http://collab.aus.smartbear.com/go?page=ReviewDisplay&amp;reviewid=14132" textHtml="" ccList="" id="177539" reviewId="14132" />
		<row severity="0" calendar="N" groupId="0" creatorId="0" title="Review #14132: &quot;Github pull request #1337. (fixed) COLLAB-4958. Presenting search results after scrolling in DocumentDiffView was fixed.&quot; needs your attention" userId="154" createdOn="2019-01-20T02:02:00UTC" textPlain="Review #14132 has not been completed and needs your attention.  Your role of Reviewer means your approval is required before the review is complete.&#13;&#10;&#13;&#10;Please visit Review #14132 as soon as you can.&#13;&#10;Created: Wed Jan 16 16:27:47 MSK 2019 by Alexander Serzhanov&#13;&#10;Deadline: 2019-01-18 (overdue)&#13;&#10;Workflow: Maintenance Workflow&#13;&#10;Defect Log: 0 Total Defects: 0 Open; 0 Fixed; 0 External.&#10;" url="http://collab.aus.smartbear.com/go?page=ReviewDisplay&amp;reviewid=14132" textHtml="" ccList="" id="177550" reviewId="14132" />
		<row severity="0" calendar="N" groupId="0" creatorId="0" title="Review #14132: &quot;Github pull request #1337. (fixed) COLLAB-4958. Presenting search results after scrolling in DocumentDiffView was fixed.&quot; is approaching the Deadline: 2019-01-18 (overdue) and needs your attention" userId="154" createdOn="2019-01-20T02:02:00UTC" textPlain="Review #14132 has not been completed and is approaching the Deadline: 2019-01-18 (overdue).  Your role of Reviewer means your approval is required before the review is complete.&#10;&#10;Please visit Review #14132 as soon as you can.&#10;Created: Wed Jan 16 16:27:47 MSK 2019 by Alexander Serzhanov&#10;Deadline: 2019-01-18 (overdue)&#10;Workflow: Maintenance Workflow&#10;Defect Log: 0 Total Defects: 0 Open; 0 Fixed; 0 External.&#10;&#10;" url="http://collab.aus.smartbear.com/go?page=ReviewDisplay&amp;reviewid=14132" textHtml="" ccList="" id="177551" reviewId="14132" />
		<row severity="0" calendar="N" groupId="0" creatorId="0" title="Review #14132: &quot;Github pull request #1337. (fixed) COLLAB-4958. Presenting search results after scrolling in DocumentDiffView was fixed.&quot; needs your attention" userId="154" createdOn="2019-01-20T14:02:06UTC" textPlain="Review #14132 has not been completed and needs your attention.  Your role of Reviewer means your approval is required before the review is complete.&#13;&#10;&#13;&#10;Please visit Review #14132 as soon as you can.&#13;&#10;Created: Wed Jan 16 16:27:47 MSK 2019 by Alexander Serzhanov&#13;&#10;Deadline: 2019-01-18 (overdue)&#13;&#10;Workflow: Maintenance Workflow&#13;&#10;Defect Log: 0 Total Defects: 0 Open; 0 Fixed; 0 External.&#10;" url="http://collab.aus.smartbear.com/go?page=ReviewDisplay&amp;reviewid=14132" textHtml="" ccList="" id="177562" reviewId="14132" />
		<row severity="0" calendar="N" groupId="0" creatorId="0" title="Review #14132: &quot;Github pull request #1337. (fixed) COLLAB-4958. Presenting search results after scrolling in DocumentDiffView was fixed.&quot; is approaching the Deadline: 2019-01-18 (overdue) and needs your attention" userId="154" createdOn="2019-01-20T14:02:06UTC" textPlain="Review #14132 has not been completed and is approaching the Deadline: 2019-01-18 (overdue).  Your role of Reviewer means your approval is required before the review is complete.&#10;&#10;Please visit Review #14132 as soon as you can.&#10;Created: Wed Jan 16 16:27:47 MSK 2019 by Alexander Serzhanov&#10;Deadline: 2019-01-18 (overdue)&#10;Workflow: Maintenance Workflow&#10;Defect Log: 0 Total Defects: 0 Open; 0 Fixed; 0 External.&#10;&#10;" url="http://collab.aus.smartbear.com/go?page=ReviewDisplay&amp;reviewid=14132" textHtml="" ccList="" id="177563" reviewId="14132" />
		<row severity="0" calendar="N" groupId="0" creatorId="0" title="Review #14132: &quot;Github pull request #1337. (fixed) COLLAB-4958. Presenting search results after scrolling in DocumentDiffView was fixed.&quot; is approaching the Deadline: 2019-01-18 (overdue) and needs your attention" userId="154" createdOn="2019-01-21T02:12:06UTC" textPlain="Review #14132 has not been completed and is approaching the Deadline: 2019-01-18 (overdue).  Your role of Reviewer means your approval is required before the review is complete.&#10;&#10;Please visit Review #14132 as soon as you can.&#10;Created: Wed Jan 16 16:27:47 MSK 2019 by Alexander Serzhanov&#10;Deadline: 2019-01-18 (overdue)&#10;Workflow: Maintenance Workflow&#10;Defect Log: 0 Total Defects: 0 Open; 0 Fixed; 0 External.&#10;&#10;" url="http://collab.aus.smartbear.com/go?page=ReviewDisplay&amp;reviewid=14132" textHtml="" ccList="" id="177574" reviewId="14132" />
		<row severity="0" calendar="N" groupId="0" creatorId="0" title="Review #14132: &quot;Github pull request #1337. (fixed) COLLAB-4958. Presenting search results after scrolling in DocumentDiffView was fixed.&quot; needs your attention" userId="154" createdOn="2019-01-21T02:12:06UTC" textPlain="Review #14132 has not been completed and needs your attention.  Your role of Reviewer means your approval is required before the review is complete.&#13;&#10;&#13;&#10;Please visit Review #14132 as soon as you can.&#13;&#10;Created: Wed Jan 16 16:27:47 MSK 2019 by Alexander Serzhanov&#13;&#10;Deadline: 2019-01-18 (overdue)&#13;&#10;Workflow: Maintenance Workflow&#13;&#10;Defect Log: 0 Total Defects: 0 Open; 0 Fixed; 0 External.&#10;" url="http://collab.aus.smartbear.com/go?page=ReviewDisplay&amp;reviewid=14132" textHtml="" ccList="" id="177575" reviewId="14132" />
		<row severity="0" calendar="N" groupId="0" creatorId="0" title="Review #14132: &quot;Github pull request #1337. (fixed) COLLAB-4958. Presenting search results after scrolling in DocumentDiffView was fixed.&quot; needs your attention" userId="154" createdOn="2019-01-21T14:22:06UTC" textPlain="Review #14132 has not been completed and needs your attention.  Your role of Reviewer means your approval is required before the review is complete.&#13;&#10;&#13;&#10;Please visit Review #14132 as soon as you can.&#13;&#10;Created: Wed Jan 16 16:27:47 MSK 2019 by Alexander Serzhanov&#13;&#10;Deadline: 2019-01-18 (overdue)&#13;&#10;Workflow: Maintenance Workflow&#13;&#10;Defect Log: 0 Total Defects: 0 Open; 0 Fixed; 0 External.&#10;" url="http://collab.aus.smartbear.com/go?page=ReviewDisplay&amp;reviewid=14132" textHtml="" ccList="" id="177595" reviewId="14132" />
		<row severity="0" calendar="N" groupId="0" creatorId="0" title="Review #14132: &quot;Github pull request #1337. (fixed) COLLAB-4958. Presenting search results after scrolling in DocumentDiffView was fixed.&quot; is approaching the Deadline: 2019-01-18 (overdue) and needs your attention" userId="154" createdOn="2019-01-21T14:22:06UTC" textPlain="Review #14132 has not been completed and is approaching the Deadline: 2019-01-18 (overdue).  Your role of Reviewer means your approval is required before the review is complete.&#10;&#10;Please visit Review #14132 as soon as you can.&#10;Created: Wed Jan 16 16:27:47 MSK 2019 by Alexander Serzhanov&#10;Deadline: 2019-01-18 (overdue)&#10;Workflow: Maintenance Workflow&#10;Defect Log: 0 Total Defects: 0 Open; 0 Fixed; 0 External.&#10;&#10;" url="http://collab.aus.smartbear.com/go?page=ReviewDisplay&amp;reviewid=14132" textHtml="" ccList="" id="177596" reviewId="14132" />
		<row severity="0" calendar="N" groupId="0" creatorId="0" title="Review #14132 complete and contains unread messages" userId="154" createdOn="2019-01-21T15:09:04UTC" textPlain="Review #14132: &quot;Github pull request #1337. (fixed) COLLAB-4958. Presenting search results after scrolling in DocumentDiffView was fixed.&quot; is complete and contains unread messages.&#10;Thank you for participating.&#10;Created: Wed Jan 16 16:27:47 MSK 2019 by Alexander Serzhanov&#10;Deadline: N/A&#10;Workflow: Maintenance Workflow&#10;Defect Log: 0 Total Defects: 0 Open; 0 Fixed; 0 External.&#10;&#10;" url="http://collab.aus.smartbear.com/go?page=ReviewDisplay&amp;reviewid=14132" textHtml="" ccList="" id="177609" reviewId="14132" />
		<row severity="0" calendar="N" groupId="0" creatorId="1" title="Review #14132 is open for annotation." userId="309" createdOn="2019-01-16T13:27:49UTC" textPlain="You are a Author for Review #14132: &quot;Github pull request #1337. (fixed) COLLAB-4958. Presenting search results after scrolling in DocumentDiffView was fixed.&quot; which is now in the Annotating phase.  You are invited to add comments and materials before the inspection begins.&#10;Created: Wed Jan 16 13:27:47 UTC 2019 by Alexander Serzhanov&#10;Deadline: 2019-01-18&#10;Workflow: Maintenance Workflow&#10;Defect Log: 0 Total Defects: 0 Open; 0 Fixed; 0 External.&#10;&#10;" url="http://collab.aus.smartbear.com/go?page=ReviewDisplay&amp;reviewid=14132" textHtml="" ccList="" id="177443" reviewId="14132" />
		<row severity="0" calendar="N" groupId="0" creatorId="154" title="Start inspection on new Review #14132" userId="309" createdOn="2019-01-17T07:45:53UTC" textPlain="You are a Author for new Review #14132: &quot;Github pull request #1337. (fixed) COLLAB-4958. Presenting search results after scrolling in DocumentDiffView was fixed.&quot;.&#10;Created: Wed Jan 16 13:27:47 UTC 2019 by Alexander Serzhanov&#10;Deadline: 2019-01-18 (due in 1 day)&#10;Workflow: Maintenance Workflow&#10;Defect Log: 0 Total Defects: 0 Open; 0 Fixed; 0 External.&#10;&#10;" url="http://collab.aus.smartbear.com/go?page=ReviewDisplay&amp;reviewid=14132" textHtml="" ccList="" id="177468" reviewId="14132" />
		<row severity="0" calendar="N" groupId="0" creatorId="154" title="Respond to new chat in Review #14132" userId="309" createdOn="2019-01-17T07:46:36UTC" textPlain="Vitaly Sheyneman has commented in Review #14132: &quot;Github pull request #1337. (fixed) COLLAB-4958. Presenting search results after scrolling in DocumentDiffView was fixed.&quot;.  You will need to read the comments and respond if appropriate.&#10;Created: Wed Jan 16 13:27:47 UTC 2019 by Alexander Serzhanov&#10;Deadline: 2019-01-18 (due in 1 day)&#10;Workflow: Maintenance Workflow&#10;Defect Log: 0 Total Defects: 0 Open; 0 Fixed; 0 External.&#10;&#10;" url="http://collab.aus.smartbear.com/go?page=ReviewDisplay&amp;reviewid=14132" textHtml="" ccList="" id="177474" reviewId="14132" />
		<row severity="0" calendar="N" groupId="0" creatorId="0" title="Review #14132 complete and contains unread messages" userId="309" createdOn="2019-01-21T15:09:04UTC" textPlain="Review #14132: &quot;Github pull request #1337. (fixed) COLLAB-4958. Presenting search results after scrolling in DocumentDiffView was fixed.&quot; is complete and there are messages that have not been read.&#10;Created: Wed Jan 16 13:27:47 UTC 2019 by Alexander Serzhanov&#10;Deadline: N/A&#10;Workflow: Maintenance Workflow&#10;Defect Log: 0 Total Defects: 0 Open; 0 Fixed; 0 External.&#10;&#10;" url="http://collab.aus.smartbear.com/go?page=ReviewDisplay&amp;reviewid=14132" textHtml="" ccList="" id="177608" reviewId="14132" />
	</rows>
</table>