<?xml version="1.1"?>
<table name="com.smartbear.ccollab.datamodel.ReviewEventData" nrows="37" ncols="6">
	<columns>
		<column name="eventTypeId" type="int" />
		<column name="occurredAt" type="int" />
		<column name="id" type="int" />
		<column name="ref2Id" type="int" />
		<column name="reviewId" type="int" />
		<column name="ref1Id" type="int" />
	</columns>
	<rows>
		<row eventTypeId="3" occurredAt="1547645267" id="107864" ref2Id="52" reviewId="14132" ref1Id="337" />
		<row eventTypeId="2" occurredAt="1547645267" id="107865" ref2Id="337" reviewId="14132" ref1Id="131" />
		<row eventTypeId="3" occurredAt="1547645267" id="107866" ref2Id="52" reviewId="14132" ref1Id="342" />
		<row eventTypeId="2" occurredAt="1547645267" id="107867" ref2Id="342" reviewId="14132" ref1Id="130" />
		<row eventTypeId="3" occurredAt="1547645267" id="107868" ref2Id="52" reviewId="14132" ref1Id="135" />
		<row eventTypeId="2" occurredAt="1547645267" id="107869" ref2Id="135" reviewId="14132" ref1Id="132" />
		<row eventTypeId="3" occurredAt="1547645267" id="107870" ref2Id="52" reviewId="14132" ref1Id="76" />
		<row eventTypeId="2" occurredAt="1547645267" id="107871" ref2Id="76" reviewId="14132" ref1Id="140" />
		<row eventTypeId="3" occurredAt="1547645267" id="107872" ref2Id="49" reviewId="14132" ref1Id="126" />
		<row eventTypeId="2" occurredAt="1547645267" id="107873" ref2Id="126" reviewId="14132" ref1Id="139" />
		<row eventTypeId="3" occurredAt="1547645267" id="107874" ref2Id="52" reviewId="14132" ref1Id="335" />
		<row eventTypeId="2" occurredAt="1547645267" id="107875" ref2Id="335" reviewId="14132" ref1Id="137" />
		<row eventTypeId="11" occurredAt="1547645267" id="107876" ref2Id="69" reviewId="14132" ref1Id="51" />
		<row eventTypeId="13" occurredAt="1547645267" id="107877" ref2Id="69" reviewId="14132" ref1Id="134" />
		<row eventTypeId="11" occurredAt="1547645267" id="107878" ref2Id="70" reviewId="14132" ref1Id="49" />
		<row eventTypeId="13" occurredAt="1547645267" id="107879" ref2Id="70" reviewId="14132" ref1Id="135" />
		<row eventTypeId="11" occurredAt="1547645267" id="107880" ref2Id="71" reviewId="14132" ref1Id="52" />
		<row eventTypeId="13" occurredAt="1547645267" id="107881" ref2Id="71" reviewId="14132" ref1Id="141" />
		<row eventTypeId="3" occurredAt="1547645267" id="107882" ref2Id="0" reviewId="14132" ref1Id="76" />
		<row eventTypeId="3" occurredAt="1547645267" id="107883" ref2Id="0" reviewId="14132" ref1Id="126" />
		<row eventTypeId="3" occurredAt="1547645267" id="107884" ref2Id="0" reviewId="14132" ref1Id="135" />
		<row eventTypeId="3" occurredAt="1547645267" id="107885" ref2Id="0" reviewId="14132" ref1Id="335" />
		<row eventTypeId="3" occurredAt="1547645267" id="107886" ref2Id="0" reviewId="14132" ref1Id="337" />
		<row eventTypeId="3" occurredAt="1547645267" id="107887" ref2Id="0" reviewId="14132" ref1Id="342" />
		<row eventTypeId="9" occurredAt="1547645268" id="107888" ref2Id="309" reviewId="14132" ref1Id="95957" />
		<row eventTypeId="3" occurredAt="1547645268" id="107889" ref2Id="50" reviewId="14132" ref1Id="309" />
		<row eventTypeId="4" occurredAt="1547645269" id="107890" ref2Id="8" reviewId="14132" ref1Id="1" />
		<row eventTypeId="12" occurredAt="1547660520" id="107891" ref2Id="70" reviewId="14132" ref1Id="49" />
		<row eventTypeId="12" occurredAt="1547711153" id="107892" ref2Id="69" reviewId="14132" ref1Id="51" />
		<row eventTypeId="4" occurredAt="1547711153" id="107893" ref2Id="2" reviewId="14132" ref1Id="8" />
		<row eventTypeId="6" occurredAt="1547711153" id="107894" ref2Id="87" reviewId="14132" ref1Id="309" />
		<row eventTypeId="6" occurredAt="1547711153" id="107895" ref2Id="65" reviewId="14132" ref1Id="154" />
		<row eventTypeId="6" occurredAt="1547711153" id="107896" ref2Id="65" reviewId="14132" ref1Id="126" />
		<row eventTypeId="6" occurredAt="1547711196" id="107897" ref2Id="65" reviewId="14132" ref1Id="309" />
		<row eventTypeId="6" occurredAt="1548083344" id="108002" ref2Id="70" reviewId="14132" ref1Id="154" />
		<row eventTypeId="4" occurredAt="1548083344" id="108003" ref2Id="5" reviewId="14132" ref1Id="2" />
		<row eventTypeId="6" occurredAt="1548083344" id="108004" ref2Id="67" reviewId="14132" ref1Id="309" />
	</rows>
</table>