<?xml version="1.1"?>
<table name="com.smartbear.ccollab.datamodel.VersionData" nrows="2" ncols="11">
	<columns>
		<column name="contentMd5" type="string" />
		<column name="hide" type="int" />
		<column name="prevVersionId" type="int" />
		<column name="filePath" type="string" />
		<column name="changeType" type="char" />
		<column name="changelistId" type="int" />
		<column name="changelistCommitId" type="int" />
		<column name="id" type="int" />
		<column name="scmVersionName" type="string" />
		<column name="localFilePath" type="string" />
		<column name="localType" type="char" />
	</columns>
	<rows>
		<row contentMd5="407dbdc589092e4a27533fd26f32c8dc" hide="0" prevVersionId="256320" filePath="collab-webclient/src/main/java/com/smartbear/ccollab/webclient/reviewfile/diff/document/DocumentDiffActivity.java" changeType="M" changelistId="95957" changelistCommitId="0" id="256319" scmVersionName="4827c27778f4fa5ea9614210a4b1666c096e5d66" localFilePath="" localType="C" />
		<row contentMd5="9854dd60647faf5f21b1de55d5577387" hide="0" prevVersionId="0" filePath="collab-webclient/src/main/java/com/smartbear/ccollab/webclient/reviewfile/diff/document/DocumentDiffActivity.java" changeType="M" changelistId="95958" changelistCommitId="0" id="256320" scmVersionName="9d40374bf58d19947ebaf9b7a87443834e2bdff8" localFilePath="" localType="C" />
	</rows>
</table>