<?xml version="1.1"?>
<table name="com.smartbear.ccollab.datamodel.ChangelistData" nrows="2" ncols="12">
	<columns>
		<column name="localGuid" type="string" />
		<column name="date" type="date" />
		<column name="valid" type="char" />
		<column name="upstream" type="char" />
		<column name="author" type="string" />
		<column name="merge" type="char" />
		<column name="comment" type="string" />
		<column name="id" type="int" />
		<column name="scmId" type="int" />
		<column name="uploadedDate" type="date" />
		<column name="hostGuid" type="string" />
		<column name="scmIdentifier" type="string" />
	</columns>
	<rows>
		<row localGuid="" date="2019-01-16T13:26:38UTC" valid="Y" upstream="N" author="alexander.serzhanov" merge="N" comment="(fixed) COLLAB-4958. Presenting search results after scrolling in DocumentDiffView was fixed." id="95957" scmId="270" uploadedDate="2019-01-16T13:27:48UTC" hostGuid="aec2b7a84db47d86e70aeb0d305d10b2" scmIdentifier="4827c27778f4fa5ea9614210a4b16..." />
		<row localGuid="" date="2019-01-11T14:59:40UTC" valid="Y" upstream="N" author="alexander.serzhanov" merge="N" comment="" id="95958" scmId="270" uploadedDate="2019-01-16T13:27:48UTC" hostGuid="aec2b7a84db47d86e70aeb0d305d10b2" scmIdentifier="9d40374bf58d19947ebaf9b7a8744..." />
	</rows>
</table>