<?xml version="1.1"?>
<table name="com.smartbear.ccollab.datamodel.ReviewChecklistItemData" nrows="7" ncols="6">
	<columns>
		<column name="lastUpdated" type="date" />
		<column name="actorId" type="int" />
		<column name="id" type="int" />
		<column name="title" type="string" />
		<column name="reviewId" type="int" />
		<column name="isChecked" type="char" />
	</columns>
	<rows>
		<row lastUpdated="2019-01-21T15:08:56UTC" actorId="154" id="5767" title="Justin or Rick knows that you are making this change, and why." reviewId="14132" isChecked="Y" />
		<row lastUpdated="2019-01-21T15:08:55UTC" actorId="154" id="5768" title="Documentation Team Sign-Off (for version history.)" reviewId="14132" isChecked="Y" />
		<row lastUpdated="2019-01-17T07:46:45UTC" actorId="154" id="5769" title="Unit Tests Approved by Dev - https://tinyurl.com/ydhd58zh" reviewId="14132" isChecked="Y" />
		<row lastUpdated="2019-01-17T07:46:36UTC" actorId="154" id="5770" title="Commits are squashed if necessary: https://tinyurl.com/y8wlloju" reviewId="14132" isChecked="Y" />
		<row lastUpdated="2019-01-17T07:46:37UTC" actorId="154" id="5771" title="Branch name and commit message conform to standard: https://tinyurl.com/yc79tkmo" reviewId="14132" isChecked="Y" />
		<row lastUpdated="2019-01-17T07:46:41UTC" actorId="154" id="5772" title="General code style follows internal guide: https://tinyurl.com/ybbmjb5c" reviewId="14132" isChecked="Y" />
		<row lastUpdated="2019-01-17T07:50:47UTC" actorId="154" id="5773" title="Change package meets DoD and is ready to merge: https://tinyurl.com/yas457gl" reviewId="14132" isChecked="Y" />
	</rows>
</table>